Installing packages into ‘/usr/local/lib/R/site-library’
(as ‘lib’ is unspecified)
also installing the dependencies ‘ragg’, ‘BH’, ‘pak’, ‘pkgdown’, ‘httr’, ‘lazyeval’, ‘crosstalk’, ‘data.table’, ‘hunspell’, ‘rex’, ‘anytime’

trying URL 'https://cloud.r-project.org/src/contrib/ragg_1.5.2.tar.gz'
Content type 'application/x-gzip' length 438353 bytes (428 KB)
==================================================
downloaded 428 KB

trying URL 'https://cloud.r-project.org/src/contrib/BH_1.90.0-1.tar.gz'
Content type 'application/x-gzip' length 14307014 bytes (13.6 MB)
==================================================
downloaded 13.6 MB

trying URL 'https://cloud.r-project.org/src/contrib/pak_0.9.2.tar.gz'
Content type 'application/x-gzip' length 3328805 bytes (3.2 MB)
==================================================
downloaded 3.2 MB

trying URL 'https://cloud.r-project.org/src/contrib/pkgdown_2.2.0.tar.gz'
Content type 'application/x-gzip' length 1280630 bytes (1.2 MB)
==================================================
downloaded 1.2 MB

trying URL 'https://cloud.r-project.org/src/contrib/httr_1.4.8.tar.gz'
Content type 'application/x-gzip' length 113914 bytes (111 KB)
==================================================
downloaded 111 KB

trying URL 'https://cloud.r-project.org/src/contrib/lazyeval_0.2.2.tar.gz'
Content type 'application/x-gzip' length 83482 bytes (81 KB)
==================================================
downloaded 81 KB

trying URL 'https://cloud.r-project.org/src/contrib/crosstalk_1.2.2.tar.gz'
Content type 'application/x-gzip' length 297847 bytes (290 KB)
==================================================
downloaded 290 KB

trying URL 'https://cloud.r-project.org/src/contrib/data.table_1.18.2.1.tar.gz'
Content type 'application/x-gzip' length 6023973 bytes (5.7 MB)
==================================================
downloaded 5.7 MB

trying URL 'https://cloud.r-project.org/src/contrib/hunspell_3.0.6.tar.gz'
Content type 'application/x-gzip' length 3214078 bytes (3.1 MB)
==================================================
downloaded 3.1 MB

trying URL 'https://cloud.r-project.org/src/contrib/rex_1.2.2.tar.gz'
Content type 'application/x-gzip' length 91288 bytes (89 KB)
==================================================
downloaded 89 KB

trying URL 'https://cloud.r-project.org/src/contrib/anytime_0.3.12.tar.gz'
Content type 'application/x-gzip' length 201692 bytes (196 KB)
==================================================
downloaded 196 KB

trying URL 'https://cloud.r-project.org/src/contrib/devtools_2.5.0.tar.gz'
Content type 'application/x-gzip' length 410280 bytes (400 KB)
==================================================
downloaded 400 KB

trying URL 'https://cloud.r-project.org/src/contrib/testthat_3.3.2.tar.gz'
Content type 'application/x-gzip' length 834043 bytes (814 KB)
==================================================
downloaded 814 KB

trying URL 'https://cloud.r-project.org/src/contrib/plotly_4.12.0.tar.gz'
Content type 'application/x-gzip' length 4614623 bytes (4.4 MB)
==================================================
downloaded 4.4 MB

trying URL 'https://cloud.r-project.org/src/contrib/knitr_1.51.tar.gz'
Content type 'application/x-gzip' length 483744 bytes (472 KB)
==================================================
downloaded 472 KB

trying URL 'https://cloud.r-project.org/src/contrib/rmarkdown_2.31.tar.gz'
Content type 'application/x-gzip' length 2199845 bytes (2.1 MB)
==================================================
downloaded 2.1 MB

trying URL 'https://cloud.r-project.org/src/contrib/vdiffr_1.0.9.tar.gz'
Content type 'application/x-gzip' length 102429 bytes (100 KB)
==================================================
downloaded 100 KB

trying URL 'https://cloud.r-project.org/src/contrib/spelling_2.3.2.tar.gz'
Content type 'application/x-gzip' length 11800 bytes (11 KB)
==================================================
downloaded 11 KB

trying URL 'https://cloud.r-project.org/src/contrib/covr_3.6.5.tar.gz'
Content type 'application/x-gzip' length 173724 bytes (169 KB)
==================================================
downloaded 169 KB

trying URL 'https://cloud.r-project.org/src/contrib/stringr_1.6.0.tar.gz'
Content type 'application/x-gzip' length 195833 bytes (191 KB)
==================================================
downloaded 191 KB

trying URL 'https://cloud.r-project.org/src/contrib/cli_3.6.5.tar.gz'
Content type 'application/x-gzip' length 640240 bytes (625 KB)
==================================================
downloaded 625 KB

trying URL 'https://cloud.r-project.org/src/contrib/dplyr_1.2.0.tar.gz'
Content type 'application/x-gzip' length 922393 bytes (900 KB)
==================================================
downloaded 900 KB

trying URL 'https://cloud.r-project.org/src/contrib/forcats_1.0.1.tar.gz'
Content type 'application/x-gzip' length 294628 bytes (287 KB)
==================================================
downloaded 287 KB

trying URL 'https://cloud.r-project.org/src/contrib/ggplot2_4.0.2.tar.gz'
Content type 'application/x-gzip' length 6358661 bytes (6.1 MB)
==================================================
downloaded 6.1 MB

trying URL 'https://cloud.r-project.org/src/contrib/glue_1.8.0.tar.gz'
Content type 'application/x-gzip' length 126682 bytes (123 KB)
==================================================
downloaded 123 KB

trying URL 'https://cloud.r-project.org/src/contrib/magrittr_2.0.4.tar.gz'
Content type 'application/x-gzip' length 281790 bytes (275 KB)
==================================================
downloaded 275 KB

trying URL 'https://cloud.r-project.org/src/contrib/purrr_1.2.1.tar.gz'
Content type 'application/x-gzip' length 278294 bytes (271 KB)
==================================================
downloaded 271 KB

trying URL 'https://cloud.r-project.org/src/contrib/readr_2.2.0.tar.gz'
Content type 'application/x-gzip' length 295630 bytes (288 KB)
==================================================
downloaded 288 KB

trying URL 'https://cloud.r-project.org/src/contrib/scales_1.4.0.tar.gz'
Content type 'application/x-gzip' length 328671 bytes (320 KB)
==================================================
downloaded 320 KB

trying URL 'https://cloud.r-project.org/src/contrib/tibble_3.3.1.tar.gz'
Content type 'application/x-gzip' length 557135 bytes (544 KB)
==================================================
downloaded 544 KB

trying URL 'https://cloud.r-project.org/src/contrib/tidyr_1.3.2.tar.gz'
Content type 'application/x-gzip' length 809031 bytes (790 KB)
==================================================
downloaded 790 KB

trying URL 'https://cloud.r-project.org/src/contrib/tsbox_0.4.2.tar.gz'
Content type 'application/x-gzip' length 450928 bytes (440 KB)
==================================================
downloaded 440 KB

* installing *source* package ‘ragg’ ...
** package ‘ragg’ successfully unpacked and MD5 sums checked
** using staged installation
Found pkg-config cflags and libs!
Using PKG_CFLAGS=-I/usr/include/freetype2 -I/usr/include/libpng16 -I/usr/include/x86_64-linux-gnu -I/usr/include/webp
Using PKG_LIBS=-lfreetype -lpng16 -ltiff -ljpeg -lwebp -lwebpmux
** libs
using C++ compiler: ‘g++ (Ubuntu 13.3.0-6ubuntu2~24.04.1) 13.3.0’
g++ -std=gnu++17 -I"/usr/share/R/include" -DNDEBUG -I./agg/include -I/usr/include/freetype2 -I/usr/include/libpng16 -I/usr/include/x86_64-linux-gnu -I/usr/include/webp  -I'/usr/local/lib/R/site-library/systemfonts/include' -I'/usr/local/lib/R/site-library/textshaping/include'     -fpic  -g -O2 -fno-omit-frame-pointer -mno-omit-leaf-frame-pointer -ffile-prefix-map=/build/r-base-FPSnzf/r-base-4.3.3=. -fstack-protector-strong -fstack-clash-protection -Wformat -Werror=format-security -fcf-protection -fdebug-prefix-map=/build/r-base-FPSnzf/r-base-4.3.3=/usr/src/r-base-4.3.3-2build2 -Wdate-time -D_FORTIFY_SOURCE=3  -c capture_dev.cpp -o capture_dev.o
g++ -std=gnu++17 -I"/usr/share/R/include" -DNDEBUG -I./agg/include -I/usr/include/freetype2 -I/usr/include/libpng16 -I/usr/include/x86_64-linux-gnu -I/usr/include/webp  -I'/usr/local/lib/R/site-library/systemfonts/include' -I'/usr/local/lib/R/site-library/textshaping/include'     -fpic  -g -O2 -fno-omit-frame-pointer -mno-omit-leaf-frame-pointer -ffile-prefix-map=/build/r-base-FPSnzf/r-base-4.3.3=. -fstack-protector-strong -fstack-clash-protection -Wformat -Werror=format-security -fcf-protection -fdebug-prefix-map=/build/r-base-FPSnzf/r-base-4.3.3=/usr/src/r-base-4.3.3-2build2 -Wdate-time -D_FORTIFY_SOURCE=3  -c init.cpp -o init.o
g++ -std=gnu++17 -I"/usr/share/R/include" -DNDEBUG -I./agg/include -I/usr/include/freetype2 -I/usr/include/libpng16 -I/usr/include/x86_64-linux-gnu -I/usr/include/webp  -I'/usr/local/lib/R/site-library/systemfonts/include' -I'/usr/local/lib/R/site-library/textshaping/include'     -fpic  -g -O2 -fno-omit-frame-pointer -mno-omit-leaf-frame-pointer -ffile-prefix-map=/build/r-base-FPSnzf/r-base-4.3.3=. -fstack-protector-strong -fstack-clash-protection -Wformat -Werror=format-security -fcf-protection -fdebug-prefix-map=/build/r-base-FPSnzf/r-base-4.3.3=/usr/src/r-base-4.3.3-2build2 -Wdate-time -D_FORTIFY_SOURCE=3  -c jpeg_dev.cpp -o jpeg_dev.o
g++ -std=gnu++17 -I"/usr/share/R/include" -DNDEBUG -I./agg/include -I/usr/include/freetype2 -I/usr/include/libpng16 -I/usr/include/x86_64-linux-gnu -I/usr/include/webp  -I'/usr/local/lib/R/site-library/systemfonts/include' -I'/usr/local/lib/R/site-library/textshaping/include'     -fpic  -g -O2 -fno-omit-frame-pointer -mno-omit-leaf-frame-pointer -ffile-prefix-map=/build/r-base-FPSnzf/r-base-4.3.3=. -fstack-protector-strong -fstack-clash-protection -Wformat -Werror=format-security -fcf-protection -fdebug-prefix-map=/build/r-base-FPSnzf/r-base-4.3.3=/usr/src/r-base-4.3.3-2build2 -Wdate-time -D_FORTIFY_SOURCE=3  -c png_dev.cpp -o png_dev.o
g++ -std=gnu++17 -I"/usr/share/R/include" -DNDEBUG -I./agg/include -I/usr/include/freetype2 -I/usr/include/libpng16 -I/usr/include/x86_64-linux-gnu -I/usr/include/webp  -I'/usr/local/lib/R/site-library/systemfonts/include' -I'/usr/local/lib/R/site-library/textshaping/include'     -fpic  -g -O2 -fno-omit-frame-pointer -mno-omit-leaf-frame-pointer -ffile-prefix-map=/build/r-base-FPSnzf/r-base-4.3.3=. -fstack-protector-strong -fstack-clash-protection -Wformat -Werror=format-security -fcf-protection -fdebug-prefix-map=/build/r-base-FPSnzf/r-base-4.3.3=/usr/src/r-base-4.3.3-2build2 -Wdate-time -D_FORTIFY_SOURCE=3  -c ppm_dev.cpp -o ppm_dev.o
g++ -std=gnu++17 -I"/usr/share/R/include" -DNDEBUG -I./agg/include -I/usr/include/freetype2 -I/usr/include/libpng16 -I/usr/include/x86_64-linux-gnu -I/usr/include/webp  -I'/usr/local/lib/R/site-library/systemfonts/include' -I'/usr/local/lib/R/site-library/textshaping/include'     -fpic  -g -O2 -fno-omit-frame-pointer -mno-omit-leaf-frame-pointer -ffile-prefix-map=/build/r-base-FPSnzf/r-base-4.3.3=. -fstack-protector-strong -fstack-clash-protection -Wformat -Werror=format-security -fcf-protection -fdebug-prefix-map=/build/r-base-FPSnzf/r-base-4.3.3=/usr/src/r-base-4.3.3-2build2 -Wdate-time -D_FORTIFY_SOURCE=3  -c record_dev.cpp -o record_dev.o
g++ -std=gnu++17 -I"/usr/share/R/include" -DNDEBUG -I./agg/include -I/usr/include/freetype2 -I/usr/include/libpng16 -I/usr/include/x86_64-linux-gnu -I/usr/include/webp  -I'/usr/local/lib/R/site-library/systemfonts/include' -I'/usr/local/lib/R/site-library/textshaping/include'     -fpic  -g -O2 -fno-omit-frame-pointer -mno-omit-leaf-frame-pointer -ffile-prefix-map=/build/r-base-FPSnzf/r-base-4.3.3=. -fstack-protector-strong -fstack-clash-protection -Wformat -Werror=format-security -fcf-protection -fdebug-prefix-map=/build/r-base-FPSnzf/r-base-4.3.3=/usr/src/r-base-4.3.3-2build2 -Wdate-time -D_FORTIFY_SOURCE=3  -c tiff_dev.cpp -o tiff_dev.o
g++ -std=gnu++17 -I"/usr/share/R/include" -DNDEBUG -I./agg/include -I/usr/include/freetype2 -I/usr/include/libpng16 -I/usr/include/x86_64-linux-gnu -I/usr/include/webp  -I'/usr/local/lib/R/site-library/systemfonts/include' -I'/usr/local/lib/R/site-library/textshaping/include'     -fpic  -g -O2 -fno-omit-frame-pointer -mno-omit-leaf-frame-pointer -ffile-prefix-map=/build/r-base-FPSnzf/r-base-4.3.3=. -fstack-protector-strong -fstack-clash-protection -Wformat -Werror=format-security -fcf-protection -fdebug-prefix-map=/build/r-base-FPSnzf/r-base-4.3.3=/usr/src/r-base-4.3.3-2build2 -Wdate-time -D_FORTIFY_SOURCE=3  -c webp_anim_dev.cpp -o webp_anim_dev.o
g++ -std=gnu++17 -I"/usr/share/R/include" -DNDEBUG -I./agg/include -I/usr/include/freetype2 -I/usr/include/libpng16 -I/usr/include/x86_64-linux-gnu -I/usr/include/webp  -I'/usr/local/lib/R/site-library/systemfonts/include' -I'/usr/local/lib/R/site-library/textshaping/include'     -fpic  -g -O2 -fno-omit-frame-pointer -mno-omit-leaf-frame-pointer -ffile-prefix-map=/build/r-base-FPSnzf/r-base-4.3.3=. -fstack-protector-strong -fstack-clash-protection -Wformat -Werror=format-security -fcf-protection -fdebug-prefix-map=/build/r-base-FPSnzf/r-base-4.3.3=/usr/src/r-base-4.3.3-2build2 -Wdate-time -D_FORTIFY_SOURCE=3  -c webp_dev.cpp -o webp_dev.o
In file included from webp_dev.cpp:3:
AggDeviceWebP.h: In member function ‘bool AggDeviceWebP<PIXFMT>::savePage()’:
AggDeviceWebP.h:42:59: warning: ignoring attributes on template argument ‘int (*)(FILE*)’ [-Wignored-attributes]
   42 |     auto fd = std::unique_ptr<FILE, decltype(&std::fclose)>(
      |                                                           ^
g++ -std=gnu++17 -I"/usr/share/R/include" -DNDEBUG -I./agg/include -I/usr/include/freetype2 -I/usr/include/libpng16 -I/usr/include/x86_64-linux-gnu -I/usr/include/webp  -I'/usr/local/lib/R/site-library/systemfonts/include' -I'/usr/local/lib/R/site-library/textshaping/include'     -fpic  -g -O2 -fno-omit-frame-pointer -mno-omit-leaf-frame-pointer -ffile-prefix-map=/build/r-base-FPSnzf/r-base-4.3.3=. -fstack-protector-strong -fstack-clash-protection -Wformat -Werror=format-security -fcf-protection -fdebug-prefix-map=/build/r-base-FPSnzf/r-base-4.3.3=/usr/src/r-base-4.3.3-2build2 -Wdate-time -D_FORTIFY_SOURCE=3  -c agg/src/agg_curves.cpp -o agg/src/agg_curves.o
g++ -std=gnu++17 -I"/usr/share/R/include" -DNDEBUG -I./agg/include -I/usr/include/freetype2 -I/usr/include/libpng16 -I/usr/include/x86_64-linux-gnu -I/usr/include/webp  -I'/usr/local/lib/R/site-library/systemfonts/include' -I'/usr/local/lib/R/site-library/textshaping/include'     -fpic  -g -O2 -fno-omit-frame-pointer -mno-omit-leaf-frame-pointer -ffile-prefix-map=/build/r-base-FPSnzf/r-base-4.3.3=. -fstack-protector-strong -fstack-clash-protection -Wformat -Werror=format-security -fcf-protection -fdebug-prefix-map=/build/r-base-FPSnzf/r-base-4.3.3=/usr/src/r-base-4.3.3-2build2 -Wdate-time -D_FORTIFY_SOURCE=3  -c agg/src/agg_font_freetype.cpp -o agg/src/agg_font_freetype.o
g++ -std=gnu++17 -I"/usr/share/R/include" -DNDEBUG -I./agg/include -I/usr/include/freetype2 -I/usr/include/libpng16 -I/usr/include/x86_64-linux-gnu -I/usr/include/webp  -I'/usr/local/lib/R/site-library/systemfonts/include' -I'/usr/local/lib/R/site-library/textshaping/include'     -fpic  -g -O2 -fno-omit-frame-pointer -mno-omit-leaf-frame-pointer -ffile-prefix-map=/build/r-base-FPSnzf/r-base-4.3.3=. -fstack-protector-strong -fstack-clash-protection -Wformat -Werror=format-security -fcf-protection -fdebug-prefix-map=/build/r-base-FPSnzf/r-base-4.3.3=/usr/src/r-base-4.3.3-2build2 -Wdate-time -D_FORTIFY_SOURCE=3  -c agg/src/agg_image_filters.cpp -o agg/src/agg_image_filters.o
g++ -std=gnu++17 -I"/usr/share/R/include" -DNDEBUG -I./agg/include -I/usr/include/freetype2 -I/usr/include/libpng16 -I/usr/include/x86_64-linux-gnu -I/usr/include/webp  -I'/usr/local/lib/R/site-library/systemfonts/include' -I'/usr/local/lib/R/site-library/textshaping/include'     -fpic  -g -O2 -fno-omit-frame-pointer -mno-omit-leaf-frame-pointer -ffile-prefix-map=/build/r-base-FPSnzf/r-base-4.3.3=. -fstack-protector-strong -fstack-clash-protection -Wformat -Werror=format-security -fcf-protection -fdebug-prefix-map=/build/r-base-FPSnzf/r-base-4.3.3=/usr/src/r-base-4.3.3-2build2 -Wdate-time -D_FORTIFY_SOURCE=3  -c agg/src/agg_trans_affine.cpp -o agg/src/agg_trans_affine.o
g++ -std=gnu++17 -I"/usr/share/R/include" -DNDEBUG -I./agg/include -I/usr/include/freetype2 -I/usr/include/libpng16 -I/usr/include/x86_64-linux-gnu -I/usr/include/webp  -I'/usr/local/lib/R/site-library/systemfonts/include' -I'/usr/local/lib/R/site-library/textshaping/include'     -fpic  -g -O2 -fno-omit-frame-pointer -mno-omit-leaf-frame-pointer -ffile-prefix-map=/build/r-base-FPSnzf/r-base-4.3.3=. -fstack-protector-strong -fstack-clash-protection -Wformat -Werror=format-security -fcf-protection -fdebug-prefix-map=/build/r-base-FPSnzf/r-base-4.3.3=/usr/src/r-base-4.3.3-2build2 -Wdate-time -D_FORTIFY_SOURCE=3  -c agg/src/agg_vcgen_dash.cpp -o agg/src/agg_vcgen_dash.o
g++ -std=gnu++17 -I"/usr/share/R/include" -DNDEBUG -I./agg/include -I/usr/include/freetype2 -I/usr/include/libpng16 -I/usr/include/x86_64-linux-gnu -I/usr/include/webp  -I'/usr/local/lib/R/site-library/systemfonts/include' -I'/usr/local/lib/R/site-library/textshaping/include'     -fpic  -g -O2 -fno-omit-frame-pointer -mno-omit-leaf-frame-pointer -ffile-prefix-map=/build/r-base-FPSnzf/r-base-4.3.3=. -fstack-protector-strong -fstack-clash-protection -Wformat -Werror=format-security -fcf-protection -fdebug-prefix-map=/build/r-base-FPSnzf/r-base-4.3.3=/usr/src/r-base-4.3.3-2build2 -Wdate-time -D_FORTIFY_SOURCE=3  -c agg/src/agg_vcgen_stroke.cpp -o agg/src/agg_vcgen_stroke.o
ar rcs agg/libstatagg.a agg/src/agg_curves.o agg/src/agg_font_freetype.o agg/src/agg_image_filters.o agg/src/agg_trans_affine.o agg/src/agg_vcgen_dash.o agg/src/agg_vcgen_stroke.o
g++ -std=gnu++17 -shared -L/usr/lib/R/lib -Wl,-Bsymbolic-functions -flto=auto -ffat-lto-objects -Wl,-z,relro -o ragg.so capture_dev.o init.o jpeg_dev.o png_dev.o ppm_dev.o record_dev.o tiff_dev.o webp_anim_dev.o webp_dev.o -Lagg -lstatagg -lfreetype -lpng16 -ltiff -ljpeg -lwebp -lwebpmux -L/usr/lib/R/lib -lR
installing to /usr/local/lib/R/site-library/00LOCK-ragg/00new/ragg/libs
** R
** byte-compile and prepare package for lazy loading
** help
*** installing help indices
*** copying figures
** building package indices
** testing if installed package can be loaded from temporary location
** checking absolute paths in shared objects and dynamic libraries
** testing if installed package can be loaded from final location
** testing if installed package keeps a record of temporary installation path
* DONE (ragg)
* installing *source* package ‘BH’ ...
** package ‘BH’ successfully unpacked and MD5 sums checked
** using staged installation
** inst
** help
*** installing help indices
** building package indices
** testing if installed package can be loaded from temporary location
** testing if installed package can be loaded from final location
** testing if installed package keeps a record of temporary installation path
* DONE (BH)
* installing *source* package ‘pak’ ...
** package ‘pak’ successfully unpacked and MD5 sums checked
** using staged installation
** Running ./configure
** libs
Current platform: x86_64-pc-linux-gnu
Build platform:
Target platform:

Compiling R6

Compiling cli
using C compiler: ‘gcc (Ubuntu 13.3.0-6ubuntu2~24.04.1) 13.3.0’
make[1]: Entering directory '/tmp/RtmpoYZK6r/R.INSTALL608c14467fe5/pak/src/library/cli/src'
gcc -I"/usr/share/R/include" -DNDEBUG -I../inst/include     -fvisibility=hidden -fpic  -g -O2 -fno-omit-frame-pointer -mno-omit-leaf-frame-pointer -ffile-prefix-map=/build/r-base-FPSnzf/r-base-4.3.3=. -fstack-protector-strong -fstack-clash-protection -Wformat -Werror=format-security -fcf-protection -fdebug-prefix-map=/build/r-base-FPSnzf/r-base-4.3.3=/usr/src/r-base-4.3.3-2build2 -Wdate-time -D_FORTIFY_SOURCE=3  -c ansi.c -o ansi.o
gcc -I"/usr/share/R/include" -DNDEBUG -I../inst/include     -fvisibility=hidden -fpic  -g -O2 -fno-omit-frame-pointer -mno-omit-leaf-frame-pointer -ffile-prefix-map=/build/r-base-FPSnzf/r-base-4.3.3=. -fstack-protector-strong -fstack-clash-protection -Wformat -Werror=format-security -fcf-protection -fdebug-prefix-map=/build/r-base-FPSnzf/r-base-4.3.3=/usr/src/r-base-4.3.3-2build2 -Wdate-time -D_FORTIFY_SOURCE=3  -c cleancall.c -o cleancall.o
gcc -I"/usr/share/R/include" -DNDEBUG -I../inst/include     -fvisibility=hidden -fpic  -g -O2 -fno-omit-frame-pointer -mno-omit-leaf-frame-pointer -ffile-prefix-map=/build/r-base-FPSnzf/r-base-4.3.3=. -fstack-protector-strong -fstack-clash-protection -Wformat -Werror=format-security -fcf-protection -fdebug-prefix-map=/build/r-base-FPSnzf/r-base-4.3.3=/usr/src/r-base-4.3.3-2build2 -Wdate-time -D_FORTIFY_SOURCE=3  -c diff.c -o diff.o
gcc -I"/usr/share/R/include" -DNDEBUG -I../inst/include     -fvisibility=hidden -fpic  -g -O2 -fno-omit-frame-pointer -mno-omit-leaf-frame-pointer -ffile-prefix-map=/build/r-base-FPSnzf/r-base-4.3.3=. -fstack-protector-strong -fstack-clash-protection -Wformat -Werror=format-security -fcf-protection -fdebug-prefix-map=/build/r-base-FPSnzf/r-base-4.3.3=/usr/src/r-base-4.3.3-2build2 -Wdate-time -D_FORTIFY_SOURCE=3  -c errors.c -o errors.o
gcc -I"/usr/share/R/include" -DNDEBUG -I../inst/include     -fvisibility=hidden -fpic  -g -O2 -fno-omit-frame-pointer -mno-omit-leaf-frame-pointer -ffile-prefix-map=/build/r-base-FPSnzf/r-base-4.3.3=. -fstack-protector-strong -fstack-clash-protection -Wformat -Werror=format-security -fcf-protection -fdebug-prefix-map=/build/r-base-FPSnzf/r-base-4.3.3=/usr/src/r-base-4.3.3-2build2 -Wdate-time -D_FORTIFY_SOURCE=3  -c glue.c -o glue.o
gcc -I"/usr/share/R/include" -DNDEBUG -I../inst/include     -fvisibility=hidden -fpic  -g -O2 -fno-omit-frame-pointer -mno-omit-leaf-frame-pointer -ffile-prefix-map=/build/r-base-FPSnzf/r-base-4.3.3=. -fstack-protector-strong -fstack-clash-protection -Wformat -Werror=format-security -fcf-protection -fdebug-prefix-map=/build/r-base-FPSnzf/r-base-4.3.3=/usr/src/r-base-4.3.3-2build2 -Wdate-time -D_FORTIFY_SOURCE=3  -c init.c -o init.o
gcc -I"/usr/share/R/include" -DNDEBUG -I../inst/include     -fvisibility=hidden -fpic  -g -O2 -fno-omit-frame-pointer -mno-omit-leaf-frame-pointer -ffile-prefix-map=/build/r-base-FPSnzf/r-base-4.3.3=. -fstack-protector-strong -fstack-clash-protection -Wformat -Werror=format-security -fcf-protection -fdebug-prefix-map=/build/r-base-FPSnzf/r-base-4.3.3=/usr/src/r-base-4.3.3-2build2 -Wdate-time -D_FORTIFY_SOURCE=3  -c inst.c -o inst.o
gcc -I"/usr/share/R/include" -DNDEBUG -I../inst/include     -fvisibility=hidden -fpic  -g -O2 -fno-omit-frame-pointer -mno-omit-leaf-frame-pointer -ffile-prefix-map=/build/r-base-FPSnzf/r-base-4.3.3=. -fstack-protector-strong -fstack-clash-protection -Wformat -Werror=format-security -fcf-protection -fdebug-prefix-map=/build/r-base-FPSnzf/r-base-4.3.3=/usr/src/r-base-4.3.3-2build2 -Wdate-time -D_FORTIFY_SOURCE=3  -c keypress-unix.c -o keypress-unix.o
gcc -I"/usr/share/R/include" -DNDEBUG -I../inst/include     -fvisibility=hidden -fpic  -g -O2 -fno-omit-frame-pointer -mno-omit-leaf-frame-pointer -ffile-prefix-map=/build/r-base-FPSnzf/r-base-4.3.3=. -fstack-protector-strong -fstack-clash-protection -Wformat -Werror=format-security -fcf-protection -fdebug-prefix-map=/build/r-base-FPSnzf/r-base-4.3.3=/usr/src/r-base-4.3.3-2build2 -Wdate-time -D_FORTIFY_SOURCE=3  -c keypress-win.c -o keypress-win.o
gcc -I"/usr/share/R/include" -DNDEBUG -I../inst/include     -fvisibility=hidden -fpic  -g -O2 -fno-omit-frame-pointer -mno-omit-leaf-frame-pointer -ffile-prefix-map=/build/r-base-FPSnzf/r-base-4.3.3=. -fstack-protector-strong -fstack-clash-protection -Wformat -Werror=format-security -fcf-protection -fdebug-prefix-map=/build/r-base-FPSnzf/r-base-4.3.3=/usr/src/r-base-4.3.3-2build2 -Wdate-time -D_FORTIFY_SOURCE=3  -c keypress.c -o keypress.o
gcc -I"/usr/share/R/include" -DNDEBUG -I../inst/include     -fvisibility=hidden -fpic  -g -O2 -fno-omit-frame-pointer -mno-omit-leaf-frame-pointer -ffile-prefix-map=/build/r-base-FPSnzf/r-base-4.3.3=. -fstack-protector-strong -fstack-clash-protection -Wformat -Werror=format-security -fcf-protection -fdebug-prefix-map=/build/r-base-FPSnzf/r-base-4.3.3=/usr/src/r-base-4.3.3-2build2 -Wdate-time -D_FORTIFY_SOURCE=3  -c md5.c -o md5.o
gcc -I"/usr/share/R/include" -DNDEBUG -I../inst/include     -fvisibility=hidden -fpic  -g -O2 -fno-omit-frame-pointer -mno-omit-leaf-frame-pointer -ffile-prefix-map=/build/r-base-FPSnzf/r-base-4.3.3=. -fstack-protector-strong -fstack-clash-protection -Wformat -Werror=format-security -fcf-protection -fdebug-prefix-map=/build/r-base-FPSnzf/r-base-4.3.3=/usr/src/r-base-4.3.3-2build2 -Wdate-time -D_FORTIFY_SOURCE=3  -c progress-altrep.c -o progress-altrep.o
gcc -I"/usr/share/R/include" -DNDEBUG -I../inst/include     -fvisibility=hidden -fpic  -g -O2 -fno-omit-frame-pointer -mno-omit-leaf-frame-pointer -ffile-prefix-map=/build/r-base-FPSnzf/r-base-4.3.3=. -fstack-protector-strong -fstack-clash-protection -Wformat -Werror=format-security -fcf-protection -fdebug-prefix-map=/build/r-base-FPSnzf/r-base-4.3.3=/usr/src/r-base-4.3.3-2build2 -Wdate-time -D_FORTIFY_SOURCE=3  -c progress.c -o progress.o
gcc -I"/usr/share/R/include" -DNDEBUG -I../inst/include     -fvisibility=hidden -fpic  -g -O2 -fno-omit-frame-pointer -mno-omit-leaf-frame-pointer -ffile-prefix-map=/build/r-base-FPSnzf/r-base-4.3.3=. -fstack-protector-strong -fstack-clash-protection -Wformat -Werror=format-security -fcf-protection -fdebug-prefix-map=/build/r-base-FPSnzf/r-base-4.3.3=/usr/src/r-base-4.3.3-2build2 -Wdate-time -D_FORTIFY_SOURCE=3  -c sha1.c -o sha1.o
gcc -I"/usr/share/R/include" -DNDEBUG -I../inst/include     -fvisibility=hidden -fpic  -g -O2 -fno-omit-frame-pointer -mno-omit-leaf-frame-pointer -ffile-prefix-map=/build/r-base-FPSnzf/r-base-4.3.3=. -fstack-protector-strong -fstack-clash-protection -Wformat -Werror=format-security -fcf-protection -fdebug-prefix-map=/build/r-base-FPSnzf/r-base-4.3.3=/usr/src/r-base-4.3.3-2build2 -Wdate-time -D_FORTIFY_SOURCE=3  -c sha256.c -o sha256.o
gcc -I"/usr/share/R/include" -DNDEBUG -I../inst/include     -fvisibility=hidden -fpic  -g -O2 -fno-omit-frame-pointer -mno-omit-leaf-frame-pointer -ffile-prefix-map=/build/r-base-FPSnzf/r-base-4.3.3=. -fstack-protector-strong -fstack-clash-protection -Wformat -Werror=format-security -fcf-protection -fdebug-prefix-map=/build/r-base-FPSnzf/r-base-4.3.3=/usr/src/r-base-4.3.3-2build2 -Wdate-time -D_FORTIFY_SOURCE=3  -c thread.c -o thread.o
gcc -I"/usr/share/R/include" -DNDEBUG -I../inst/include     -fvisibility=hidden -fpic  -g -O2 -fno-omit-frame-pointer -mno-omit-leaf-frame-pointer -ffile-prefix-map=/build/r-base-FPSnzf/r-base-4.3.3=. -fstack-protector-strong -fstack-clash-protection -Wformat -Werror=format-security -fcf-protection -fdebug-prefix-map=/build/r-base-FPSnzf/r-base-4.3.3=/usr/src/r-base-4.3.3-2build2 -Wdate-time -D_FORTIFY_SOURCE=3  -c tty.c -o tty.o
gcc -I"/usr/share/R/include" -DNDEBUG -I../inst/include     -fvisibility=hidden -fpic  -g -O2 -fno-omit-frame-pointer -mno-omit-leaf-frame-pointer -ffile-prefix-map=/build/r-base-FPSnzf/r-base-4.3.3=. -fstack-protector-strong -fstack-clash-protection -Wformat -Werror=format-security -fcf-protection -fdebug-prefix-map=/build/r-base-FPSnzf/r-base-4.3.3=/usr/src/r-base-4.3.3-2build2 -Wdate-time -D_FORTIFY_SOURCE=3  -c utf8.c -o utf8.o
gcc -I"/usr/share/R/include" -DNDEBUG -I../inst/include     -fvisibility=hidden -fpic  -g -O2 -fno-omit-frame-pointer -mno-omit-leaf-frame-pointer -ffile-prefix-map=/build/r-base-FPSnzf/r-base-4.3.3=. -fstack-protector-strong -fstack-clash-protection -Wformat -Werror=format-security -fcf-protection -fdebug-prefix-map=/build/r-base-FPSnzf/r-base-4.3.3=/usr/src/r-base-4.3.3-2build2 -Wdate-time -D_FORTIFY_SOURCE=3  -c utils.c -o utils.o
gcc -I"/usr/share/R/include" -DNDEBUG -I../inst/include     -fvisibility=hidden -fpic  -g -O2 -fno-omit-frame-pointer -mno-omit-leaf-frame-pointer -ffile-prefix-map=/build/r-base-FPSnzf/r-base-4.3.3=. -fstack-protector-strong -fstack-clash-protection -Wformat -Werror=format-security -fcf-protection -fdebug-prefix-map=/build/r-base-FPSnzf/r-base-4.3.3=/usr/src/r-base-4.3.3-2build2 -Wdate-time -D_FORTIFY_SOURCE=3  -c vt.c -o vt.o
gcc -I"/usr/share/R/include" -DNDEBUG -I../inst/include     -fvisibility=hidden -fpic  -g -O2 -fno-omit-frame-pointer -mno-omit-leaf-frame-pointer -ffile-prefix-map=/build/r-base-FPSnzf/r-base-4.3.3=. -fstack-protector-strong -fstack-clash-protection -Wformat -Werror=format-security -fcf-protection -fdebug-prefix-map=/build/r-base-FPSnzf/r-base-4.3.3=/usr/src/r-base-4.3.3-2build2 -Wdate-time -D_FORTIFY_SOURCE=3  -c vtparse.c -o vtparse.o
gcc -I"/usr/share/R/include" -DNDEBUG -I../inst/include     -fvisibility=hidden -fpic  -g -O2 -fno-omit-frame-pointer -mno-omit-leaf-frame-pointer -ffile-prefix-map=/build/r-base-FPSnzf/r-base-4.3.3=. -fstack-protector-strong -fstack-clash-protection -Wformat -Werror=format-security -fcf-protection -fdebug-prefix-map=/build/r-base-FPSnzf/r-base-4.3.3=/usr/src/r-base-4.3.3-2build2 -Wdate-time -D_FORTIFY_SOURCE=3  -c vtparse_table.c -o vtparse_table.o
gcc -I"/usr/share/R/include" -DNDEBUG -I../inst/include     -fvisibility=hidden -fpic  -g -O2 -fno-omit-frame-pointer -mno-omit-leaf-frame-pointer -ffile-prefix-map=/build/r-base-FPSnzf/r-base-4.3.3=. -fstack-protector-strong -fstack-clash-protection -Wformat -Werror=format-security -fcf-protection -fdebug-prefix-map=/build/r-base-FPSnzf/r-base-4.3.3=/usr/src/r-base-4.3.3-2build2 -Wdate-time -D_FORTIFY_SOURCE=3  -c win-utf8.c -o win-utf8.o
gcc -I"/usr/share/R/include" -DNDEBUG -I../inst/include     -fvisibility=hidden -fpic  -g -O2 -fno-omit-frame-pointer -mno-omit-leaf-frame-pointer -ffile-prefix-map=/build/r-base-FPSnzf/r-base-4.3.3=. -fstack-protector-strong -fstack-clash-protection -Wformat -Werror=format-security -fcf-protection -fdebug-prefix-map=/build/r-base-FPSnzf/r-base-4.3.3=/usr/src/r-base-4.3.3-2build2 -Wdate-time -D_FORTIFY_SOURCE=3  -c winfiles.c -o winfiles.o
gcc -I"/usr/share/R/include" -DNDEBUG -I../inst/include     -fvisibility=hidden -fpic  -g -O2 -fno-omit-frame-pointer -mno-omit-leaf-frame-pointer -ffile-prefix-map=/build/r-base-FPSnzf/r-base-4.3.3=. -fstack-protector-strong -fstack-clash-protection -Wformat -Werror=format-security -fcf-protection -fdebug-prefix-map=/build/r-base-FPSnzf/r-base-4.3.3=/usr/src/r-base-4.3.3-2build2 -Wdate-time -D_FORTIFY_SOURCE=3  -c xxhash.c -o xxhash.o
gcc -I"/usr/share/R/include" -DNDEBUG -I../inst/include     -fvisibility=hidden -fpic  -g -O2 -fno-omit-frame-pointer -mno-omit-leaf-frame-pointer -ffile-prefix-map=/build/r-base-FPSnzf/r-base-4.3.3=. -fstack-protector-strong -fstack-clash-protection -Wformat -Werror=format-security -fcf-protection -fdebug-prefix-map=/build/r-base-FPSnzf/r-base-4.3.3=/usr/src/r-base-4.3.3-2build2 -Wdate-time -D_FORTIFY_SOURCE=3  -c xxhash2.c -o xxhash2.o
gcc -shared -L/usr/lib/R/lib -Wl,-Bsymbolic-functions -flto=auto -ffat-lto-objects -Wl,-z,relro -o cli.so ansi.o cleancall.o diff.o errors.o glue.o init.o inst.o keypress-unix.o keypress-win.o keypress.o md5.o progress-altrep.o progress.o sha1.o sha256.o thread.o tty.o utf8.o utils.o vt.o vtparse.o vtparse_table.o win-utf8.o winfiles.o xxhash.o xxhash2.o -lpthread -L/usr/lib/R/lib -lR
make[1]: Leaving directory '/tmp/RtmpoYZK6r/R.INSTALL608c14467fe5/pak/src/library/cli/src'
installing to /usr/local/lib/R/site-library/00LOCK-pak/00new/pak/library/cli/libs

Compiling curl
Found pkg-config cflags and libs!
Using PKG_CFLAGS=-I/usr/include/x86_64-linux-gnu
Using PKG_LIBS=-lcurl
using C compiler: ‘gcc (Ubuntu 13.3.0-6ubuntu2~24.04.1) 13.3.0’
make[1]: Entering directory '/tmp/RtmpoYZK6r/R.INSTALL608c14467fe5/pak/src/library/curl/src'
rm -f curl.so callbacks.o curl.o download.o escape.o fetch.o findport.o form.o getdate.o handle.o ieproxy.o init.o interrupt.o multi.o nslookup.o options.o reflist.o split.o ssl.o typechecking.o utils.o version.o winidn.o writer.o
gcc -I"/usr/share/R/include" -DNDEBUG -I/usr/include/x86_64-linux-gnu  -DSTRICT_R_HEADERS -DR_NO_REMAP     -fvisibility=hidden -fpic  -g -O2 -fno-omit-frame-pointer -mno-omit-leaf-frame-pointer -ffile-prefix-map=/build/r-base-FPSnzf/r-base-4.3.3=. -fstack-protector-strong -fstack-clash-protection -Wformat -Werror=format-security -fcf-protection -fdebug-prefix-map=/build/r-base-FPSnzf/r-base-4.3.3=/usr/src/r-base-4.3.3-2build2 -Wdate-time -D_FORTIFY_SOURCE=3  -c callbacks.c -o callbacks.o
gcc -I"/usr/share/R/include" -DNDEBUG -I/usr/include/x86_64-linux-gnu  -DSTRICT_R_HEADERS -DR_NO_REMAP     -fvisibility=hidden -fpic  -g -O2 -fno-omit-frame-pointer -mno-omit-leaf-frame-pointer -ffile-prefix-map=/build/r-base-FPSnzf/r-base-4.3.3=. -fstack-protector-strong -fstack-clash-protection -Wformat -Werror=format-security -fcf-protection -fdebug-prefix-map=/build/r-base-FPSnzf/r-base-4.3.3=/usr/src/r-base-4.3.3-2build2 -Wdate-time -D_FORTIFY_SOURCE=3  -c curl.c -o curl.o
gcc -I"/usr/share/R/include" -DNDEBUG -I/usr/include/x86_64-linux-gnu  -DSTRICT_R_HEADERS -DR_NO_REMAP     -fvisibility=hidden -fpic  -g -O2 -fno-omit-frame-pointer -mno-omit-leaf-frame-pointer -ffile-prefix-map=/build/r-base-FPSnzf/r-base-4.3.3=. -fstack-protector-strong -fstack-clash-protection -Wformat -Werror=format-security -fcf-protection -fdebug-prefix-map=/build/r-base-FPSnzf/r-base-4.3.3=/usr/src/r-base-4.3.3-2build2 -Wdate-time -D_FORTIFY_SOURCE=3  -c download.c -o download.o
gcc -I"/usr/share/R/include" -DNDEBUG -I/usr/include/x86_64-linux-gnu  -DSTRICT_R_HEADERS -DR_NO_REMAP     -fvisibility=hidden -fpic  -g -O2 -fno-omit-frame-pointer -mno-omit-leaf-frame-pointer -ffile-prefix-map=/build/r-base-FPSnzf/r-base-4.3.3=. -fstack-protector-strong -fstack-clash-protection -Wformat -Werror=format-security -fcf-protection -fdebug-prefix-map=/build/r-base-FPSnzf/r-base-4.3.3=/usr/src/r-base-4.3.3-2build2 -Wdate-time -D_FORTIFY_SOURCE=3  -c escape.c -o escape.o
gcc -I"/usr/share/R/include" -DNDEBUG -I/usr/include/x86_64-linux-gnu  -DSTRICT_R_HEADERS -DR_NO_REMAP     -fvisibility=hidden -fpic  -g -O2 -fno-omit-frame-pointer -mno-omit-leaf-frame-pointer -ffile-prefix-map=/build/r-base-FPSnzf/r-base-4.3.3=. -fstack-protector-strong -fstack-clash-protection -Wformat -Werror=format-security -fcf-protection -fdebug-prefix-map=/build/r-base-FPSnzf/r-base-4.3.3=/usr/src/r-base-4.3.3-2build2 -Wdate-time -D_FORTIFY_SOURCE=3  -c fetch.c -o fetch.o
gcc -I"/usr/share/R/include" -DNDEBUG -I/usr/include/x86_64-linux-gnu  -DSTRICT_R_HEADERS -DR_NO_REMAP     -fvisibility=hidden -fpic  -g -O2 -fno-omit-frame-pointer -mno-omit-leaf-frame-pointer -ffile-prefix-map=/build/r-base-FPSnzf/r-base-4.3.3=. -fstack-protector-strong -fstack-clash-protection -Wformat -Werror=format-security -fcf-protection -fdebug-prefix-map=/build/r-base-FPSnzf/r-base-4.3.3=/usr/src/r-base-4.3.3-2build2 -Wdate-time -D_FORTIFY_SOURCE=3  -c findport.c -o findport.o
gcc -I"/usr/share/R/include" -DNDEBUG -I/usr/include/x86_64-linux-gnu  -DSTRICT_R_HEADERS -DR_NO_REMAP     -fvisibility=hidden -fpic  -g -O2 -fno-omit-frame-pointer -mno-omit-leaf-frame-pointer -ffile-prefix-map=/build/r-base-FPSnzf/r-base-4.3.3=. -fstack-protector-strong -fstack-clash-protection -Wformat -Werror=format-security -fcf-protection -fdebug-prefix-map=/build/r-base-FPSnzf/r-base-4.3.3=/usr/src/r-base-4.3.3-2build2 -Wdate-time -D_FORTIFY_SOURCE=3  -c form.c -o form.o
gcc -I"/usr/share/R/include" -DNDEBUG -I/usr/include/x86_64-linux-gnu  -DSTRICT_R_HEADERS -DR_NO_REMAP     -fvisibility=hidden -fpic  -g -O2 -fno-omit-frame-pointer -mno-omit-leaf-frame-pointer -ffile-prefix-map=/build/r-base-FPSnzf/r-base-4.3.3=. -fstack-protector-strong -fstack-clash-protection -Wformat -Werror=format-security -fcf-protection -fdebug-prefix-map=/build/r-base-FPSnzf/r-base-4.3.3=/usr/src/r-base-4.3.3-2build2 -Wdate-time -D_FORTIFY_SOURCE=3  -c getdate.c -o getdate.o
gcc -I"/usr/share/R/include" -DNDEBUG -I/usr/include/x86_64-linux-gnu  -DSTRICT_R_HEADERS -DR_NO_REMAP     -fvisibility=hidden -fpic  -g -O2 -fno-omit-frame-pointer -mno-omit-leaf-frame-pointer -ffile-prefix-map=/build/r-base-FPSnzf/r-base-4.3.3=. -fstack-protector-strong -fstack-clash-protection -Wformat -Werror=format-security -fcf-protection -fdebug-prefix-map=/build/r-base-FPSnzf/r-base-4.3.3=/usr/src/r-base-4.3.3-2build2 -Wdate-time -D_FORTIFY_SOURCE=3  -c handle.c -o handle.o
gcc -I"/usr/share/R/include" -DNDEBUG -I/usr/include/x86_64-linux-gnu  -DSTRICT_R_HEADERS -DR_NO_REMAP     -fvisibility=hidden -fpic  -g -O2 -fno-omit-frame-pointer -mno-omit-leaf-frame-pointer -ffile-prefix-map=/build/r-base-FPSnzf/r-base-4.3.3=. -fstack-protector-strong -fstack-clash-protection -Wformat -Werror=format-security -fcf-protection -fdebug-prefix-map=/build/r-base-FPSnzf/r-base-4.3.3=/usr/src/r-base-4.3.3-2build2 -Wdate-time -D_FORTIFY_SOURCE=3  -c ieproxy.c -o ieproxy.o
gcc -I"/usr/share/R/include" -DNDEBUG -I/usr/include/x86_64-linux-gnu  -DSTRICT_R_HEADERS -DR_NO_REMAP     -fvisibility=hidden -fpic  -g -O2 -fno-omit-frame-pointer -mno-omit-leaf-frame-pointer -ffile-prefix-map=/build/r-base-FPSnzf/r-base-4.3.3=. -fstack-protector-strong -fstack-clash-protection -Wformat -Werror=format-security -fcf-protection -fdebug-prefix-map=/build/r-base-FPSnzf/r-base-4.3.3=/usr/src/r-base-4.3.3-2build2 -Wdate-time -D_FORTIFY_SOURCE=3  -c init.c -o init.o
gcc -I"/usr/share/R/include" -DNDEBUG -I/usr/include/x86_64-linux-gnu  -DSTRICT_R_HEADERS -DR_NO_REMAP     -fvisibility=hidden -fpic  -g -O2 -fno-omit-frame-pointer -mno-omit-leaf-frame-pointer -ffile-prefix-map=/build/r-base-FPSnzf/r-base-4.3.3=. -fstack-protector-strong -fstack-clash-protection -Wformat -Werror=format-security -fcf-protection -fdebug-prefix-map=/build/r-base-FPSnzf/r-base-4.3.3=/usr/src/r-base-4.3.3-2build2 -Wdate-time -D_FORTIFY_SOURCE=3  -c interrupt.c -o interrupt.o
gcc -I"/usr/share/R/include" -DNDEBUG -I/usr/include/x86_64-linux-gnu  -DSTRICT_R_HEADERS -DR_NO_REMAP     -fvisibility=hidden -fpic  -g -O2 -fno-omit-frame-pointer -mno-omit-leaf-frame-pointer -ffile-prefix-map=/build/r-base-FPSnzf/r-base-4.3.3=. -fstack-protector-strong -fstack-clash-protection -Wformat -Werror=format-security -fcf-protection -fdebug-prefix-map=/build/r-base-FPSnzf/r-base-4.3.3=/usr/src/r-base-4.3.3-2build2 -Wdate-time -D_FORTIFY_SOURCE=3  -c multi.c -o multi.o
gcc -I"/usr/share/R/include" -DNDEBUG -I/usr/include/x86_64-linux-gnu  -DSTRICT_R_HEADERS -DR_NO_REMAP     -fvisibility=hidden -fpic  -g -O2 -fno-omit-frame-pointer -mno-omit-leaf-frame-pointer -ffile-prefix-map=/build/r-base-FPSnzf/r-base-4.3.3=. -fstack-protector-strong -fstack-clash-protection -Wformat -Werror=format-security -fcf-protection -fdebug-prefix-map=/build/r-base-FPSnzf/r-base-4.3.3=/usr/src/r-base-4.3.3-2build2 -Wdate-time -D_FORTIFY_SOURCE=3  -c nslookup.c -o nslookup.o
gcc -I"/usr/share/R/include" -DNDEBUG -I/usr/include/x86_64-linux-gnu  -DSTRICT_R_HEADERS -DR_NO_REMAP     -fvisibility=hidden -fpic  -g -O2 -fno-omit-frame-pointer -mno-omit-leaf-frame-pointer -ffile-prefix-map=/build/r-base-FPSnzf/r-base-4.3.3=. -fstack-protector-strong -fstack-clash-protection -Wformat -Werror=format-security -fcf-protection -fdebug-prefix-map=/build/r-base-FPSnzf/r-base-4.3.3=/usr/src/r-base-4.3.3-2build2 -Wdate-time -D_FORTIFY_SOURCE=3  -c options.c -o options.o
gcc -I"/usr/share/R/include" -DNDEBUG -I/usr/include/x86_64-linux-gnu  -DSTRICT_R_HEADERS -DR_NO_REMAP     -fvisibility=hidden -fpic  -g -O2 -fno-omit-frame-pointer -mno-omit-leaf-frame-pointer -ffile-prefix-map=/build/r-base-FPSnzf/r-base-4.3.3=. -fstack-protector-strong -fstack-clash-protection -Wformat -Werror=format-security -fcf-protection -fdebug-prefix-map=/build/r-base-FPSnzf/r-base-4.3.3=/usr/src/r-base-4.3.3-2build2 -Wdate-time -D_FORTIFY_SOURCE=3  -c reflist.c -o reflist.o
gcc -I"/usr/share/R/include" -DNDEBUG -I/usr/include/x86_64-linux-gnu  -DSTRICT_R_HEADERS -DR_NO_REMAP     -fvisibility=hidden -fpic  -g -O2 -fno-omit-frame-pointer -mno-omit-leaf-frame-pointer -ffile-prefix-map=/build/r-base-FPSnzf/r-base-4.3.3=. -fstack-protector-strong -fstack-clash-protection -Wformat -Werror=format-security -fcf-protection -fdebug-prefix-map=/build/r-base-FPSnzf/r-base-4.3.3=/usr/src/r-base-4.3.3-2build2 -Wdate-time -D_FORTIFY_SOURCE=3  -c split.c -o split.o
gcc -I"/usr/share/R/include" -DNDEBUG -I/usr/include/x86_64-linux-gnu  -DSTRICT_R_HEADERS -DR_NO_REMAP     -fvisibility=hidden -fpic  -g -O2 -fno-omit-frame-pointer -mno-omit-leaf-frame-pointer -ffile-prefix-map=/build/r-base-FPSnzf/r-base-4.3.3=. -fstack-protector-strong -fstack-clash-protection -Wformat -Werror=format-security -fcf-protection -fdebug-prefix-map=/build/r-base-FPSnzf/r-base-4.3.3=/usr/src/r-base-4.3.3-2build2 -Wdate-time -D_FORTIFY_SOURCE=3  -c ssl.c -o ssl.o
gcc -I"/usr/share/R/include" -DNDEBUG -I/usr/include/x86_64-linux-gnu  -DSTRICT_R_HEADERS -DR_NO_REMAP     -fvisibility=hidden -fpic  -g -O2 -fno-omit-frame-pointer -mno-omit-leaf-frame-pointer -ffile-prefix-map=/build/r-base-FPSnzf/r-base-4.3.3=. -fstack-protector-strong -fstack-clash-protection -Wformat -Werror=format-security -fcf-protection -fdebug-prefix-map=/build/r-base-FPSnzf/r-base-4.3.3=/usr/src/r-base-4.3.3-2build2 -Wdate-time -D_FORTIFY_SOURCE=3  -c typechecking.c -o typechecking.o
gcc -I"/usr/share/R/include" -DNDEBUG -I/usr/include/x86_64-linux-gnu  -DSTRICT_R_HEADERS -DR_NO_REMAP     -fvisibility=hidden -fpic  -g -O2 -fno-omit-frame-pointer -mno-omit-leaf-frame-pointer -ffile-prefix-map=/build/r-base-FPSnzf/r-base-4.3.3=. -fstack-protector-strong -fstack-clash-protection -Wformat -Werror=format-security -fcf-protection -fdebug-prefix-map=/build/r-base-FPSnzf/r-base-4.3.3=/usr/src/r-base-4.3.3-2build2 -Wdate-time -D_FORTIFY_SOURCE=3  -c utils.c -o utils.o
gcc -I"/usr/share/R/include" -DNDEBUG -I/usr/include/x86_64-linux-gnu  -DSTRICT_R_HEADERS -DR_NO_REMAP     -fvisibility=hidden -fpic  -g -O2 -fno-omit-frame-pointer -mno-omit-leaf-frame-pointer -ffile-prefix-map=/build/r-base-FPSnzf/r-base-4.3.3=. -fstack-protector-strong -fstack-clash-protection -Wformat -Werror=format-security -fcf-protection -fdebug-prefix-map=/build/r-base-FPSnzf/r-base-4.3.3=/usr/src/r-base-4.3.3-2build2 -Wdate-time -D_FORTIFY_SOURCE=3  -c version.c -o version.o
gcc -I"/usr/share/R/include" -DNDEBUG -I/usr/include/x86_64-linux-gnu  -DSTRICT_R_HEADERS -DR_NO_REMAP     -fvisibility=hidden -fpic  -g -O2 -fno-omit-frame-pointer -mno-omit-leaf-frame-pointer -ffile-prefix-map=/build/r-base-FPSnzf/r-base-4.3.3=. -fstack-protector-strong -fstack-clash-protection -Wformat -Werror=format-security -fcf-protection -fdebug-prefix-map=/build/r-base-FPSnzf/r-base-4.3.3=/usr/src/r-base-4.3.3-2build2 -Wdate-time -D_FORTIFY_SOURCE=3  -c winidn.c -o winidn.o
gcc -I"/usr/share/R/include" -DNDEBUG -I/usr/include/x86_64-linux-gnu  -DSTRICT_R_HEADERS -DR_NO_REMAP     -fvisibility=hidden -fpic  -g -O2 -fno-omit-frame-pointer -mno-omit-leaf-frame-pointer -ffile-prefix-map=/build/r-base-FPSnzf/r-base-4.3.3=. -fstack-protector-strong -fstack-clash-protection -Wformat -Werror=format-security -fcf-protection -fdebug-prefix-map=/build/r-base-FPSnzf/r-base-4.3.3=/usr/src/r-base-4.3.3-2build2 -Wdate-time -D_FORTIFY_SOURCE=3  -c writer.c -o writer.o
gcc -shared -L/usr/lib/R/lib -Wl,-Bsymbolic-functions -flto=auto -ffat-lto-objects -Wl,-z,relro -o curl.so callbacks.o curl.o download.o escape.o fetch.o findport.o form.o getdate.o handle.o ieproxy.o init.o interrupt.o multi.o nslookup.o options.o reflist.o split.o ssl.o typechecking.o utils.o version.o winidn.o writer.o -lcurl -L/usr/lib/R/lib -lR
make[1]: Leaving directory '/tmp/RtmpoYZK6r/R.INSTALL608c14467fe5/pak/src/library/curl/src'
installing to /usr/local/lib/R/site-library/00LOCK-pak/00new/pak/library/curl/libs

Compiling filelock
using C compiler: ‘gcc (Ubuntu 13.3.0-6ubuntu2~24.04.1) 13.3.0’
make[1]: Entering directory '/tmp/RtmpoYZK6r/R.INSTALL608c14467fe5/pak/src/library/filelock/src'
rm -f filelock.so init.o filelock-unix.o locklist.o
gcc -I"/usr/share/R/include" -DNDEBUG       -fpic  -g -O2 -fno-omit-frame-pointer -mno-omit-leaf-frame-pointer -ffile-prefix-map=/build/r-base-FPSnzf/r-base-4.3.3=. -fstack-protector-strong -fstack-clash-protection -Wformat -Werror=format-security -fcf-protection -fdebug-prefix-map=/build/r-base-FPSnzf/r-base-4.3.3=/usr/src/r-base-4.3.3-2build2 -Wdate-time -D_FORTIFY_SOURCE=3  -c init.c -o init.o
gcc -I"/usr/share/R/include" -DNDEBUG       -fpic  -g -O2 -fno-omit-frame-pointer -mno-omit-leaf-frame-pointer -ffile-prefix-map=/build/r-base-FPSnzf/r-base-4.3.3=. -fstack-protector-strong -fstack-clash-protection -Wformat -Werror=format-security -fcf-protection -fdebug-prefix-map=/build/r-base-FPSnzf/r-base-4.3.3=/usr/src/r-base-4.3.3-2build2 -Wdate-time -D_FORTIFY_SOURCE=3  -c filelock-unix.c -o filelock-unix.o
gcc -I"/usr/share/R/include" -DNDEBUG       -fpic  -g -O2 -fno-omit-frame-pointer -mno-omit-leaf-frame-pointer -ffile-prefix-map=/build/r-base-FPSnzf/r-base-4.3.3=. -fstack-protector-strong -fstack-clash-protection -Wformat -Werror=format-security -fcf-protection -fdebug-prefix-map=/build/r-base-FPSnzf/r-base-4.3.3=/usr/src/r-base-4.3.3-2build2 -Wdate-time -D_FORTIFY_SOURCE=3  -c locklist.c -o locklist.o
gcc -shared -L/usr/lib/R/lib -Wl,-Bsymbolic-functions -flto=auto -ffat-lto-objects -Wl,-z,relro -o filelock.so init.o filelock-unix.o locklist.o -L/usr/lib/R/lib -lR
make[1]: Leaving directory '/tmp/RtmpoYZK6r/R.INSTALL608c14467fe5/pak/src/library/filelock/src'
installing to /usr/local/lib/R/site-library/00LOCK-pak/00new/pak/library/filelock/libs

Compiling jsonlite
using C compiler: ‘gcc (Ubuntu 13.3.0-6ubuntu2~24.04.1) 13.3.0’
make[1]: Entering directory '/tmp/RtmpoYZK6r/R.INSTALL608c14467fe5/pak/src/library/jsonlite/src'
gcc -I"/usr/share/R/include" -DNDEBUG -Iyajl/api     -fvisibility=hidden  -fpic  -g -O2 -fno-omit-frame-pointer -mno-omit-leaf-frame-pointer -ffile-prefix-map=/build/r-base-FPSnzf/r-base-4.3.3=. -fstack-protector-strong -fstack-clash-protection -Wformat -Werror=format-security -fcf-protection -fdebug-prefix-map=/build/r-base-FPSnzf/r-base-4.3.3=/usr/src/r-base-4.3.3-2build2 -Wdate-time -D_FORTIFY_SOURCE=3  -c base64.c -o base64.o
gcc -I"/usr/share/R/include" -DNDEBUG -Iyajl/api     -fvisibility=hidden  -fpic  -g -O2 -fno-omit-frame-pointer -mno-omit-leaf-frame-pointer -ffile-prefix-map=/build/r-base-FPSnzf/r-base-4.3.3=. -fstack-protector-strong -fstack-clash-protection -Wformat -Werror=format-security -fcf-protection -fdebug-prefix-map=/build/r-base-FPSnzf/r-base-4.3.3=/usr/src/r-base-4.3.3-2build2 -Wdate-time -D_FORTIFY_SOURCE=3  -c collapse_array.c -o collapse_array.o
gcc -I"/usr/share/R/include" -DNDEBUG -Iyajl/api     -fvisibility=hidden  -fpic  -g -O2 -fno-omit-frame-pointer -mno-omit-leaf-frame-pointer -ffile-prefix-map=/build/r-base-FPSnzf/r-base-4.3.3=. -fstack-protector-strong -fstack-clash-protection -Wformat -Werror=format-security -fcf-protection -fdebug-prefix-map=/build/r-base-FPSnzf/r-base-4.3.3=/usr/src/r-base-4.3.3-2build2 -Wdate-time -D_FORTIFY_SOURCE=3  -c collapse_object.c -o collapse_object.o
gcc -I"/usr/share/R/include" -DNDEBUG -Iyajl/api     -fvisibility=hidden  -fpic  -g -O2 -fno-omit-frame-pointer -mno-omit-leaf-frame-pointer -ffile-prefix-map=/build/r-base-FPSnzf/r-base-4.3.3=. -fstack-protector-strong -fstack-clash-protection -Wformat -Werror=format-security -fcf-protection -fdebug-prefix-map=/build/r-base-FPSnzf/r-base-4.3.3=/usr/src/r-base-4.3.3-2build2 -Wdate-time -D_FORTIFY_SOURCE=3  -c collapse_pretty.c -o collapse_pretty.o
gcc -I"/usr/share/R/include" -DNDEBUG -Iyajl/api     -fvisibility=hidden  -fpic  -g -O2 -fno-omit-frame-pointer -mno-omit-leaf-frame-pointer -ffile-prefix-map=/build/r-base-FPSnzf/r-base-4.3.3=. -fstack-protector-strong -fstack-clash-protection -Wformat -Werror=format-security -fcf-protection -fdebug-prefix-map=/build/r-base-FPSnzf/r-base-4.3.3=/usr/src/r-base-4.3.3-2build2 -Wdate-time -D_FORTIFY_SOURCE=3  -c escape_chars.c -o escape_chars.o
gcc -I"/usr/share/R/include" -DNDEBUG -Iyajl/api     -fvisibility=hidden  -fpic  -g -O2 -fno-omit-frame-pointer -mno-omit-leaf-frame-pointer -ffile-prefix-map=/build/r-base-FPSnzf/r-base-4.3.3=. -fstack-protector-strong -fstack-clash-protection -Wformat -Werror=format-security -fcf-protection -fdebug-prefix-map=/build/r-base-FPSnzf/r-base-4.3.3=/usr/src/r-base-4.3.3-2build2 -Wdate-time -D_FORTIFY_SOURCE=3  -c integer64_to_na.c -o integer64_to_na.o
gcc -I"/usr/share/R/include" -DNDEBUG -Iyajl/api     -fvisibility=hidden  -fpic  -g -O2 -fno-omit-frame-pointer -mno-omit-leaf-frame-pointer -ffile-prefix-map=/build/r-base-FPSnzf/r-base-4.3.3=. -fstack-protector-strong -fstack-clash-protection -Wformat -Werror=format-security -fcf-protection -fdebug-prefix-map=/build/r-base-FPSnzf/r-base-4.3.3=/usr/src/r-base-4.3.3-2build2 -Wdate-time -D_FORTIFY_SOURCE=3  -c is_datelist.c -o is_datelist.o
gcc -I"/usr/share/R/include" -DNDEBUG -Iyajl/api     -fvisibility=hidden  -fpic  -g -O2 -fno-omit-frame-pointer -mno-omit-leaf-frame-pointer -ffile-prefix-map=/build/r-base-FPSnzf/r-base-4.3.3=. -fstack-protector-strong -fstack-clash-protection -Wformat -Werror=format-security -fcf-protection -fdebug-prefix-map=/build/r-base-FPSnzf/r-base-4.3.3=/usr/src/r-base-4.3.3-2build2 -Wdate-time -D_FORTIFY_SOURCE=3  -c is_recordlist.c -o is_recordlist.o
gcc -I"/usr/share/R/include" -DNDEBUG -Iyajl/api     -fvisibility=hidden  -fpic  -g -O2 -fno-omit-frame-pointer -mno-omit-leaf-frame-pointer -ffile-prefix-map=/build/r-base-FPSnzf/r-base-4.3.3=. -fstack-protector-strong -fstack-clash-protection -Wformat -Werror=format-security -fcf-protection -fdebug-prefix-map=/build/r-base-FPSnzf/r-base-4.3.3=/usr/src/r-base-4.3.3-2build2 -Wdate-time -D_FORTIFY_SOURCE=3  -c is_scalarlist.c -o is_scalarlist.o
gcc -I"/usr/share/R/include" -DNDEBUG -Iyajl/api     -fvisibility=hidden  -fpic  -g -O2 -fno-omit-frame-pointer -mno-omit-leaf-frame-pointer -ffile-prefix-map=/build/r-base-FPSnzf/r-base-4.3.3=. -fstack-protector-strong -fstack-clash-protection -Wformat -Werror=format-security -fcf-protection -fdebug-prefix-map=/build/r-base-FPSnzf/r-base-4.3.3=/usr/src/r-base-4.3.3-2build2 -Wdate-time -D_FORTIFY_SOURCE=3  -c modp_numtoa.c -o modp_numtoa.o
gcc -I"/usr/share/R/include" -DNDEBUG -Iyajl/api     -fvisibility=hidden  -fpic  -g -O2 -fno-omit-frame-pointer -mno-omit-leaf-frame-pointer -ffile-prefix-map=/build/r-base-FPSnzf/r-base-4.3.3=. -fstack-protector-strong -fstack-clash-protection -Wformat -Werror=format-security -fcf-protection -fdebug-prefix-map=/build/r-base-FPSnzf/r-base-4.3.3=/usr/src/r-base-4.3.3-2build2 -Wdate-time -D_FORTIFY_SOURCE=3  -c null_to_na.c -o null_to_na.o
gcc -I"/usr/share/R/include" -DNDEBUG -Iyajl/api     -fvisibility=hidden  -fpic  -g -O2 -fno-omit-frame-pointer -mno-omit-leaf-frame-pointer -ffile-prefix-map=/build/r-base-FPSnzf/r-base-4.3.3=. -fstack-protector-strong -fstack-clash-protection -Wformat -Werror=format-security -fcf-protection -fdebug-prefix-map=/build/r-base-FPSnzf/r-base-4.3.3=/usr/src/r-base-4.3.3-2build2 -Wdate-time -D_FORTIFY_SOURCE=3  -c num_to_char.c -o num_to_char.o
gcc -I"/usr/share/R/include" -DNDEBUG -Iyajl/api     -fvisibility=hidden  -fpic  -g -O2 -fno-omit-frame-pointer -mno-omit-leaf-frame-pointer -ffile-prefix-map=/build/r-base-FPSnzf/r-base-4.3.3=. -fstack-protector-strong -fstack-clash-protection -Wformat -Werror=format-security -fcf-protection -fdebug-prefix-map=/build/r-base-FPSnzf/r-base-4.3.3=/usr/src/r-base-4.3.3-2build2 -Wdate-time -D_FORTIFY_SOURCE=3  -c parse.c -o parse.o
gcc -I"/usr/share/R/include" -DNDEBUG -Iyajl/api     -fvisibility=hidden  -fpic  -g -O2 -fno-omit-frame-pointer -mno-omit-leaf-frame-pointer -ffile-prefix-map=/build/r-base-FPSnzf/r-base-4.3.3=. -fstack-protector-strong -fstack-clash-protection -Wformat -Werror=format-security -fcf-protection -fdebug-prefix-map=/build/r-base-FPSnzf/r-base-4.3.3=/usr/src/r-base-4.3.3-2build2 -Wdate-time -D_FORTIFY_SOURCE=3  -c prettify.c -o prettify.o
gcc -I"/usr/share/R/include" -DNDEBUG -Iyajl/api     -fvisibility=hidden  -fpic  -g -O2 -fno-omit-frame-pointer -mno-omit-leaf-frame-pointer -ffile-prefix-map=/build/r-base-FPSnzf/r-base-4.3.3=. -fstack-protector-strong -fstack-clash-protection -Wformat -Werror=format-security -fcf-protection -fdebug-prefix-map=/build/r-base-FPSnzf/r-base-4.3.3=/usr/src/r-base-4.3.3-2build2 -Wdate-time -D_FORTIFY_SOURCE=3  -c push_parser.c -o push_parser.o
gcc -I"/usr/share/R/include" -DNDEBUG -Iyajl/api     -fvisibility=hidden  -fpic  -g -O2 -fno-omit-frame-pointer -mno-omit-leaf-frame-pointer -ffile-prefix-map=/build/r-base-FPSnzf/r-base-4.3.3=. -fstack-protector-strong -fstack-clash-protection -Wformat -Werror=format-security -fcf-protection -fdebug-prefix-map=/build/r-base-FPSnzf/r-base-4.3.3=/usr/src/r-base-4.3.3-2build2 -Wdate-time -D_FORTIFY_SOURCE=3  -c r-base64.c -o r-base64.o
gcc -I"/usr/share/R/include" -DNDEBUG -Iyajl/api     -fvisibility=hidden  -fpic  -g -O2 -fno-omit-frame-pointer -mno-omit-leaf-frame-pointer -ffile-prefix-map=/build/r-base-FPSnzf/r-base-4.3.3=. -fstack-protector-strong -fstack-clash-protection -Wformat -Werror=format-security -fcf-protection -fdebug-prefix-map=/build/r-base-FPSnzf/r-base-4.3.3=/usr/src/r-base-4.3.3-2build2 -Wdate-time -D_FORTIFY_SOURCE=3  -c register.c -o register.o
gcc -I"/usr/share/R/include" -DNDEBUG -Iyajl/api     -fvisibility=hidden  -fpic  -g -O2 -fno-omit-frame-pointer -mno-omit-leaf-frame-pointer -ffile-prefix-map=/build/r-base-FPSnzf/r-base-4.3.3=. -fstack-protector-strong -fstack-clash-protection -Wformat -Werror=format-security -fcf-protection -fdebug-prefix-map=/build/r-base-FPSnzf/r-base-4.3.3=/usr/src/r-base-4.3.3-2build2 -Wdate-time -D_FORTIFY_SOURCE=3  -c row_collapse.c -o row_collapse.o
gcc -I"/usr/share/R/include" -DNDEBUG -Iyajl/api     -fvisibility=hidden  -fpic  -g -O2 -fno-omit-frame-pointer -mno-omit-leaf-frame-pointer -ffile-prefix-map=/build/r-base-FPSnzf/r-base-4.3.3=. -fstack-protector-strong -fstack-clash-protection -Wformat -Werror=format-security -fcf-protection -fdebug-prefix-map=/build/r-base-FPSnzf/r-base-4.3.3=/usr/src/r-base-4.3.3-2build2 -Wdate-time -D_FORTIFY_SOURCE=3  -c transpose_list.c -o transpose_list.o
gcc -I"/usr/share/R/include" -DNDEBUG -Iyajl/api     -fvisibility=hidden  -fpic  -g -O2 -fno-omit-frame-pointer -mno-omit-leaf-frame-pointer -ffile-prefix-map=/build/r-base-FPSnzf/r-base-4.3.3=. -fstack-protector-strong -fstack-clash-protection -Wformat -Werror=format-security -fcf-protection -fdebug-prefix-map=/build/r-base-FPSnzf/r-base-4.3.3=/usr/src/r-base-4.3.3-2build2 -Wdate-time -D_FORTIFY_SOURCE=3  -c validate.c -o validate.o
gcc -I"/usr/share/R/include" -DNDEBUG -Iyajl/api     -fvisibility=hidden  -fpic  -g -O2 -fno-omit-frame-pointer -mno-omit-leaf-frame-pointer -ffile-prefix-map=/build/r-base-FPSnzf/r-base-4.3.3=. -fstack-protector-strong -fstack-clash-protection -Wformat -Werror=format-security -fcf-protection -fdebug-prefix-map=/build/r-base-FPSnzf/r-base-4.3.3=/usr/src/r-base-4.3.3-2build2 -Wdate-time -D_FORTIFY_SOURCE=3  -c yajl/yajl.c -o yajl/yajl.o
gcc -I"/usr/share/R/include" -DNDEBUG -Iyajl/api     -fvisibility=hidden  -fpic  -g -O2 -fno-omit-frame-pointer -mno-omit-leaf-frame-pointer -ffile-prefix-map=/build/r-base-FPSnzf/r-base-4.3.3=. -fstack-protector-strong -fstack-clash-protection -Wformat -Werror=format-security -fcf-protection -fdebug-prefix-map=/build/r-base-FPSnzf/r-base-4.3.3=/usr/src/r-base-4.3.3-2build2 -Wdate-time -D_FORTIFY_SOURCE=3  -c yajl/yajl_alloc.c -o yajl/yajl_alloc.o
gcc -I"/usr/share/R/include" -DNDEBUG -Iyajl/api     -fvisibility=hidden  -fpic  -g -O2 -fno-omit-frame-pointer -mno-omit-leaf-frame-pointer -ffile-prefix-map=/build/r-base-FPSnzf/r-base-4.3.3=. -fstack-protector-strong -fstack-clash-protection -Wformat -Werror=format-security -fcf-protection -fdebug-prefix-map=/build/r-base-FPSnzf/r-base-4.3.3=/usr/src/r-base-4.3.3-2build2 -Wdate-time -D_FORTIFY_SOURCE=3  -c yajl/yajl_buf.c -o yajl/yajl_buf.o
gcc -I"/usr/share/R/include" -DNDEBUG -Iyajl/api     -fvisibility=hidden  -fpic  -g -O2 -fno-omit-frame-pointer -mno-omit-leaf-frame-pointer -ffile-prefix-map=/build/r-base-FPSnzf/r-base-4.3.3=. -fstack-protector-strong -fstack-clash-protection -Wformat -Werror=format-security -fcf-protection -fdebug-prefix-map=/build/r-base-FPSnzf/r-base-4.3.3=/usr/src/r-base-4.3.3-2build2 -Wdate-time -D_FORTIFY_SOURCE=3  -c yajl/yajl_encode.c -o yajl/yajl_encode.o
gcc -I"/usr/share/R/include" -DNDEBUG -Iyajl/api     -fvisibility=hidden  -fpic  -g -O2 -fno-omit-frame-pointer -mno-omit-leaf-frame-pointer -ffile-prefix-map=/build/r-base-FPSnzf/r-base-4.3.3=. -fstack-protector-strong -fstack-clash-protection -Wformat -Werror=format-security -fcf-protection -fdebug-prefix-map=/build/r-base-FPSnzf/r-base-4.3.3=/usr/src/r-base-4.3.3-2build2 -Wdate-time -D_FORTIFY_SOURCE=3  -c yajl/yajl_gen.c -o yajl/yajl_gen.o
gcc -I"/usr/share/R/include" -DNDEBUG -Iyajl/api     -fvisibility=hidden  -fpic  -g -O2 -fno-omit-frame-pointer -mno-omit-leaf-frame-pointer -ffile-prefix-map=/build/r-base-FPSnzf/r-base-4.3.3=. -fstack-protector-strong -fstack-clash-protection -Wformat -Werror=format-security -fcf-protection -fdebug-prefix-map=/build/r-base-FPSnzf/r-base-4.3.3=/usr/src/r-base-4.3.3-2build2 -Wdate-time -D_FORTIFY_SOURCE=3  -c yajl/yajl_lex.c -o yajl/yajl_lex.o
gcc -I"/usr/share/R/include" -DNDEBUG -Iyajl/api     -fvisibility=hidden  -fpic  -g -O2 -fno-omit-frame-pointer -mno-omit-leaf-frame-pointer -ffile-prefix-map=/build/r-base-FPSnzf/r-base-4.3.3=. -fstack-protector-strong -fstack-clash-protection -Wformat -Werror=format-security -fcf-protection -fdebug-prefix-map=/build/r-base-FPSnzf/r-base-4.3.3=/usr/src/r-base-4.3.3-2build2 -Wdate-time -D_FORTIFY_SOURCE=3  -c yajl/yajl_parser.c -o yajl/yajl_parser.o
gcc -I"/usr/share/R/include" -DNDEBUG -Iyajl/api     -fvisibility=hidden  -fpic  -g -O2 -fno-omit-frame-pointer -mno-omit-leaf-frame-pointer -ffile-prefix-map=/build/r-base-FPSnzf/r-base-4.3.3=. -fstack-protector-strong -fstack-clash-protection -Wformat -Werror=format-security -fcf-protection -fdebug-prefix-map=/build/r-base-FPSnzf/r-base-4.3.3=/usr/src/r-base-4.3.3-2build2 -Wdate-time -D_FORTIFY_SOURCE=3  -c yajl/yajl_tree.c -o yajl/yajl_tree.o
ar rcs yajl/libstatyajl.a yajl/yajl.o yajl/yajl_alloc.o yajl/yajl_buf.o yajl/yajl_encode.o yajl/yajl_gen.o yajl/yajl_lex.o yajl/yajl_parser.o yajl/yajl_tree.o
gcc -shared -L/usr/lib/R/lib -Wl,-Bsymbolic-functions -flto=auto -ffat-lto-objects -Wl,-z,relro -o jsonlite.so base64.o collapse_array.o collapse_object.o collapse_pretty.o escape_chars.o integer64_to_na.o is_datelist.o is_recordlist.o is_scalarlist.o modp_numtoa.o null_to_na.o num_to_char.o parse.o prettify.o push_parser.o r-base64.o register.o row_collapse.o transpose_list.o validate.o -Lyajl -lstatyajl -L/usr/lib/R/lib -lR
make[1]: Leaving directory '/tmp/RtmpoYZK6r/R.INSTALL608c14467fe5/pak/src/library/jsonlite/src'
installing to /usr/local/lib/R/site-library/00LOCK-pak/00new/pak/library/jsonlite/libs
in method for ‘asJSON’ with signature ‘"AsIs"’: no definition for class “AsIs”
in method for ‘asJSON’ with signature ‘"ITime"’: no definition for class “ITime”
in method for ‘asJSON’ with signature ‘"hms"’: no definition for class “hms”
in method for ‘asJSON’ with signature ‘"json"’: no definition for class “json”
in method for ‘asJSON’ with signature ‘"integer64"’: no definition for class “integer64”
in method for ‘asJSON’ with signature ‘"pairlist"’: no definition for class “pairlist”
in method for ‘asJSON’ with signature ‘"blob"’: no definition for class “blob”
in method for ‘asJSON’ with signature ‘"scalar"’: no definition for class “scalar”
in method for ‘asJSON’ with signature ‘"sf"’: no definition for class “sf”
in method for ‘asJSON’ with signature ‘"sfc"’: no definition for class “sfc”
in method for ‘asJSON’ with signature ‘"vctrs_vctr"’: no definition for class “vctrs_vctr”

Compiling lpSolve
using C compiler: ‘gcc (Ubuntu 13.3.0-6ubuntu2~24.04.1) 13.3.0’
make[1]: Entering directory '/tmp/RtmpoYZK6r/R.INSTALL608c14467fe5/pak/src/library/lpSolve/src'
gcc -I"/usr/share/R/include" -DNDEBUG -I . -DINTEGERTIME -DPARSER_LP -DBUILDING_FOR_R -DYY_NEVER_INTERACTIVE -DUSRDLL -DCLOCKTIME -DRoleIsExternalInvEngine -DINVERSE_ACTIVE=INVERSE_LUSOL -DINLINE=static -DParanoia      -fpic  -g -O2 -fno-omit-frame-pointer -mno-omit-leaf-frame-pointer -ffile-prefix-map=/build/r-base-FPSnzf/r-base-4.3.3=. -fstack-protector-strong -fstack-clash-protection -Wformat -Werror=format-security -fcf-protection -fdebug-prefix-map=/build/r-base-FPSnzf/r-base-4.3.3=/usr/src/r-base-4.3.3-2build2 -Wdate-time -D_FORTIFY_SOURCE=3  -c colamd.c -o colamd.o
gcc -I"/usr/share/R/include" -DNDEBUG -I . -DINTEGERTIME -DPARSER_LP -DBUILDING_FOR_R -DYY_NEVER_INTERACTIVE -DUSRDLL -DCLOCKTIME -DRoleIsExternalInvEngine -DINVERSE_ACTIVE=INVERSE_LUSOL -DINLINE=static -DParanoia      -fpic  -g -O2 -fno-omit-frame-pointer -mno-omit-leaf-frame-pointer -ffile-prefix-map=/build/r-base-FPSnzf/r-base-4.3.3=. -fstack-protector-strong -fstack-clash-protection -Wformat -Werror=format-security -fcf-protection -fdebug-prefix-map=/build/r-base-FPSnzf/r-base-4.3.3=/usr/src/r-base-4.3.3-2build2 -Wdate-time -D_FORTIFY_SOURCE=3  -c commonlib.c -o commonlib.o
gcc -I"/usr/share/R/include" -DNDEBUG -I . -DINTEGERTIME -DPARSER_LP -DBUILDING_FOR_R -DYY_NEVER_INTERACTIVE -DUSRDLL -DCLOCKTIME -DRoleIsExternalInvEngine -DINVERSE_ACTIVE=INVERSE_LUSOL -DINLINE=static -DParanoia      -fpic  -g -O2 -fno-omit-frame-pointer -mno-omit-leaf-frame-pointer -ffile-prefix-map=/build/r-base-FPSnzf/r-base-4.3.3=. -fstack-protector-strong -fstack-clash-protection -Wformat -Werror=format-security -fcf-protection -fdebug-prefix-map=/build/r-base-FPSnzf/r-base-4.3.3=/usr/src/r-base-4.3.3-2build2 -Wdate-time -D_FORTIFY_SOURCE=3  -c hbio.c -o hbio.o
gcc -I"/usr/share/R/include" -DNDEBUG -I . -DINTEGERTIME -DPARSER_LP -DBUILDING_FOR_R -DYY_NEVER_INTERACTIVE -DUSRDLL -DCLOCKTIME -DRoleIsExternalInvEngine -DINVERSE_ACTIVE=INVERSE_LUSOL -DINLINE=static -DParanoia      -fpic  -g -O2 -fno-omit-frame-pointer -mno-omit-leaf-frame-pointer -ffile-prefix-map=/build/r-base-FPSnzf/r-base-4.3.3=. -fstack-protector-strong -fstack-clash-protection -Wformat -Werror=format-security -fcf-protection -fdebug-prefix-map=/build/r-base-FPSnzf/r-base-4.3.3=/usr/src/r-base-4.3.3-2build2 -Wdate-time -D_FORTIFY_SOURCE=3  -c ini.c -o ini.o
gcc -I"/usr/share/R/include" -DNDEBUG -I . -DINTEGERTIME -DPARSER_LP -DBUILDING_FOR_R -DYY_NEVER_INTERACTIVE -DUSRDLL -DCLOCKTIME -DRoleIsExternalInvEngine -DINVERSE_ACTIVE=INVERSE_LUSOL -DINLINE=static -DParanoia      -fpic  -g -O2 -fno-omit-frame-pointer -mno-omit-leaf-frame-pointer -ffile-prefix-map=/build/r-base-FPSnzf/r-base-4.3.3=. -fstack-protector-strong -fstack-clash-protection -Wformat -Werror=format-security -fcf-protection -fdebug-prefix-map=/build/r-base-FPSnzf/r-base-4.3.3=/usr/src/r-base-4.3.3-2build2 -Wdate-time -D_FORTIFY_SOURCE=3  -c init.c -o init.o
gcc -I"/usr/share/R/include" -DNDEBUG -I . -DINTEGERTIME -DPARSER_LP -DBUILDING_FOR_R -DYY_NEVER_INTERACTIVE -DUSRDLL -DCLOCKTIME -DRoleIsExternalInvEngine -DINVERSE_ACTIVE=INVERSE_LUSOL -DINLINE=static -DParanoia      -fpic  -g -O2 -fno-omit-frame-pointer -mno-omit-leaf-frame-pointer -ffile-prefix-map=/build/r-base-FPSnzf/r-base-4.3.3=. -fstack-protector-strong -fstack-clash-protection -Wformat -Werror=format-security -fcf-protection -fdebug-prefix-map=/build/r-base-FPSnzf/r-base-4.3.3=/usr/src/r-base-4.3.3-2build2 -Wdate-time -D_FORTIFY_SOURCE=3  -c isfixedvar.c -o isfixedvar.o
gcc -I"/usr/share/R/include" -DNDEBUG -I . -DINTEGERTIME -DPARSER_LP -DBUILDING_FOR_R -DYY_NEVER_INTERACTIVE -DUSRDLL -DCLOCKTIME -DRoleIsExternalInvEngine -DINVERSE_ACTIVE=INVERSE_LUSOL -DINLINE=static -DParanoia      -fpic  -g -O2 -fno-omit-frame-pointer -mno-omit-leaf-frame-pointer -ffile-prefix-map=/build/r-base-FPSnzf/r-base-4.3.3=. -fstack-protector-strong -fstack-clash-protection -Wformat -Werror=format-security -fcf-protection -fdebug-prefix-map=/build/r-base-FPSnzf/r-base-4.3.3=/usr/src/r-base-4.3.3-2build2 -Wdate-time -D_FORTIFY_SOURCE=3  -c lp_Hash.c -o lp_Hash.o
gcc -I"/usr/share/R/include" -DNDEBUG -I . -DINTEGERTIME -DPARSER_LP -DBUILDING_FOR_R -DYY_NEVER_INTERACTIVE -DUSRDLL -DCLOCKTIME -DRoleIsExternalInvEngine -DINVERSE_ACTIVE=INVERSE_LUSOL -DINLINE=static -DParanoia      -fpic  -g -O2 -fno-omit-frame-pointer -mno-omit-leaf-frame-pointer -ffile-prefix-map=/build/r-base-FPSnzf/r-base-4.3.3=. -fstack-protector-strong -fstack-clash-protection -Wformat -Werror=format-security -fcf-protection -fdebug-prefix-map=/build/r-base-FPSnzf/r-base-4.3.3=/usr/src/r-base-4.3.3-2build2 -Wdate-time -D_FORTIFY_SOURCE=3  -c lp_LUSOL.c -o lp_LUSOL.o
gcc -I"/usr/share/R/include" -DNDEBUG -I . -DINTEGERTIME -DPARSER_LP -DBUILDING_FOR_R -DYY_NEVER_INTERACTIVE -DUSRDLL -DCLOCKTIME -DRoleIsExternalInvEngine -DINVERSE_ACTIVE=INVERSE_LUSOL -DINLINE=static -DParanoia      -fpic  -g -O2 -fno-omit-frame-pointer -mno-omit-leaf-frame-pointer -ffile-prefix-map=/build/r-base-FPSnzf/r-base-4.3.3=. -fstack-protector-strong -fstack-clash-protection -Wformat -Werror=format-security -fcf-protection -fdebug-prefix-map=/build/r-base-FPSnzf/r-base-4.3.3=/usr/src/r-base-4.3.3-2build2 -Wdate-time -D_FORTIFY_SOURCE=3  -c lp_MDO.c -o lp_MDO.o
gcc -I"/usr/share/R/include" -DNDEBUG -I . -DINTEGERTIME -DPARSER_LP -DBUILDING_FOR_R -DYY_NEVER_INTERACTIVE -DUSRDLL -DCLOCKTIME -DRoleIsExternalInvEngine -DINVERSE_ACTIVE=INVERSE_LUSOL -DINLINE=static -DParanoia      -fpic  -g -O2 -fno-omit-frame-pointer -mno-omit-leaf-frame-pointer -ffile-prefix-map=/build/r-base-FPSnzf/r-base-4.3.3=. -fstack-protector-strong -fstack-clash-protection -Wformat -Werror=format-security -fcf-protection -fdebug-prefix-map=/build/r-base-FPSnzf/r-base-4.3.3=/usr/src/r-base-4.3.3-2build2 -Wdate-time -D_FORTIFY_SOURCE=3  -c lp_MPS.c -o lp_MPS.o
gcc -I"/usr/share/R/include" -DNDEBUG -I . -DINTEGERTIME -DPARSER_LP -DBUILDING_FOR_R -DYY_NEVER_INTERACTIVE -DUSRDLL -DCLOCKTIME -DRoleIsExternalInvEngine -DINVERSE_ACTIVE=INVERSE_LUSOL -DINLINE=static -DParanoia      -fpic  -g -O2 -fno-omit-frame-pointer -mno-omit-leaf-frame-pointer -ffile-prefix-map=/build/r-base-FPSnzf/r-base-4.3.3=. -fstack-protector-strong -fstack-clash-protection -Wformat -Werror=format-security -fcf-protection -fdebug-prefix-map=/build/r-base-FPSnzf/r-base-4.3.3=/usr/src/r-base-4.3.3-2build2 -Wdate-time -D_FORTIFY_SOURCE=3  -c lp_SOS.c -o lp_SOS.o
gcc -I"/usr/share/R/include" -DNDEBUG -I . -DINTEGERTIME -DPARSER_LP -DBUILDING_FOR_R -DYY_NEVER_INTERACTIVE -DUSRDLL -DCLOCKTIME -DRoleIsExternalInvEngine -DINVERSE_ACTIVE=INVERSE_LUSOL -DINLINE=static -DParanoia      -fpic  -g -O2 -fno-omit-frame-pointer -mno-omit-leaf-frame-pointer -ffile-prefix-map=/build/r-base-FPSnzf/r-base-4.3.3=. -fstack-protector-strong -fstack-clash-protection -Wformat -Werror=format-security -fcf-protection -fdebug-prefix-map=/build/r-base-FPSnzf/r-base-4.3.3=/usr/src/r-base-4.3.3-2build2 -Wdate-time -D_FORTIFY_SOURCE=3  -c lp_crash.c -o lp_crash.o
gcc -I"/usr/share/R/include" -DNDEBUG -I . -DINTEGERTIME -DPARSER_LP -DBUILDING_FOR_R -DYY_NEVER_INTERACTIVE -DUSRDLL -DCLOCKTIME -DRoleIsExternalInvEngine -DINVERSE_ACTIVE=INVERSE_LUSOL -DINLINE=static -DParanoia      -fpic  -g -O2 -fno-omit-frame-pointer -mno-omit-leaf-frame-pointer -ffile-prefix-map=/build/r-base-FPSnzf/r-base-4.3.3=. -fstack-protector-strong -fstack-clash-protection -Wformat -Werror=format-security -fcf-protection -fdebug-prefix-map=/build/r-base-FPSnzf/r-base-4.3.3=/usr/src/r-base-4.3.3-2build2 -Wdate-time -D_FORTIFY_SOURCE=3  -c lp_lib.c -o lp_lib.o
gcc -I"/usr/share/R/include" -DNDEBUG -I . -DINTEGERTIME -DPARSER_LP -DBUILDING_FOR_R -DYY_NEVER_INTERACTIVE -DUSRDLL -DCLOCKTIME -DRoleIsExternalInvEngine -DINVERSE_ACTIVE=INVERSE_LUSOL -DINLINE=static -DParanoia      -fpic  -g -O2 -fno-omit-frame-pointer -mno-omit-leaf-frame-pointer -ffile-prefix-map=/build/r-base-FPSnzf/r-base-4.3.3=. -fstack-protector-strong -fstack-clash-protection -Wformat -Werror=format-security -fcf-protection -fdebug-prefix-map=/build/r-base-FPSnzf/r-base-4.3.3=/usr/src/r-base-4.3.3-2build2 -Wdate-time -D_FORTIFY_SOURCE=3  -c lp_matrix.c -o lp_matrix.o
gcc -I"/usr/share/R/include" -DNDEBUG -I . -DINTEGERTIME -DPARSER_LP -DBUILDING_FOR_R -DYY_NEVER_INTERACTIVE -DUSRDLL -DCLOCKTIME -DRoleIsExternalInvEngine -DINVERSE_ACTIVE=INVERSE_LUSOL -DINLINE=static -DParanoia      -fpic  -g -O2 -fno-omit-frame-pointer -mno-omit-leaf-frame-pointer -ffile-prefix-map=/build/r-base-FPSnzf/r-base-4.3.3=. -fstack-protector-strong -fstack-clash-protection -Wformat -Werror=format-security -fcf-protection -fdebug-prefix-map=/build/r-base-FPSnzf/r-base-4.3.3=/usr/src/r-base-4.3.3-2build2 -Wdate-time -D_FORTIFY_SOURCE=3  -c lp_mipbb.c -o lp_mipbb.o
gcc -I"/usr/share/R/include" -DNDEBUG -I . -DINTEGERTIME -DPARSER_LP -DBUILDING_FOR_R -DYY_NEVER_INTERACTIVE -DUSRDLL -DCLOCKTIME -DRoleIsExternalInvEngine -DINVERSE_ACTIVE=INVERSE_LUSOL -DINLINE=static -DParanoia      -fpic  -g -O2 -fno-omit-frame-pointer -mno-omit-leaf-frame-pointer -ffile-prefix-map=/build/r-base-FPSnzf/r-base-4.3.3=. -fstack-protector-strong -fstack-clash-protection -Wformat -Werror=format-security -fcf-protection -fdebug-prefix-map=/build/r-base-FPSnzf/r-base-4.3.3=/usr/src/r-base-4.3.3-2build2 -Wdate-time -D_FORTIFY_SOURCE=3  -c lp_params.c -o lp_params.o
gcc -I"/usr/share/R/include" -DNDEBUG -I . -DINTEGERTIME -DPARSER_LP -DBUILDING_FOR_R -DYY_NEVER_INTERACTIVE -DUSRDLL -DCLOCKTIME -DRoleIsExternalInvEngine -DINVERSE_ACTIVE=INVERSE_LUSOL -DINLINE=static -DParanoia      -fpic  -g -O2 -fno-omit-frame-pointer -mno-omit-leaf-frame-pointer -ffile-prefix-map=/build/r-base-FPSnzf/r-base-4.3.3=. -fstack-protector-strong -fstack-clash-protection -Wformat -Werror=format-security -fcf-protection -fdebug-prefix-map=/build/r-base-FPSnzf/r-base-4.3.3=/usr/src/r-base-4.3.3-2build2 -Wdate-time -D_FORTIFY_SOURCE=3  -c lp_presolve.c -o lp_presolve.o
gcc -I"/usr/share/R/include" -DNDEBUG -I . -DINTEGERTIME -DPARSER_LP -DBUILDING_FOR_R -DYY_NEVER_INTERACTIVE -DUSRDLL -DCLOCKTIME -DRoleIsExternalInvEngine -DINVERSE_ACTIVE=INVERSE_LUSOL -DINLINE=static -DParanoia      -fpic  -g -O2 -fno-omit-frame-pointer -mno-omit-leaf-frame-pointer -ffile-prefix-map=/build/r-base-FPSnzf/r-base-4.3.3=. -fstack-protector-strong -fstack-clash-protection -Wformat -Werror=format-security -fcf-protection -fdebug-prefix-map=/build/r-base-FPSnzf/r-base-4.3.3=/usr/src/r-base-4.3.3-2build2 -Wdate-time -D_FORTIFY_SOURCE=3  -c lp_price.c -o lp_price.o
gcc -I"/usr/share/R/include" -DNDEBUG -I . -DINTEGERTIME -DPARSER_LP -DBUILDING_FOR_R -DYY_NEVER_INTERACTIVE -DUSRDLL -DCLOCKTIME -DRoleIsExternalInvEngine -DINVERSE_ACTIVE=INVERSE_LUSOL -DINLINE=static -DParanoia      -fpic  -g -O2 -fno-omit-frame-pointer -mno-omit-leaf-frame-pointer -ffile-prefix-map=/build/r-base-FPSnzf/r-base-4.3.3=. -fstack-protector-strong -fstack-clash-protection -Wformat -Werror=format-security -fcf-protection -fdebug-prefix-map=/build/r-base-FPSnzf/r-base-4.3.3=/usr/src/r-base-4.3.3-2build2 -Wdate-time -D_FORTIFY_SOURCE=3  -c lp_pricePSE.c -o lp_pricePSE.o
gcc -I"/usr/share/R/include" -DNDEBUG -I . -DINTEGERTIME -DPARSER_LP -DBUILDING_FOR_R -DYY_NEVER_INTERACTIVE -DUSRDLL -DCLOCKTIME -DRoleIsExternalInvEngine -DINVERSE_ACTIVE=INVERSE_LUSOL -DINLINE=static -DParanoia      -fpic  -g -O2 -fno-omit-frame-pointer -mno-omit-leaf-frame-pointer -ffile-prefix-map=/build/r-base-FPSnzf/r-base-4.3.3=. -fstack-protector-strong -fstack-clash-protection -Wformat -Werror=format-security -fcf-protection -fdebug-prefix-map=/build/r-base-FPSnzf/r-base-4.3.3=/usr/src/r-base-4.3.3-2build2 -Wdate-time -D_FORTIFY_SOURCE=3  -c lp_report.c -o lp_report.o
gcc -I"/usr/share/R/include" -DNDEBUG -I . -DINTEGERTIME -DPARSER_LP -DBUILDING_FOR_R -DYY_NEVER_INTERACTIVE -DUSRDLL -DCLOCKTIME -DRoleIsExternalInvEngine -DINVERSE_ACTIVE=INVERSE_LUSOL -DINLINE=static -DParanoia      -fpic  -g -O2 -fno-omit-frame-pointer -mno-omit-leaf-frame-pointer -ffile-prefix-map=/build/r-base-FPSnzf/r-base-4.3.3=. -fstack-protector-strong -fstack-clash-protection -Wformat -Werror=format-security -fcf-protection -fdebug-prefix-map=/build/r-base-FPSnzf/r-base-4.3.3=/usr/src/r-base-4.3.3-2build2 -Wdate-time -D_FORTIFY_SOURCE=3  -c lp_rlp.c -o lp_rlp.o
gcc -I"/usr/share/R/include" -DNDEBUG -I . -DINTEGERTIME -DPARSER_LP -DBUILDING_FOR_R -DYY_NEVER_INTERACTIVE -DUSRDLL -DCLOCKTIME -DRoleIsExternalInvEngine -DINVERSE_ACTIVE=INVERSE_LUSOL -DINLINE=static -DParanoia      -fpic  -g -O2 -fno-omit-frame-pointer -mno-omit-leaf-frame-pointer -ffile-prefix-map=/build/r-base-FPSnzf/r-base-4.3.3=. -fstack-protector-strong -fstack-clash-protection -Wformat -Werror=format-security -fcf-protection -fdebug-prefix-map=/build/r-base-FPSnzf/r-base-4.3.3=/usr/src/r-base-4.3.3-2build2 -Wdate-time -D_FORTIFY_SOURCE=3  -c lp_scale.c -o lp_scale.o
gcc -I"/usr/share/R/include" -DNDEBUG -I . -DINTEGERTIME -DPARSER_LP -DBUILDING_FOR_R -DYY_NEVER_INTERACTIVE -DUSRDLL -DCLOCKTIME -DRoleIsExternalInvEngine -DINVERSE_ACTIVE=INVERSE_LUSOL -DINLINE=static -DParanoia      -fpic  -g -O2 -fno-omit-frame-pointer -mno-omit-leaf-frame-pointer -ffile-prefix-map=/build/r-base-FPSnzf/r-base-4.3.3=. -fstack-protector-strong -fstack-clash-protection -Wformat -Werror=format-security -fcf-protection -fdebug-prefix-map=/build/r-base-FPSnzf/r-base-4.3.3=/usr/src/r-base-4.3.3-2build2 -Wdate-time -D_FORTIFY_SOURCE=3  -c lp_simplex.c -o lp_simplex.o
gcc -I"/usr/share/R/include" -DNDEBUG -I . -DINTEGERTIME -DPARSER_LP -DBUILDING_FOR_R -DYY_NEVER_INTERACTIVE -DUSRDLL -DCLOCKTIME -DRoleIsExternalInvEngine -DINVERSE_ACTIVE=INVERSE_LUSOL -DINLINE=static -DParanoia      -fpic  -g -O2 -fno-omit-frame-pointer -mno-omit-leaf-frame-pointer -ffile-prefix-map=/build/r-base-FPSnzf/r-base-4.3.3=. -fstack-protector-strong -fstack-clash-protection -Wformat -Werror=format-security -fcf-protection -fdebug-prefix-map=/build/r-base-FPSnzf/r-base-4.3.3=/usr/src/r-base-4.3.3-2build2 -Wdate-time -D_FORTIFY_SOURCE=3  -c lp_utils.c -o lp_utils.o
gcc -I"/usr/share/R/include" -DNDEBUG -I . -DINTEGERTIME -DPARSER_LP -DBUILDING_FOR_R -DYY_NEVER_INTERACTIVE -DUSRDLL -DCLOCKTIME -DRoleIsExternalInvEngine -DINVERSE_ACTIVE=INVERSE_LUSOL -DINLINE=static -DParanoia      -fpic  -g -O2 -fno-omit-frame-pointer -mno-omit-leaf-frame-pointer -ffile-prefix-map=/build/r-base-FPSnzf/r-base-4.3.3=. -fstack-protector-strong -fstack-clash-protection -Wformat -Werror=format-security -fcf-protection -fdebug-prefix-map=/build/r-base-FPSnzf/r-base-4.3.3=/usr/src/r-base-4.3.3-2build2 -Wdate-time -D_FORTIFY_SOURCE=3  -c lp_wlp.c -o lp_wlp.o
gcc -I"/usr/share/R/include" -DNDEBUG -I . -DINTEGERTIME -DPARSER_LP -DBUILDING_FOR_R -DYY_NEVER_INTERACTIVE -DUSRDLL -DCLOCKTIME -DRoleIsExternalInvEngine -DINVERSE_ACTIVE=INVERSE_LUSOL -DINLINE=static -DParanoia      -fpic  -g -O2 -fno-omit-frame-pointer -mno-omit-leaf-frame-pointer -ffile-prefix-map=/build/r-base-FPSnzf/r-base-4.3.3=. -fstack-protector-strong -fstack-clash-protection -Wformat -Werror=format-security -fcf-protection -fdebug-prefix-map=/build/r-base-FPSnzf/r-base-4.3.3=/usr/src/r-base-4.3.3-2build2 -Wdate-time -D_FORTIFY_SOURCE=3  -c lpslink56.c -o lpslink56.o
gcc -I"/usr/share/R/include" -DNDEBUG -I . -DINTEGERTIME -DPARSER_LP -DBUILDING_FOR_R -DYY_NEVER_INTERACTIVE -DUSRDLL -DCLOCKTIME -DRoleIsExternalInvEngine -DINVERSE_ACTIVE=INVERSE_LUSOL -DINLINE=static -DParanoia      -fpic  -g -O2 -fno-omit-frame-pointer -mno-omit-leaf-frame-pointer -ffile-prefix-map=/build/r-base-FPSnzf/r-base-4.3.3=. -fstack-protector-strong -fstack-clash-protection -Wformat -Werror=format-security -fcf-protection -fdebug-prefix-map=/build/r-base-FPSnzf/r-base-4.3.3=/usr/src/r-base-4.3.3-2build2 -Wdate-time -D_FORTIFY_SOURCE=3  -c lusol.c -o lusol.o
gcc -I"/usr/share/R/include" -DNDEBUG -I . -DINTEGERTIME -DPARSER_LP -DBUILDING_FOR_R -DYY_NEVER_INTERACTIVE -DUSRDLL -DCLOCKTIME -DRoleIsExternalInvEngine -DINVERSE_ACTIVE=INVERSE_LUSOL -DINLINE=static -DParanoia      -fpic  -g -O2 -fno-omit-frame-pointer -mno-omit-leaf-frame-pointer -ffile-prefix-map=/build/r-base-FPSnzf/r-base-4.3.3=. -fstack-protector-strong -fstack-clash-protection -Wformat -Werror=format-security -fcf-protection -fdebug-prefix-map=/build/r-base-FPSnzf/r-base-4.3.3=/usr/src/r-base-4.3.3-2build2 -Wdate-time -D_FORTIFY_SOURCE=3  -c lusolio.c -o lusolio.o
gcc -I"/usr/share/R/include" -DNDEBUG -I . -DINTEGERTIME -DPARSER_LP -DBUILDING_FOR_R -DYY_NEVER_INTERACTIVE -DUSRDLL -DCLOCKTIME -DRoleIsExternalInvEngine -DINVERSE_ACTIVE=INVERSE_LUSOL -DINLINE=static -DParanoia      -fpic  -g -O2 -fno-omit-frame-pointer -mno-omit-leaf-frame-pointer -ffile-prefix-map=/build/r-base-FPSnzf/r-base-4.3.3=. -fstack-protector-strong -fstack-clash-protection -Wformat -Werror=format-security -fcf-protection -fdebug-prefix-map=/build/r-base-FPSnzf/r-base-4.3.3=/usr/src/r-base-4.3.3-2build2 -Wdate-time -D_FORTIFY_SOURCE=3  -c mmio.c -o mmio.o
gcc -I"/usr/share/R/include" -DNDEBUG -I . -DINTEGERTIME -DPARSER_LP -DBUILDING_FOR_R -DYY_NEVER_INTERACTIVE -DUSRDLL -DCLOCKTIME -DRoleIsExternalInvEngine -DINVERSE_ACTIVE=INVERSE_LUSOL -DINLINE=static -DParanoia      -fpic  -g -O2 -fno-omit-frame-pointer -mno-omit-leaf-frame-pointer -ffile-prefix-map=/build/r-base-FPSnzf/r-base-4.3.3=. -fstack-protector-strong -fstack-clash-protection -Wformat -Werror=format-security -fcf-protection -fdebug-prefix-map=/build/r-base-FPSnzf/r-base-4.3.3=/usr/src/r-base-4.3.3-2build2 -Wdate-time -D_FORTIFY_SOURCE=3  -c myblas.c -o myblas.o
gcc -I"/usr/share/R/include" -DNDEBUG -I . -DINTEGERTIME -DPARSER_LP -DBUILDING_FOR_R -DYY_NEVER_INTERACTIVE -DUSRDLL -DCLOCKTIME -DRoleIsExternalInvEngine -DINVERSE_ACTIVE=INVERSE_LUSOL -DINLINE=static -DParanoia      -fpic  -g -O2 -fno-omit-frame-pointer -mno-omit-leaf-frame-pointer -ffile-prefix-map=/build/r-base-FPSnzf/r-base-4.3.3=. -fstack-protector-strong -fstack-clash-protection -Wformat -Werror=format-security -fcf-protection -fdebug-prefix-map=/build/r-base-FPSnzf/r-base-4.3.3=/usr/src/r-base-4.3.3-2build2 -Wdate-time -D_FORTIFY_SOURCE=3  -c sparselib.c -o sparselib.o
gcc -I"/usr/share/R/include" -DNDEBUG -I . -DINTEGERTIME -DPARSER_LP -DBUILDING_FOR_R -DYY_NEVER_INTERACTIVE -DUSRDLL -DCLOCKTIME -DRoleIsExternalInvEngine -DINVERSE_ACTIVE=INVERSE_LUSOL -DINLINE=static -DParanoia      -fpic  -g -O2 -fno-omit-frame-pointer -mno-omit-leaf-frame-pointer -ffile-prefix-map=/build/r-base-FPSnzf/r-base-4.3.3=. -fstack-protector-strong -fstack-clash-protection -Wformat -Werror=format-security -fcf-protection -fdebug-prefix-map=/build/r-base-FPSnzf/r-base-4.3.3=/usr/src/r-base-4.3.3-2build2 -Wdate-time -D_FORTIFY_SOURCE=3  -c yacc_read.c -o yacc_read.o
gcc -shared -L/usr/lib/R/lib -Wl,-Bsymbolic-functions -flto=auto -ffat-lto-objects -Wl,-z,relro -o lpSolve.so colamd.o commonlib.o hbio.o ini.o init.o isfixedvar.o lp_Hash.o lp_LUSOL.o lp_MDO.o lp_MPS.o lp_SOS.o lp_crash.o lp_lib.o lp_matrix.o lp_mipbb.o lp_params.o lp_presolve.o lp_price.o lp_pricePSE.o lp_report.o lp_rlp.o lp_scale.o lp_simplex.o lp_utils.o lp_wlp.o lpslink56.o lusol.o lusolio.o mmio.o myblas.o sparselib.o yacc_read.o -L/usr/lib/R/lib -lR
make[1]: Leaving directory '/tmp/RtmpoYZK6r/R.INSTALL608c14467fe5/pak/src/library/lpSolve/src'
installing to /usr/local/lib/R/site-library/00LOCK-pak/00new/pak/library/lpSolve/libs

Compiling ps
using C compiler: ‘gcc (Ubuntu 13.3.0-6ubuntu2~24.04.1) 13.3.0’
make[1]: Entering directory '/tmp/RtmpoYZK6r/R.INSTALL608c14467fe5/pak/src/library/ps/src'
gcc -g -O2 -fno-omit-frame-pointer -mno-omit-leaf-frame-pointer -ffile-prefix-map=/build/r-base-FPSnzf/r-base-4.3.3=. -fstack-protector-strong -fstack-clash-protection -Wformat -Werror=format-security -fcf-protection -fdebug-prefix-map=/build/r-base-FPSnzf/r-base-4.3.3=/usr/src/r-base-4.3.3-2build2 -Wdate-time -D_FORTIFY_SOURCE=3  -Wl,-Bsymbolic-functions -flto=auto -ffat-lto-objects -Wl,-z,relro -Wall px.c -o px
In file included from /usr/include/features.h:502,
                 from /usr/include/unistd.h:25,
                 from px.c:6:
In function ‘read’,
    inlined from ‘echo_from_fd’ at px.c:83:9:
/usr/include/x86_64-linux-gnu/bits/unistd.h:28:10: warning: ‘*read’ specified size 18446744073709551614 exceeds maximum object size 9223372036854775807 [-Wstringop-overflow=]
   28 |   return __glibc_fortify (read, __nbytes, sizeof (char),
      |          ^~~~~~~~~~~~~~~
/usr/include/x86_64-linux-gnu/bits/unistd-decl.h: In function ‘echo_from_fd’:
/usr/include/x86_64-linux-gnu/bits/unistd-decl.h:29:16: note: in a call to function ‘*read’ declared with attribute ‘access (write_only, 2, 3)’
   29 | extern ssize_t __REDIRECT_FORTIFY (__read_alias, (int __fd, void *__buf,
      |                ^~~~~~~~~~~~~~~~~~
In function ‘read’,
    inlined from ‘echo_from_fd’ at px.c:83:9,
    inlined from ‘main’ at px.c:203:11:
/usr/include/x86_64-linux-gnu/bits/unistd.h:28:10: warning: ‘__read_alias’ specified size 18446744073709551614 exceeds maximum object size 9223372036854775807 [-Wstringop-overflow=]
   28 |   return __glibc_fortify (read, __nbytes, sizeof (char),
      |          ^
/usr/include/x86_64-linux-gnu/bits/unistd-decl.h: In function ‘main’:
/usr/include/x86_64-linux-gnu/bits/unistd-decl.h:29:16: note: in a call to function ‘__read_alias’ declared with attribute ‘access (write_only, 2, 3)’
   29 | extern ssize_t __REDIRECT_FORTIFY (__read_alias, (int __fd, void *__buf,
      |                ^
gcc -I"/usr/share/R/include" -DNDEBUG       -fpic  -g -O2 -fno-omit-frame-pointer -mno-omit-leaf-frame-pointer -ffile-prefix-map=/build/r-base-FPSnzf/r-base-4.3.3=. -fstack-protector-strong -fstack-clash-protection -Wformat -Werror=format-security -fcf-protection -fdebug-prefix-map=/build/r-base-FPSnzf/r-base-4.3.3=/usr/src/r-base-4.3.3-2build2 -Wdate-time -D_FORTIFY_SOURCE=3  -c init.c -o init.o
gcc -I"/usr/share/R/include" -DNDEBUG       -fpic  -g -O2 -fno-omit-frame-pointer -mno-omit-leaf-frame-pointer -ffile-prefix-map=/build/r-base-FPSnzf/r-base-4.3.3=. -fstack-protector-strong -fstack-clash-protection -Wformat -Werror=format-security -fcf-protection -fdebug-prefix-map=/build/r-base-FPSnzf/r-base-4.3.3=/usr/src/r-base-4.3.3-2build2 -Wdate-time -D_FORTIFY_SOURCE=3  -c api-common.c -o api-common.o
gcc -I"/usr/share/R/include" -DNDEBUG       -fpic  -g -O2 -fno-omit-frame-pointer -mno-omit-leaf-frame-pointer -ffile-prefix-map=/build/r-base-FPSnzf/r-base-4.3.3=. -fstack-protector-strong -fstack-clash-protection -Wformat -Werror=format-security -fcf-protection -fdebug-prefix-map=/build/r-base-FPSnzf/r-base-4.3.3=/usr/src/r-base-4.3.3-2build2 -Wdate-time -D_FORTIFY_SOURCE=3  -c common.c -o common.o
gcc -I"/usr/share/R/include" -DNDEBUG       -fpic  -g -O2 -fno-omit-frame-pointer -mno-omit-leaf-frame-pointer -ffile-prefix-map=/build/r-base-FPSnzf/r-base-4.3.3=. -fstack-protector-strong -fstack-clash-protection -Wformat -Werror=format-security -fcf-protection -fdebug-prefix-map=/build/r-base-FPSnzf/r-base-4.3.3=/usr/src/r-base-4.3.3-2build2 -Wdate-time -D_FORTIFY_SOURCE=3  -c extra.c -o extra.o
gcc -I"/usr/share/R/include" -DNDEBUG       -fpic  -g -O2 -fno-omit-frame-pointer -mno-omit-leaf-frame-pointer -ffile-prefix-map=/build/r-base-FPSnzf/r-base-4.3.3=. -fstack-protector-strong -fstack-clash-protection -Wformat -Werror=format-security -fcf-protection -fdebug-prefix-map=/build/r-base-FPSnzf/r-base-4.3.3=/usr/src/r-base-4.3.3-2build2 -Wdate-time -D_FORTIFY_SOURCE=3  -c dummy.c -o dummy.o
gcc -I"/usr/share/R/include" -DNDEBUG       -fpic  -g -O2 -fno-omit-frame-pointer -mno-omit-leaf-frame-pointer -ffile-prefix-map=/build/r-base-FPSnzf/r-base-4.3.3=. -fstack-protector-strong -fstack-clash-protection -Wformat -Werror=format-security -fcf-protection -fdebug-prefix-map=/build/r-base-FPSnzf/r-base-4.3.3=/usr/src/r-base-4.3.3-2build2 -Wdate-time -D_FORTIFY_SOURCE=3  -c error-codes.c -o error-codes.o
gcc -I"/usr/share/R/include" -DNDEBUG       -fpic  -g -O2 -fno-omit-frame-pointer -mno-omit-leaf-frame-pointer -ffile-prefix-map=/build/r-base-FPSnzf/r-base-4.3.3=. -fstack-protector-strong -fstack-clash-protection -Wformat -Werror=format-security -fcf-protection -fdebug-prefix-map=/build/r-base-FPSnzf/r-base-4.3.3=/usr/src/r-base-4.3.3-2build2 -Wdate-time -D_FORTIFY_SOURCE=3  -c cleancall.c -o cleancall.o
gcc -I"/usr/share/R/include" -DNDEBUG       -fpic  -g -O2 -fno-omit-frame-pointer -mno-omit-leaf-frame-pointer -ffile-prefix-map=/build/r-base-FPSnzf/r-base-4.3.3=. -fstack-protector-strong -fstack-clash-protection -Wformat -Werror=format-security -fcf-protection -fdebug-prefix-map=/build/r-base-FPSnzf/r-base-4.3.3=/usr/src/r-base-4.3.3-2build2 -Wdate-time -D_FORTIFY_SOURCE=3  -c posix.c -o posix.o
gcc -I"/usr/share/R/include" -DNDEBUG       -fpic  -g -O2 -fno-omit-frame-pointer -mno-omit-leaf-frame-pointer -ffile-prefix-map=/build/r-base-FPSnzf/r-base-4.3.3=. -fstack-protector-strong -fstack-clash-protection -Wformat -Werror=format-security -fcf-protection -fdebug-prefix-map=/build/r-base-FPSnzf/r-base-4.3.3=/usr/src/r-base-4.3.3-2build2 -Wdate-time -D_FORTIFY_SOURCE=3  -c api-posix.c -o api-posix.o
gcc -I"/usr/share/R/include" -DNDEBUG       -fpic  -g -O2 -fno-omit-frame-pointer -mno-omit-leaf-frame-pointer -ffile-prefix-map=/build/r-base-FPSnzf/r-base-4.3.3=. -fstack-protector-strong -fstack-clash-protection -Wformat -Werror=format-security -fcf-protection -fdebug-prefix-map=/build/r-base-FPSnzf/r-base-4.3.3=/usr/src/r-base-4.3.3-2build2 -Wdate-time -D_FORTIFY_SOURCE=3  -c linux.c -o linux.o
gcc -I"/usr/share/R/include" -DNDEBUG       -fpic  -g -O2 -fno-omit-frame-pointer -mno-omit-leaf-frame-pointer -ffile-prefix-map=/build/r-base-FPSnzf/r-base-4.3.3=. -fstack-protector-strong -fstack-clash-protection -Wformat -Werror=format-security -fcf-protection -fdebug-prefix-map=/build/r-base-FPSnzf/r-base-4.3.3=/usr/src/r-base-4.3.3-2build2 -Wdate-time -D_FORTIFY_SOURCE=3  -c api-linux.c -o api-linux.o
gcc -shared -L/usr/lib/R/lib -Wl,-Bsymbolic-functions -flto=auto -ffat-lto-objects -Wl,-z,relro -o ps.so init.o api-common.o common.o extra.o dummy.o error-codes.o cleancall.o posix.o api-posix.o linux.o api-linux.o -L/usr/lib/R/lib -lR
make[1]: Leaving directory '/tmp/RtmpoYZK6r/R.INSTALL608c14467fe5/pak/src/library/ps/src'
installing via 'install.libs.R' to /usr/local/lib/R/site-library/00LOCK-pak/00new/pak/library/ps

Compiling zip
using C compiler: ‘gcc (Ubuntu 13.3.0-6ubuntu2~24.04.1) 13.3.0’
make[1]: Entering directory '/tmp/RtmpoYZK6r/R.INSTALL608c14467fe5/pak/src/library/zip/src'
gcc -g -O2 -fno-omit-frame-pointer -mno-omit-leaf-frame-pointer -ffile-prefix-map=/build/r-base-FPSnzf/r-base-4.3.3=. -fstack-protector-strong -fstack-clash-protection -Wformat -Werror=format-security -fcf-protection -fdebug-prefix-map=/build/r-base-FPSnzf/r-base-4.3.3=/usr/src/r-base-4.3.3-2build2 -Wdate-time -D_FORTIFY_SOURCE=3  miniz.c zip.c unixutils.c tools/cmdzip.c -o tools/cmdzip
gcc -g -O2 -fno-omit-frame-pointer -mno-omit-leaf-frame-pointer -ffile-prefix-map=/build/r-base-FPSnzf/r-base-4.3.3=. -fstack-protector-strong -fstack-clash-protection -Wformat -Werror=format-security -fcf-protection -fdebug-prefix-map=/build/r-base-FPSnzf/r-base-4.3.3=/usr/src/r-base-4.3.3-2build2 -Wdate-time -D_FORTIFY_SOURCE=3  miniz.c zip.c unixutils.c tools/cmdunzip.c -o tools/cmdunzip
gcc -I"/usr/share/R/include" -DNDEBUG      -fvisibility=hidden -fpic  -g -O2 -fno-omit-frame-pointer -mno-omit-leaf-frame-pointer -ffile-prefix-map=/build/r-base-FPSnzf/r-base-4.3.3=. -fstack-protector-strong -fstack-clash-protection -Wformat -Werror=format-security -fcf-protection -fdebug-prefix-map=/build/r-base-FPSnzf/r-base-4.3.3=/usr/src/r-base-4.3.3-2build2 -Wdate-time -D_FORTIFY_SOURCE=3  -c init.c -o init.o
gcc -I"/usr/share/R/include" -DNDEBUG      -fvisibility=hidden -fpic  -g -O2 -fno-omit-frame-pointer -mno-omit-leaf-frame-pointer -ffile-prefix-map=/build/r-base-FPSnzf/r-base-4.3.3=. -fstack-protector-strong -fstack-clash-protection -Wformat -Werror=format-security -fcf-protection -fdebug-prefix-map=/build/r-base-FPSnzf/r-base-4.3.3=/usr/src/r-base-4.3.3-2build2 -Wdate-time -D_FORTIFY_SOURCE=3  -c miniz.c -o miniz.o
gcc -I"/usr/share/R/include" -DNDEBUG      -fvisibility=hidden -fpic  -g -O2 -fno-omit-frame-pointer -mno-omit-leaf-frame-pointer -ffile-prefix-map=/build/r-base-FPSnzf/r-base-4.3.3=. -fstack-protector-strong -fstack-clash-protection -Wformat -Werror=format-security -fcf-protection -fdebug-prefix-map=/build/r-base-FPSnzf/r-base-4.3.3=/usr/src/r-base-4.3.3-2build2 -Wdate-time -D_FORTIFY_SOURCE=3  -c rzip.c -o rzip.o
rzip.c:19: warning: "S_IFLNK" redefined
   19 | #define S_IFLNK         0120000         /* [XSI] symbolic link */
      |
In file included from rzip.c:5:
/usr/include/x86_64-linux-gnu/sys/stat.h:113: note: this is the location of the previous definition
  113 | #  define S_IFLNK       __S_IFLNK
      |
gcc -I"/usr/share/R/include" -DNDEBUG      -fvisibility=hidden -fpic  -g -O2 -fno-omit-frame-pointer -mno-omit-leaf-frame-pointer -ffile-prefix-map=/build/r-base-FPSnzf/r-base-4.3.3=. -fstack-protector-strong -fstack-clash-protection -Wformat -Werror=format-security -fcf-protection -fdebug-prefix-map=/build/r-base-FPSnzf/r-base-4.3.3=/usr/src/r-base-4.3.3-2build2 -Wdate-time -D_FORTIFY_SOURCE=3  -c zip.c -o zip.o
gcc -I"/usr/share/R/include" -DNDEBUG      -fvisibility=hidden -fpic  -g -O2 -fno-omit-frame-pointer -mno-omit-leaf-frame-pointer -ffile-prefix-map=/build/r-base-FPSnzf/r-base-4.3.3=. -fstack-protector-strong -fstack-clash-protection -Wformat -Werror=format-security -fcf-protection -fdebug-prefix-map=/build/r-base-FPSnzf/r-base-4.3.3=/usr/src/r-base-4.3.3-2build2 -Wdate-time -D_FORTIFY_SOURCE=3  -c unixutils.c -o unixutils.o
gcc -shared -L/usr/lib/R/lib -Wl,-Bsymbolic-functions -flto=auto -ffat-lto-objects -Wl,-z,relro -o zip.so init.o miniz.o rzip.o zip.o unixutils.o -L/usr/lib/R/lib -lR
make[1]: Leaving directory '/tmp/RtmpoYZK6r/R.INSTALL608c14467fe5/pak/src/library/zip/src'
installing via 'install.libs.R' to /usr/local/lib/R/site-library/00LOCK-pak/00new/pak/library/zip

Compiling processx
using C compiler: ‘gcc (Ubuntu 13.3.0-6ubuntu2~24.04.1) 13.3.0’
make[1]: Entering directory '/tmp/RtmpoYZK6r/R.INSTALL608c14467fe5/pak/src/library/processx/src'
gcc -g -O2 -fno-omit-frame-pointer -mno-omit-leaf-frame-pointer -ffile-prefix-map=/build/r-base-FPSnzf/r-base-4.3.3=. -fstack-protector-strong -fstack-clash-protection -Wformat -Werror=format-security -fcf-protection -fdebug-prefix-map=/build/r-base-FPSnzf/r-base-4.3.3=/usr/src/r-base-4.3.3-2build2 -Wdate-time -D_FORTIFY_SOURCE=3  -Wl,-Bsymbolic-functions -flto=auto -ffat-lto-objects -Wl,-z,relro -Wall tools/px.c -o tools/px
In file included from /usr/include/features.h:502,
                 from /usr/include/unistd.h:25,
                 from tools/px.c:11:
In function ‘read’,
    inlined from ‘echo_from_fd’ at tools/px.c:93:9:
/usr/include/x86_64-linux-gnu/bits/unistd.h:28:10: warning: ‘*read’ specified size 18446744073709551614 exceeds maximum object size 9223372036854775807 [-Wstringop-overflow=]
   28 |   return __glibc_fortify (read, __nbytes, sizeof (char),
      |          ^~~~~~~~~~~~~~~
/usr/include/x86_64-linux-gnu/bits/unistd-decl.h: In function ‘echo_from_fd’:
/usr/include/x86_64-linux-gnu/bits/unistd-decl.h:29:16: note: in a call to function ‘*read’ declared with attribute ‘access (write_only, 2, 3)’
   29 | extern ssize_t __REDIRECT_FORTIFY (__read_alias, (int __fd, void *__buf,
      |                ^~~~~~~~~~~~~~~~~~
In function ‘read’,
    inlined from ‘echo_from_fd’ at tools/px.c:93:9,
    inlined from ‘main’ at tools/px.c:201:11:
/usr/include/x86_64-linux-gnu/bits/unistd.h:28:10: warning: ‘__read_alias’ specified size 18446744073709551614 exceeds maximum object size 9223372036854775807 [-Wstringop-overflow=]
   28 |   return __glibc_fortify (read, __nbytes, sizeof (char),
      |          ^
/usr/include/x86_64-linux-gnu/bits/unistd-decl.h: In function ‘main’:
/usr/include/x86_64-linux-gnu/bits/unistd-decl.h:29:16: note: in a call to function ‘__read_alias’ declared with attribute ‘access (write_only, 2, 3)’
   29 | extern ssize_t __REDIRECT_FORTIFY (__read_alias, (int __fd, void *__buf,
      |                ^
gcc -g -O2 -fno-omit-frame-pointer -mno-omit-leaf-frame-pointer -ffile-prefix-map=/build/r-base-FPSnzf/r-base-4.3.3=. -fstack-protector-strong -fstack-clash-protection -Wformat -Werror=format-security -fcf-protection -fdebug-prefix-map=/build/r-base-FPSnzf/r-base-4.3.3=/usr/src/r-base-4.3.3-2build2 -Wdate-time -D_FORTIFY_SOURCE=3  -Wl,-Bsymbolic-functions -flto=auto -ffat-lto-objects -Wl,-z,relro -I../inst/include -Wall tools/sock.c -o tools/sock
gcc -g -O2 -fno-omit-frame-pointer -mno-omit-leaf-frame-pointer -ffile-prefix-map=/build/r-base-FPSnzf/r-base-4.3.3=. -fstack-protector-strong -fstack-clash-protection -Wformat -Werror=format-security -fcf-protection -fdebug-prefix-map=/build/r-base-FPSnzf/r-base-4.3.3=/usr/src/r-base-4.3.3-2build2 -Wdate-time -D_FORTIFY_SOURCE=3  -Wl,-Bsymbolic-functions -flto=auto -ffat-lto-objects -Wl,-z,relro supervisor/supervisor.c \
      supervisor/utils.c -o supervisor/supervisor
gcc -I"/usr/share/R/include" -DNDEBUG       -fpic  -g -O2 -fno-omit-frame-pointer -mno-omit-leaf-frame-pointer -ffile-prefix-map=/build/r-base-FPSnzf/r-base-4.3.3=. -fstack-protector-strong -fstack-clash-protection -Wformat -Werror=format-security -fcf-protection -fdebug-prefix-map=/build/r-base-FPSnzf/r-base-4.3.3=/usr/src/r-base-4.3.3-2build2 -Wdate-time -D_FORTIFY_SOURCE=3  -c base64.c -o base64.o
gcc -I"/usr/share/R/include" -DNDEBUG       -fpic  -g -O2 -fno-omit-frame-pointer -mno-omit-leaf-frame-pointer -ffile-prefix-map=/build/r-base-FPSnzf/r-base-4.3.3=. -fstack-protector-strong -fstack-clash-protection -Wformat -Werror=format-security -fcf-protection -fdebug-prefix-map=/build/r-base-FPSnzf/r-base-4.3.3=/usr/src/r-base-4.3.3-2build2 -Wdate-time -D_FORTIFY_SOURCE=3  -c client.c -o client.o
gcc -I"/usr/share/R/include" -DNDEBUG       -fpic  -g -O2 -fno-omit-frame-pointer -mno-omit-leaf-frame-pointer -ffile-prefix-map=/build/r-base-FPSnzf/r-base-4.3.3=. -fstack-protector-strong -fstack-clash-protection -Wformat -Werror=format-security -fcf-protection -fdebug-prefix-map=/build/r-base-FPSnzf/r-base-4.3.3=/usr/src/r-base-4.3.3-2build2 -Wdate-time -D_FORTIFY_SOURCE=3  -c errors.c -o errors.o
gcc -shared -L"/usr/lib/R/lib" -Wl,-Bsymbolic-functions -flto=auto -ffat-lto-objects -Wl,-z,relro -o client.so base64.o client.o errors.o  \
	 -L"/usr/lib/R/lib" -lR
gcc -I"/usr/share/R/include" -DNDEBUG       -fpic  -g -O2 -fno-omit-frame-pointer -mno-omit-leaf-frame-pointer -ffile-prefix-map=/build/r-base-FPSnzf/r-base-4.3.3=. -fstack-protector-strong -fstack-clash-protection -Wformat -Werror=format-security -fcf-protection -fdebug-prefix-map=/build/r-base-FPSnzf/r-base-4.3.3=/usr/src/r-base-4.3.3-2build2 -Wdate-time -D_FORTIFY_SOURCE=3  -c init.c -o init.o
gcc -I"/usr/share/R/include" -DNDEBUG       -fpic  -g -O2 -fno-omit-frame-pointer -mno-omit-leaf-frame-pointer -ffile-prefix-map=/build/r-base-FPSnzf/r-base-4.3.3=. -fstack-protector-strong -fstack-clash-protection -Wformat -Werror=format-security -fcf-protection -fdebug-prefix-map=/build/r-base-FPSnzf/r-base-4.3.3=/usr/src/r-base-4.3.3-2build2 -Wdate-time -D_FORTIFY_SOURCE=3  -c poll.c -o poll.o
gcc -I"/usr/share/R/include" -DNDEBUG       -fpic  -g -O2 -fno-omit-frame-pointer -mno-omit-leaf-frame-pointer -ffile-prefix-map=/build/r-base-FPSnzf/r-base-4.3.3=. -fstack-protector-strong -fstack-clash-protection -Wformat -Werror=format-security -fcf-protection -fdebug-prefix-map=/build/r-base-FPSnzf/r-base-4.3.3=/usr/src/r-base-4.3.3-2build2 -Wdate-time -D_FORTIFY_SOURCE=3  -c processx-connection.c -o processx-connection.o
gcc -I"/usr/share/R/include" -DNDEBUG       -fpic  -g -O2 -fno-omit-frame-pointer -mno-omit-leaf-frame-pointer -ffile-prefix-map=/build/r-base-FPSnzf/r-base-4.3.3=. -fstack-protector-strong -fstack-clash-protection -Wformat -Werror=format-security -fcf-protection -fdebug-prefix-map=/build/r-base-FPSnzf/r-base-4.3.3=/usr/src/r-base-4.3.3-2build2 -Wdate-time -D_FORTIFY_SOURCE=3  -c processx-vector.c -o processx-vector.o
gcc -I"/usr/share/R/include" -DNDEBUG       -fpic  -g -O2 -fno-omit-frame-pointer -mno-omit-leaf-frame-pointer -ffile-prefix-map=/build/r-base-FPSnzf/r-base-4.3.3=. -fstack-protector-strong -fstack-clash-protection -Wformat -Werror=format-security -fcf-protection -fdebug-prefix-map=/build/r-base-FPSnzf/r-base-4.3.3=/usr/src/r-base-4.3.3-2build2 -Wdate-time -D_FORTIFY_SOURCE=3  -c create-time.c -o create-time.o
gcc -I"/usr/share/R/include" -DNDEBUG       -fpic  -g -O2 -fno-omit-frame-pointer -mno-omit-leaf-frame-pointer -ffile-prefix-map=/build/r-base-FPSnzf/r-base-4.3.3=. -fstack-protector-strong -fstack-clash-protection -Wformat -Werror=format-security -fcf-protection -fdebug-prefix-map=/build/r-base-FPSnzf/r-base-4.3.3=/usr/src/r-base-4.3.3-2build2 -Wdate-time -D_FORTIFY_SOURCE=3  -c unix/childlist.c -o unix/childlist.o
gcc -I"/usr/share/R/include" -DNDEBUG       -fpic  -g -O2 -fno-omit-frame-pointer -mno-omit-leaf-frame-pointer -ffile-prefix-map=/build/r-base-FPSnzf/r-base-4.3.3=. -fstack-protector-strong -fstack-clash-protection -Wformat -Werror=format-security -fcf-protection -fdebug-prefix-map=/build/r-base-FPSnzf/r-base-4.3.3=/usr/src/r-base-4.3.3-2build2 -Wdate-time -D_FORTIFY_SOURCE=3  -c unix/connection.c -o unix/connection.o
gcc -I"/usr/share/R/include" -DNDEBUG       -fpic  -g -O2 -fno-omit-frame-pointer -mno-omit-leaf-frame-pointer -ffile-prefix-map=/build/r-base-FPSnzf/r-base-4.3.3=. -fstack-protector-strong -fstack-clash-protection -Wformat -Werror=format-security -fcf-protection -fdebug-prefix-map=/build/r-base-FPSnzf/r-base-4.3.3=/usr/src/r-base-4.3.3-2build2 -Wdate-time -D_FORTIFY_SOURCE=3  -c unix/processx.c -o unix/processx.o
gcc -I"/usr/share/R/include" -DNDEBUG       -fpic  -g -O2 -fno-omit-frame-pointer -mno-omit-leaf-frame-pointer -ffile-prefix-map=/build/r-base-FPSnzf/r-base-4.3.3=. -fstack-protector-strong -fstack-clash-protection -Wformat -Werror=format-security -fcf-protection -fdebug-prefix-map=/build/r-base-FPSnzf/r-base-4.3.3=/usr/src/r-base-4.3.3-2build2 -Wdate-time -D_FORTIFY_SOURCE=3  -c unix/sigchld.c -o unix/sigchld.o
gcc -I"/usr/share/R/include" -DNDEBUG       -fpic  -g -O2 -fno-omit-frame-pointer -mno-omit-leaf-frame-pointer -ffile-prefix-map=/build/r-base-FPSnzf/r-base-4.3.3=. -fstack-protector-strong -fstack-clash-protection -Wformat -Werror=format-security -fcf-protection -fdebug-prefix-map=/build/r-base-FPSnzf/r-base-4.3.3=/usr/src/r-base-4.3.3-2build2 -Wdate-time -D_FORTIFY_SOURCE=3  -c unix/utils.c -o unix/utils.o
gcc -I"/usr/share/R/include" -DNDEBUG       -fpic  -g -O2 -fno-omit-frame-pointer -mno-omit-leaf-frame-pointer -ffile-prefix-map=/build/r-base-FPSnzf/r-base-4.3.3=. -fstack-protector-strong -fstack-clash-protection -Wformat -Werror=format-security -fcf-protection -fdebug-prefix-map=/build/r-base-FPSnzf/r-base-4.3.3=/usr/src/r-base-4.3.3-2build2 -Wdate-time -D_FORTIFY_SOURCE=3  -c unix/named_pipe.c -o unix/named_pipe.o
gcc -I"/usr/share/R/include" -DNDEBUG       -fpic  -g -O2 -fno-omit-frame-pointer -mno-omit-leaf-frame-pointer -ffile-prefix-map=/build/r-base-FPSnzf/r-base-4.3.3=. -fstack-protector-strong -fstack-clash-protection -Wformat -Werror=format-security -fcf-protection -fdebug-prefix-map=/build/r-base-FPSnzf/r-base-4.3.3=/usr/src/r-base-4.3.3-2build2 -Wdate-time -D_FORTIFY_SOURCE=3  -c cleancall.c -o cleancall.o
gcc -shared -L/usr/lib/R/lib -Wl,-Bsymbolic-functions -flto=auto -ffat-lto-objects -Wl,-z,relro -o processx.so init.o poll.o errors.o processx-connection.o processx-vector.o create-time.o base64.o unix/childlist.o unix/connection.o unix/processx.o unix/sigchld.o unix/utils.o unix/named_pipe.o cleancall.o -L/usr/lib/R/lib -lR
make[1]: Leaving directory '/tmp/RtmpoYZK6r/R.INSTALL608c14467fe5/pak/src/library/processx/src'
installing via 'install.libs.R' to /usr/local/lib/R/site-library/00LOCK-pak/00new/pak/library/processx

Compiling callr

Compiling desc

Compiling pkgbuild

Compiling pkgcache
using C compiler: ‘gcc (Ubuntu 13.3.0-6ubuntu2~24.04.1) 13.3.0’
make[1]: Entering directory '/tmp/RtmpoYZK6r/R.INSTALL608c14467fe5/pak/src/library/pkgcache/src'
gcc -I"/usr/share/R/include" -DNDEBUG       -fpic  -g -O2 -fno-omit-frame-pointer -mno-omit-leaf-frame-pointer -ffile-prefix-map=/build/r-base-FPSnzf/r-base-4.3.3=. -fstack-protector-strong -fstack-clash-protection -Wformat -Werror=format-security -fcf-protection -fdebug-prefix-map=/build/r-base-FPSnzf/r-base-4.3.3=/usr/src/r-base-4.3.3-2build2 -Wdate-time -D_FORTIFY_SOURCE=3  -c errors.c -o errors.o
gcc -I"/usr/share/R/include" -DNDEBUG       -fpic  -g -O2 -fno-omit-frame-pointer -mno-omit-leaf-frame-pointer -ffile-prefix-map=/build/r-base-FPSnzf/r-base-4.3.3=. -fstack-protector-strong -fstack-clash-protection -Wformat -Werror=format-security -fcf-protection -fdebug-prefix-map=/build/r-base-FPSnzf/r-base-4.3.3=/usr/src/r-base-4.3.3-2build2 -Wdate-time -D_FORTIFY_SOURCE=3  -c init.c -o init.o
gcc -I"/usr/share/R/include" -DNDEBUG       -fpic  -g -O2 -fno-omit-frame-pointer -mno-omit-leaf-frame-pointer -ffile-prefix-map=/build/r-base-FPSnzf/r-base-4.3.3=. -fstack-protector-strong -fstack-clash-protection -Wformat -Werror=format-security -fcf-protection -fdebug-prefix-map=/build/r-base-FPSnzf/r-base-4.3.3=/usr/src/r-base-4.3.3-2build2 -Wdate-time -D_FORTIFY_SOURCE=3  -c lib.c -o lib.o
gcc -I"/usr/share/R/include" -DNDEBUG       -fpic  -g -O2 -fno-omit-frame-pointer -mno-omit-leaf-frame-pointer -ffile-prefix-map=/build/r-base-FPSnzf/r-base-4.3.3=. -fstack-protector-strong -fstack-clash-protection -Wformat -Werror=format-security -fcf-protection -fdebug-prefix-map=/build/r-base-FPSnzf/r-base-4.3.3=/usr/src/r-base-4.3.3-2build2 -Wdate-time -D_FORTIFY_SOURCE=3  -c winfiles.c -o winfiles.o
gcc -shared -L/usr/lib/R/lib -Wl,-Bsymbolic-functions -flto=auto -ffat-lto-objects -Wl,-z,relro -o pkgcache.so errors.o init.o lib.o winfiles.o -L/usr/lib/R/lib -lR
make[1]: Leaving directory '/tmp/RtmpoYZK6r/R.INSTALL608c14467fe5/pak/src/library/pkgcache/src'
installing to /usr/local/lib/R/site-library/00LOCK-pak/00new/pak/library/pkgcache/libs

Compiling pkgsearch

Compiling yaml
using C compiler: ‘gcc (Ubuntu 13.3.0-6ubuntu2~24.04.1) 13.3.0’
make[1]: Entering directory '/tmp/RtmpoYZK6r/R.INSTALL608c14467fe5/pak/src/library/yaml/src'
gcc -I"/usr/share/R/include" -DNDEBUG -I. -DNDEBUG      -fpic  -g -O2 -fno-omit-frame-pointer -mno-omit-leaf-frame-pointer -ffile-prefix-map=/build/r-base-FPSnzf/r-base-4.3.3=. -fstack-protector-strong -fstack-clash-protection -Wformat -Werror=format-security -fcf-protection -fdebug-prefix-map=/build/r-base-FPSnzf/r-base-4.3.3=/usr/src/r-base-4.3.3-2build2 -Wdate-time -D_FORTIFY_SOURCE=3  -c api.c -o api.o
gcc -I"/usr/share/R/include" -DNDEBUG -I. -DNDEBUG      -fpic  -g -O2 -fno-omit-frame-pointer -mno-omit-leaf-frame-pointer -ffile-prefix-map=/build/r-base-FPSnzf/r-base-4.3.3=. -fstack-protector-strong -fstack-clash-protection -Wformat -Werror=format-security -fcf-protection -fdebug-prefix-map=/build/r-base-FPSnzf/r-base-4.3.3=/usr/src/r-base-4.3.3-2build2 -Wdate-time -D_FORTIFY_SOURCE=3  -c dumper.c -o dumper.o
gcc -I"/usr/share/R/include" -DNDEBUG -I. -DNDEBUG      -fpic  -g -O2 -fno-omit-frame-pointer -mno-omit-leaf-frame-pointer -ffile-prefix-map=/build/r-base-FPSnzf/r-base-4.3.3=. -fstack-protector-strong -fstack-clash-protection -Wformat -Werror=format-security -fcf-protection -fdebug-prefix-map=/build/r-base-FPSnzf/r-base-4.3.3=/usr/src/r-base-4.3.3-2build2 -Wdate-time -D_FORTIFY_SOURCE=3  -c emitter.c -o emitter.o
gcc -I"/usr/share/R/include" -DNDEBUG -I. -DNDEBUG      -fpic  -g -O2 -fno-omit-frame-pointer -mno-omit-leaf-frame-pointer -ffile-prefix-map=/build/r-base-FPSnzf/r-base-4.3.3=. -fstack-protector-strong -fstack-clash-protection -Wformat -Werror=format-security -fcf-protection -fdebug-prefix-map=/build/r-base-FPSnzf/r-base-4.3.3=/usr/src/r-base-4.3.3-2build2 -Wdate-time -D_FORTIFY_SOURCE=3  -c implicit.c -o implicit.o
gcc -I"/usr/share/R/include" -DNDEBUG -I. -DNDEBUG      -fpic  -g -O2 -fno-omit-frame-pointer -mno-omit-leaf-frame-pointer -ffile-prefix-map=/build/r-base-FPSnzf/r-base-4.3.3=. -fstack-protector-strong -fstack-clash-protection -Wformat -Werror=format-security -fcf-protection -fdebug-prefix-map=/build/r-base-FPSnzf/r-base-4.3.3=/usr/src/r-base-4.3.3-2build2 -Wdate-time -D_FORTIFY_SOURCE=3  -c loader.c -o loader.o
gcc -I"/usr/share/R/include" -DNDEBUG -I. -DNDEBUG      -fpic  -g -O2 -fno-omit-frame-pointer -mno-omit-leaf-frame-pointer -ffile-prefix-map=/build/r-base-FPSnzf/r-base-4.3.3=. -fstack-protector-strong -fstack-clash-protection -Wformat -Werror=format-security -fcf-protection -fdebug-prefix-map=/build/r-base-FPSnzf/r-base-4.3.3=/usr/src/r-base-4.3.3-2build2 -Wdate-time -D_FORTIFY_SOURCE=3  -c parser.c -o parser.o
gcc -I"/usr/share/R/include" -DNDEBUG -I. -DNDEBUG      -fpic  -g -O2 -fno-omit-frame-pointer -mno-omit-leaf-frame-pointer -ffile-prefix-map=/build/r-base-FPSnzf/r-base-4.3.3=. -fstack-protector-strong -fstack-clash-protection -Wformat -Werror=format-security -fcf-protection -fdebug-prefix-map=/build/r-base-FPSnzf/r-base-4.3.3=/usr/src/r-base-4.3.3-2build2 -Wdate-time -D_FORTIFY_SOURCE=3  -c r_emit.c -o r_emit.o
gcc -I"/usr/share/R/include" -DNDEBUG -I. -DNDEBUG      -fpic  -g -O2 -fno-omit-frame-pointer -mno-omit-leaf-frame-pointer -ffile-prefix-map=/build/r-base-FPSnzf/r-base-4.3.3=. -fstack-protector-strong -fstack-clash-protection -Wformat -Werror=format-security -fcf-protection -fdebug-prefix-map=/build/r-base-FPSnzf/r-base-4.3.3=/usr/src/r-base-4.3.3-2build2 -Wdate-time -D_FORTIFY_SOURCE=3  -c r_ext.c -o r_ext.o
gcc -I"/usr/share/R/include" -DNDEBUG -I. -DNDEBUG      -fpic  -g -O2 -fno-omit-frame-pointer -mno-omit-leaf-frame-pointer -ffile-prefix-map=/build/r-base-FPSnzf/r-base-4.3.3=. -fstack-protector-strong -fstack-clash-protection -Wformat -Werror=format-security -fcf-protection -fdebug-prefix-map=/build/r-base-FPSnzf/r-base-4.3.3=/usr/src/r-base-4.3.3-2build2 -Wdate-time -D_FORTIFY_SOURCE=3  -c r_parse.c -o r_parse.o
gcc -I"/usr/share/R/include" -DNDEBUG -I. -DNDEBUG      -fpic  -g -O2 -fno-omit-frame-pointer -mno-omit-leaf-frame-pointer -ffile-prefix-map=/build/r-base-FPSnzf/r-base-4.3.3=. -fstack-protector-strong -fstack-clash-protection -Wformat -Werror=format-security -fcf-protection -fdebug-prefix-map=/build/r-base-FPSnzf/r-base-4.3.3=/usr/src/r-base-4.3.3-2build2 -Wdate-time -D_FORTIFY_SOURCE=3  -c reader.c -o reader.o
gcc -I"/usr/share/R/include" -DNDEBUG -I. -DNDEBUG      -fpic  -g -O2 -fno-omit-frame-pointer -mno-omit-leaf-frame-pointer -ffile-prefix-map=/build/r-base-FPSnzf/r-base-4.3.3=. -fstack-protector-strong -fstack-clash-protection -Wformat -Werror=format-security -fcf-protection -fdebug-prefix-map=/build/r-base-FPSnzf/r-base-4.3.3=/usr/src/r-base-4.3.3-2build2 -Wdate-time -D_FORTIFY_SOURCE=3  -c scanner.c -o scanner.o
gcc -I"/usr/share/R/include" -DNDEBUG -I. -DNDEBUG      -fpic  -g -O2 -fno-omit-frame-pointer -mno-omit-leaf-frame-pointer -ffile-prefix-map=/build/r-base-FPSnzf/r-base-4.3.3=. -fstack-protector-strong -fstack-clash-protection -Wformat -Werror=format-security -fcf-protection -fdebug-prefix-map=/build/r-base-FPSnzf/r-base-4.3.3=/usr/src/r-base-4.3.3-2build2 -Wdate-time -D_FORTIFY_SOURCE=3  -c writer.c -o writer.o
gcc -shared -L/usr/lib/R/lib -Wl,-Bsymbolic-functions -flto=auto -ffat-lto-objects -Wl,-z,relro -o yaml.so api.o dumper.o emitter.o implicit.o loader.o parser.o r_emit.o r_ext.o r_parse.o reader.o scanner.o writer.o -L/usr/lib/R/lib -lR
make[1]: Leaving directory '/tmp/RtmpoYZK6r/R.INSTALL608c14467fe5/pak/src/library/yaml/src'
installing to /usr/local/lib/R/site-library/00LOCK-pak/00new/pak/library/yaml/libs

Compiling pkgdepends
using C compiler: ‘gcc (Ubuntu 13.3.0-6ubuntu2~24.04.1) 13.3.0’
make[1]: Entering directory '/tmp/RtmpoYZK6r/R.INSTALL608c14467fe5/pak/src/library/pkgdepends/src'
gcc -I"/usr/share/R/include" -DNDEBUG -I./tree-sitter/lib/include -I./tree-sitter/lib/src -I./yaml      -fpic  -g -O2 -fno-omit-frame-pointer -mno-omit-leaf-frame-pointer -ffile-prefix-map=/build/r-base-FPSnzf/r-base-4.3.3=. -fstack-protector-strong -fstack-clash-protection -Wformat -Werror=format-security -fcf-protection -fdebug-prefix-map=/build/r-base-FPSnzf/r-base-4.3.3=/usr/src/r-base-4.3.3-2build2 -Wdate-time -D_FORTIFY_SOURCE=3  -c tree-sitter/lib/src/lib.c -o tree-sitter/lib/src/lib.o
gcc -I"/usr/share/R/include" -DNDEBUG -I./tree-sitter/lib/include -I./tree-sitter/lib/src -I./yaml      -fpic  -g -O2 -fno-omit-frame-pointer -mno-omit-leaf-frame-pointer -ffile-prefix-map=/build/r-base-FPSnzf/r-base-4.3.3=. -fstack-protector-strong -fstack-clash-protection -Wformat -Werror=format-security -fcf-protection -fdebug-prefix-map=/build/r-base-FPSnzf/r-base-4.3.3=/usr/src/r-base-4.3.3-2build2 -Wdate-time -D_FORTIFY_SOURCE=3  -c tree-sitter/r/parser.c -o tree-sitter/r/parser.o
gcc -I"/usr/share/R/include" -DNDEBUG -I./tree-sitter/lib/include -I./tree-sitter/lib/src -I./yaml      -fpic  -g -O2 -fno-omit-frame-pointer -mno-omit-leaf-frame-pointer -ffile-prefix-map=/build/r-base-FPSnzf/r-base-4.3.3=. -fstack-protector-strong -fstack-clash-protection -Wformat -Werror=format-security -fcf-protection -fdebug-prefix-map=/build/r-base-FPSnzf/r-base-4.3.3=/usr/src/r-base-4.3.3-2build2 -Wdate-time -D_FORTIFY_SOURCE=3  -c tree-sitter/r/scanner.c -o tree-sitter/r/scanner.o
gcc -I"/usr/share/R/include" -DNDEBUG -I./tree-sitter/lib/include -I./tree-sitter/lib/src -I./yaml      -fpic  -g -O2 -fno-omit-frame-pointer -mno-omit-leaf-frame-pointer -ffile-prefix-map=/build/r-base-FPSnzf/r-base-4.3.3=. -fstack-protector-strong -fstack-clash-protection -Wformat -Werror=format-security -fcf-protection -fdebug-prefix-map=/build/r-base-FPSnzf/r-base-4.3.3=/usr/src/r-base-4.3.3-2build2 -Wdate-time -D_FORTIFY_SOURCE=3  -c tree-sitter/markdown/parser.c -o tree-sitter/markdown/parser.o
gcc -I"/usr/share/R/include" -DNDEBUG -I./tree-sitter/lib/include -I./tree-sitter/lib/src -I./yaml      -fpic  -g -O2 -fno-omit-frame-pointer -mno-omit-leaf-frame-pointer -ffile-prefix-map=/build/r-base-FPSnzf/r-base-4.3.3=. -fstack-protector-strong -fstack-clash-protection -Wformat -Werror=format-security -fcf-protection -fdebug-prefix-map=/build/r-base-FPSnzf/r-base-4.3.3=/usr/src/r-base-4.3.3-2build2 -Wdate-time -D_FORTIFY_SOURCE=3  -c tree-sitter/markdown/scanner.c -o tree-sitter/markdown/scanner.o
gcc -I"/usr/share/R/include" -DNDEBUG -I./tree-sitter/lib/include -I./tree-sitter/lib/src -I./yaml      -fpic  -g -O2 -fno-omit-frame-pointer -mno-omit-leaf-frame-pointer -ffile-prefix-map=/build/r-base-FPSnzf/r-base-4.3.3=. -fstack-protector-strong -fstack-clash-protection -Wformat -Werror=format-security -fcf-protection -fdebug-prefix-map=/build/r-base-FPSnzf/r-base-4.3.3=/usr/src/r-base-4.3.3-2build2 -Wdate-time -D_FORTIFY_SOURCE=3  -c tree-sitter/markdown-inline/parser.c -o tree-sitter/markdown-inline/parser.o
gcc -I"/usr/share/R/include" -DNDEBUG -I./tree-sitter/lib/include -I./tree-sitter/lib/src -I./yaml      -fpic  -g -O2 -fno-omit-frame-pointer -mno-omit-leaf-frame-pointer -ffile-prefix-map=/build/r-base-FPSnzf/r-base-4.3.3=. -fstack-protector-strong -fstack-clash-protection -Wformat -Werror=format-security -fcf-protection -fdebug-prefix-map=/build/r-base-FPSnzf/r-base-4.3.3=/usr/src/r-base-4.3.3-2build2 -Wdate-time -D_FORTIFY_SOURCE=3  -c tree-sitter/markdown-inline/scanner.c -o tree-sitter/markdown-inline/scanner.o
gcc -I"/usr/share/R/include" -DNDEBUG -I./tree-sitter/lib/include -I./tree-sitter/lib/src -I./yaml      -fpic  -g -O2 -fno-omit-frame-pointer -mno-omit-leaf-frame-pointer -ffile-prefix-map=/build/r-base-FPSnzf/r-base-4.3.3=. -fstack-protector-strong -fstack-clash-protection -Wformat -Werror=format-security -fcf-protection -fdebug-prefix-map=/build/r-base-FPSnzf/r-base-4.3.3=/usr/src/r-base-4.3.3-2build2 -Wdate-time -D_FORTIFY_SOURCE=3  -c tree-sitter/yaml/parser.c -o tree-sitter/yaml/parser.o
gcc -I"/usr/share/R/include" -DNDEBUG -I./tree-sitter/lib/include -I./tree-sitter/lib/src -I./yaml      -fpic  -g -O2 -fno-omit-frame-pointer -mno-omit-leaf-frame-pointer -ffile-prefix-map=/build/r-base-FPSnzf/r-base-4.3.3=. -fstack-protector-strong -fstack-clash-protection -Wformat -Werror=format-security -fcf-protection -fdebug-prefix-map=/build/r-base-FPSnzf/r-base-4.3.3=/usr/src/r-base-4.3.3-2build2 -Wdate-time -D_FORTIFY_SOURCE=3  -c tree-sitter/yaml/scanner.c -o tree-sitter/yaml/scanner.o
gcc -I"/usr/share/R/include" -DNDEBUG -I./tree-sitter/lib/include -I./tree-sitter/lib/src -I./yaml      -fpic  -g -O2 -fno-omit-frame-pointer -mno-omit-leaf-frame-pointer -ffile-prefix-map=/build/r-base-FPSnzf/r-base-4.3.3=. -fstack-protector-strong -fstack-clash-protection -Wformat -Werror=format-security -fcf-protection -fdebug-prefix-map=/build/r-base-FPSnzf/r-base-4.3.3=/usr/src/r-base-4.3.3-2build2 -Wdate-time -D_FORTIFY_SOURCE=3  -c yaml/api.c -o yaml/api.o
gcc -I"/usr/share/R/include" -DNDEBUG -I./tree-sitter/lib/include -I./tree-sitter/lib/src -I./yaml      -fpic  -g -O2 -fno-omit-frame-pointer -mno-omit-leaf-frame-pointer -ffile-prefix-map=/build/r-base-FPSnzf/r-base-4.3.3=. -fstack-protector-strong -fstack-clash-protection -Wformat -Werror=format-security -fcf-protection -fdebug-prefix-map=/build/r-base-FPSnzf/r-base-4.3.3=/usr/src/r-base-4.3.3-2build2 -Wdate-time -D_FORTIFY_SOURCE=3  -c yaml/dumper.c -o yaml/dumper.o
gcc -I"/usr/share/R/include" -DNDEBUG -I./tree-sitter/lib/include -I./tree-sitter/lib/src -I./yaml      -fpic  -g -O2 -fno-omit-frame-pointer -mno-omit-leaf-frame-pointer -ffile-prefix-map=/build/r-base-FPSnzf/r-base-4.3.3=. -fstack-protector-strong -fstack-clash-protection -Wformat -Werror=format-security -fcf-protection -fdebug-prefix-map=/build/r-base-FPSnzf/r-base-4.3.3=/usr/src/r-base-4.3.3-2build2 -Wdate-time -D_FORTIFY_SOURCE=3  -c yaml/emitter.c -o yaml/emitter.o
gcc -I"/usr/share/R/include" -DNDEBUG -I./tree-sitter/lib/include -I./tree-sitter/lib/src -I./yaml      -fpic  -g -O2 -fno-omit-frame-pointer -mno-omit-leaf-frame-pointer -ffile-prefix-map=/build/r-base-FPSnzf/r-base-4.3.3=. -fstack-protector-strong -fstack-clash-protection -Wformat -Werror=format-security -fcf-protection -fdebug-prefix-map=/build/r-base-FPSnzf/r-base-4.3.3=/usr/src/r-base-4.3.3-2build2 -Wdate-time -D_FORTIFY_SOURCE=3  -c yaml/loader.c -o yaml/loader.o
gcc -I"/usr/share/R/include" -DNDEBUG -I./tree-sitter/lib/include -I./tree-sitter/lib/src -I./yaml      -fpic  -g -O2 -fno-omit-frame-pointer -mno-omit-leaf-frame-pointer -ffile-prefix-map=/build/r-base-FPSnzf/r-base-4.3.3=. -fstack-protector-strong -fstack-clash-protection -Wformat -Werror=format-security -fcf-protection -fdebug-prefix-map=/build/r-base-FPSnzf/r-base-4.3.3=/usr/src/r-base-4.3.3-2build2 -Wdate-time -D_FORTIFY_SOURCE=3  -c yaml/parser.c -o yaml/parser.o
gcc -I"/usr/share/R/include" -DNDEBUG -I./tree-sitter/lib/include -I./tree-sitter/lib/src -I./yaml      -fpic  -g -O2 -fno-omit-frame-pointer -mno-omit-leaf-frame-pointer -ffile-prefix-map=/build/r-base-FPSnzf/r-base-4.3.3=. -fstack-protector-strong -fstack-clash-protection -Wformat -Werror=format-security -fcf-protection -fdebug-prefix-map=/build/r-base-FPSnzf/r-base-4.3.3=/usr/src/r-base-4.3.3-2build2 -Wdate-time -D_FORTIFY_SOURCE=3  -c yaml/reader.c -o yaml/reader.o
gcc -I"/usr/share/R/include" -DNDEBUG -I./tree-sitter/lib/include -I./tree-sitter/lib/src -I./yaml      -fpic  -g -O2 -fno-omit-frame-pointer -mno-omit-leaf-frame-pointer -ffile-prefix-map=/build/r-base-FPSnzf/r-base-4.3.3=. -fstack-protector-strong -fstack-clash-protection -Wformat -Werror=format-security -fcf-protection -fdebug-prefix-map=/build/r-base-FPSnzf/r-base-4.3.3=/usr/src/r-base-4.3.3-2build2 -Wdate-time -D_FORTIFY_SOURCE=3  -c yaml/scanner.c -o yaml/scanner.o
gcc -I"/usr/share/R/include" -DNDEBUG -I./tree-sitter/lib/include -I./tree-sitter/lib/src -I./yaml      -fpic  -g -O2 -fno-omit-frame-pointer -mno-omit-leaf-frame-pointer -ffile-prefix-map=/build/r-base-FPSnzf/r-base-4.3.3=. -fstack-protector-strong -fstack-clash-protection -Wformat -Werror=format-security -fcf-protection -fdebug-prefix-map=/build/r-base-FPSnzf/r-base-4.3.3=/usr/src/r-base-4.3.3-2build2 -Wdate-time -D_FORTIFY_SOURCE=3  -c yaml/writer.c -o yaml/writer.o
gcc -I"/usr/share/R/include" -DNDEBUG -I./tree-sitter/lib/include -I./tree-sitter/lib/src -I./yaml      -fpic  -g -O2 -fno-omit-frame-pointer -mno-omit-leaf-frame-pointer -ffile-prefix-map=/build/r-base-FPSnzf/r-base-4.3.3=. -fstack-protector-strong -fstack-clash-protection -Wformat -Werror=format-security -fcf-protection -fdebug-prefix-map=/build/r-base-FPSnzf/r-base-4.3.3=/usr/src/r-base-4.3.3-2build2 -Wdate-time -D_FORTIFY_SOURCE=3  -c init.c -o init.o
gcc -I"/usr/share/R/include" -DNDEBUG -I./tree-sitter/lib/include -I./tree-sitter/lib/src -I./yaml      -fpic  -g -O2 -fno-omit-frame-pointer -mno-omit-leaf-frame-pointer -ffile-prefix-map=/build/r-base-FPSnzf/r-base-4.3.3=. -fstack-protector-strong -fstack-clash-protection -Wformat -Werror=format-security -fcf-protection -fdebug-prefix-map=/build/r-base-FPSnzf/r-base-4.3.3=/usr/src/r-base-4.3.3-2build2 -Wdate-time -D_FORTIFY_SOURCE=3  -c cleancall.c -o cleancall.o
gcc -I"/usr/share/R/include" -DNDEBUG -I./tree-sitter/lib/include -I./tree-sitter/lib/src -I./yaml      -fpic  -g -O2 -fno-omit-frame-pointer -mno-omit-leaf-frame-pointer -ffile-prefix-map=/build/r-base-FPSnzf/r-base-4.3.3=. -fstack-protector-strong -fstack-clash-protection -Wformat -Werror=format-security -fcf-protection -fdebug-prefix-map=/build/r-base-FPSnzf/r-base-4.3.3=/usr/src/r-base-4.3.3-2build2 -Wdate-time -D_FORTIFY_SOURCE=3  -c tree-sitter.c -o tree-sitter.o
gcc -I"/usr/share/R/include" -DNDEBUG -I./tree-sitter/lib/include -I./tree-sitter/lib/src -I./yaml      -fpic  -g -O2 -fno-omit-frame-pointer -mno-omit-leaf-frame-pointer -ffile-prefix-map=/build/r-base-FPSnzf/r-base-4.3.3=. -fstack-protector-strong -fstack-clash-protection -Wformat -Werror=format-security -fcf-protection -fdebug-prefix-map=/build/r-base-FPSnzf/r-base-4.3.3=/usr/src/r-base-4.3.3-2build2 -Wdate-time -D_FORTIFY_SOURCE=3  -c yaml.c -o yaml.o
gcc -shared -L/usr/lib/R/lib -Wl,-Bsymbolic-functions -flto=auto -ffat-lto-objects -Wl,-z,relro -o pkgdepends.so tree-sitter/lib/src/lib.o tree-sitter/r/parser.o tree-sitter/r/scanner.o tree-sitter/markdown/parser.o tree-sitter/markdown/scanner.o tree-sitter/markdown-inline/parser.o tree-sitter/markdown-inline/scanner.o tree-sitter/yaml/parser.o tree-sitter/yaml/scanner.o yaml/api.o yaml/dumper.o yaml/emitter.o yaml/loader.o yaml/parser.o yaml/reader.o yaml/scanner.o yaml/writer.o init.o cleancall.o tree-sitter.o yaml.o -L/usr/lib/R/lib -lR
make[1]: Leaving directory '/tmp/RtmpoYZK6r/R.INSTALL608c14467fe5/pak/src/library/pkgdepends/src'
installing to /usr/local/lib/R/site-library/00LOCK-pak/00new/pak/library/pkgdepends/libs

Compiling keyring
Could not find libsecret headers or libs.
On Ubuntu, you need to install libsecret-1-dev via apt.
On RedHat, Fedora, and CentOS, you need to install libsecret-devel via yum or dnf.
Note that in addition to libsecret, you either need pkg-config or set the
LIBSECRET_CFLAGS and LIBSECRET_LIBS environment variables.

This keyring build will not support the libsecret backend.
using C compiler: ‘gcc (Ubuntu 13.3.0-6ubuntu2~24.04.1) 13.3.0’
make[1]: Entering directory '/tmp/RtmpoYZK6r/R.INSTALL608c14467fe5/pak/src/library/keyring/src'
gcc -I"/usr/share/R/include" -DNDEBUG -DMBEDTLS_AES_C -DMBEDTLS_ALLOW_PRIVATE_ACCESS -DMBEDTLS_PLATFORM_PRINTF_ALT -I.      -fpic  -g -O2 -fno-omit-frame-pointer -mno-omit-leaf-frame-pointer -ffile-prefix-map=/build/r-base-FPSnzf/r-base-4.3.3=. -fstack-protector-strong -fstack-clash-protection -Wformat -Werror=format-security -fcf-protection -fdebug-prefix-map=/build/r-base-FPSnzf/r-base-4.3.3=/usr/src/r-base-4.3.3-2build2 -Wdate-time -D_FORTIFY_SOURCE=3  -c aes.c -o aes.o
gcc -I"/usr/share/R/include" -DNDEBUG -DMBEDTLS_AES_C -DMBEDTLS_ALLOW_PRIVATE_ACCESS -DMBEDTLS_PLATFORM_PRINTF_ALT -I.      -fpic  -g -O2 -fno-omit-frame-pointer -mno-omit-leaf-frame-pointer -ffile-prefix-map=/build/r-base-FPSnzf/r-base-4.3.3=. -fstack-protector-strong -fstack-clash-protection -Wformat -Werror=format-security -fcf-protection -fdebug-prefix-map=/build/r-base-FPSnzf/r-base-4.3.3=/usr/src/r-base-4.3.3-2build2 -Wdate-time -D_FORTIFY_SOURCE=3  -c aesce.c -o aesce.o
gcc -I"/usr/share/R/include" -DNDEBUG -DMBEDTLS_AES_C -DMBEDTLS_ALLOW_PRIVATE_ACCESS -DMBEDTLS_PLATFORM_PRINTF_ALT -I.      -fpic  -g -O2 -fno-omit-frame-pointer -mno-omit-leaf-frame-pointer -ffile-prefix-map=/build/r-base-FPSnzf/r-base-4.3.3=. -fstack-protector-strong -fstack-clash-protection -Wformat -Werror=format-security -fcf-protection -fdebug-prefix-map=/build/r-base-FPSnzf/r-base-4.3.3=/usr/src/r-base-4.3.3-2build2 -Wdate-time -D_FORTIFY_SOURCE=3  -c aesni.c -o aesni.o
gcc -I"/usr/share/R/include" -DNDEBUG -DMBEDTLS_AES_C -DMBEDTLS_ALLOW_PRIVATE_ACCESS -DMBEDTLS_PLATFORM_PRINTF_ALT -I.      -fpic  -g -O2 -fno-omit-frame-pointer -mno-omit-leaf-frame-pointer -ffile-prefix-map=/build/r-base-FPSnzf/r-base-4.3.3=. -fstack-protector-strong -fstack-clash-protection -Wformat -Werror=format-security -fcf-protection -fdebug-prefix-map=/build/r-base-FPSnzf/r-base-4.3.3=/usr/src/r-base-4.3.3-2build2 -Wdate-time -D_FORTIFY_SOURCE=3  -c base64.c -o base64.o
gcc -I"/usr/share/R/include" -DNDEBUG -DMBEDTLS_AES_C -DMBEDTLS_ALLOW_PRIVATE_ACCESS -DMBEDTLS_PLATFORM_PRINTF_ALT -I.      -fpic  -g -O2 -fno-omit-frame-pointer -mno-omit-leaf-frame-pointer -ffile-prefix-map=/build/r-base-FPSnzf/r-base-4.3.3=. -fstack-protector-strong -fstack-clash-protection -Wformat -Werror=format-security -fcf-protection -fdebug-prefix-map=/build/r-base-FPSnzf/r-base-4.3.3=/usr/src/r-base-4.3.3-2build2 -Wdate-time -D_FORTIFY_SOURCE=3  -c blake2b-compress-ref.c -o blake2b-compress-ref.o
gcc -I"/usr/share/R/include" -DNDEBUG -DMBEDTLS_AES_C -DMBEDTLS_ALLOW_PRIVATE_ACCESS -DMBEDTLS_PLATFORM_PRINTF_ALT -I.      -fpic  -g -O2 -fno-omit-frame-pointer -mno-omit-leaf-frame-pointer -ffile-prefix-map=/build/r-base-FPSnzf/r-base-4.3.3=. -fstack-protector-strong -fstack-clash-protection -Wformat -Werror=format-security -fcf-protection -fdebug-prefix-map=/build/r-base-FPSnzf/r-base-4.3.3=/usr/src/r-base-4.3.3-2build2 -Wdate-time -D_FORTIFY_SOURCE=3  -c blake2b-ref.c -o blake2b-ref.o
gcc -I"/usr/share/R/include" -DNDEBUG -DMBEDTLS_AES_C -DMBEDTLS_ALLOW_PRIVATE_ACCESS -DMBEDTLS_PLATFORM_PRINTF_ALT -I.      -fpic  -g -O2 -fno-omit-frame-pointer -mno-omit-leaf-frame-pointer -ffile-prefix-map=/build/r-base-FPSnzf/r-base-4.3.3=. -fstack-protector-strong -fstack-clash-protection -Wformat -Werror=format-security -fcf-protection -fdebug-prefix-map=/build/r-base-FPSnzf/r-base-4.3.3=/usr/src/r-base-4.3.3-2build2 -Wdate-time -D_FORTIFY_SOURCE=3  -c core_hsalsa20_ref2.c -o core_hsalsa20_ref2.o
gcc -I"/usr/share/R/include" -DNDEBUG -DMBEDTLS_AES_C -DMBEDTLS_ALLOW_PRIVATE_ACCESS -DMBEDTLS_PLATFORM_PRINTF_ALT -I.      -fpic  -g -O2 -fno-omit-frame-pointer -mno-omit-leaf-frame-pointer -ffile-prefix-map=/build/r-base-FPSnzf/r-base-4.3.3=. -fstack-protector-strong -fstack-clash-protection -Wformat -Werror=format-security -fcf-protection -fdebug-prefix-map=/build/r-base-FPSnzf/r-base-4.3.3=/usr/src/r-base-4.3.3-2build2 -Wdate-time -D_FORTIFY_SOURCE=3  -c core_salsa_ref.c -o core_salsa_ref.o
gcc -I"/usr/share/R/include" -DNDEBUG -DMBEDTLS_AES_C -DMBEDTLS_ALLOW_PRIVATE_ACCESS -DMBEDTLS_PLATFORM_PRINTF_ALT -I.      -fpic  -g -O2 -fno-omit-frame-pointer -mno-omit-leaf-frame-pointer -ffile-prefix-map=/build/r-base-FPSnzf/r-base-4.3.3=. -fstack-protector-strong -fstack-clash-protection -Wformat -Werror=format-security -fcf-protection -fdebug-prefix-map=/build/r-base-FPSnzf/r-base-4.3.3=/usr/src/r-base-4.3.3-2build2 -Wdate-time -D_FORTIFY_SOURCE=3  -c crypto_generichash.c -o crypto_generichash.o
gcc -I"/usr/share/R/include" -DNDEBUG -DMBEDTLS_AES_C -DMBEDTLS_ALLOW_PRIVATE_ACCESS -DMBEDTLS_PLATFORM_PRINTF_ALT -I.      -fpic  -g -O2 -fno-omit-frame-pointer -mno-omit-leaf-frame-pointer -ffile-prefix-map=/build/r-base-FPSnzf/r-base-4.3.3=. -fstack-protector-strong -fstack-clash-protection -Wformat -Werror=format-security -fcf-protection -fdebug-prefix-map=/build/r-base-FPSnzf/r-base-4.3.3=/usr/src/r-base-4.3.3-2build2 -Wdate-time -D_FORTIFY_SOURCE=3  -c crypto_secretbox_easy.c -o crypto_secretbox_easy.o
gcc -I"/usr/share/R/include" -DNDEBUG -DMBEDTLS_AES_C -DMBEDTLS_ALLOW_PRIVATE_ACCESS -DMBEDTLS_PLATFORM_PRINTF_ALT -I.      -fpic  -g -O2 -fno-omit-frame-pointer -mno-omit-leaf-frame-pointer -ffile-prefix-map=/build/r-base-FPSnzf/r-base-4.3.3=. -fstack-protector-strong -fstack-clash-protection -Wformat -Werror=format-security -fcf-protection -fdebug-prefix-map=/build/r-base-FPSnzf/r-base-4.3.3=/usr/src/r-base-4.3.3-2build2 -Wdate-time -D_FORTIFY_SOURCE=3  -c generichash_blake2b.c -o generichash_blake2b.o
gcc -I"/usr/share/R/include" -DNDEBUG -DMBEDTLS_AES_C -DMBEDTLS_ALLOW_PRIVATE_ACCESS -DMBEDTLS_PLATFORM_PRINTF_ALT -I.      -fpic  -g -O2 -fno-omit-frame-pointer -mno-omit-leaf-frame-pointer -ffile-prefix-map=/build/r-base-FPSnzf/r-base-4.3.3=. -fstack-protector-strong -fstack-clash-protection -Wformat -Werror=format-security -fcf-protection -fdebug-prefix-map=/build/r-base-FPSnzf/r-base-4.3.3=/usr/src/r-base-4.3.3-2build2 -Wdate-time -D_FORTIFY_SOURCE=3  -c init.c -o init.o
gcc -I"/usr/share/R/include" -DNDEBUG -DMBEDTLS_AES_C -DMBEDTLS_ALLOW_PRIVATE_ACCESS -DMBEDTLS_PLATFORM_PRINTF_ALT -I.      -fpic  -g -O2 -fno-omit-frame-pointer -mno-omit-leaf-frame-pointer -ffile-prefix-map=/build/r-base-FPSnzf/r-base-4.3.3=. -fstack-protector-strong -fstack-clash-protection -Wformat -Werror=format-security -fcf-protection -fdebug-prefix-map=/build/r-base-FPSnzf/r-base-4.3.3=/usr/src/r-base-4.3.3-2build2 -Wdate-time -D_FORTIFY_SOURCE=3  -c keyring_macos.c -o keyring_macos.o
gcc -I"/usr/share/R/include" -DNDEBUG -DMBEDTLS_AES_C -DMBEDTLS_ALLOW_PRIVATE_ACCESS -DMBEDTLS_PLATFORM_PRINTF_ALT -I.      -fpic  -g -O2 -fno-omit-frame-pointer -mno-omit-leaf-frame-pointer -ffile-prefix-map=/build/r-base-FPSnzf/r-base-4.3.3=. -fstack-protector-strong -fstack-clash-protection -Wformat -Werror=format-security -fcf-protection -fdebug-prefix-map=/build/r-base-FPSnzf/r-base-4.3.3=/usr/src/r-base-4.3.3-2build2 -Wdate-time -D_FORTIFY_SOURCE=3  -c keyring_secret_service.c -o keyring_secret_service.o
gcc -I"/usr/share/R/include" -DNDEBUG -DMBEDTLS_AES_C -DMBEDTLS_ALLOW_PRIVATE_ACCESS -DMBEDTLS_PLATFORM_PRINTF_ALT -I.      -fpic  -g -O2 -fno-omit-frame-pointer -mno-omit-leaf-frame-pointer -ffile-prefix-map=/build/r-base-FPSnzf/r-base-4.3.3=. -fstack-protector-strong -fstack-clash-protection -Wformat -Werror=format-security -fcf-protection -fdebug-prefix-map=/build/r-base-FPSnzf/r-base-4.3.3=/usr/src/r-base-4.3.3-2build2 -Wdate-time -D_FORTIFY_SOURCE=3  -c keyring_wincred.c -o keyring_wincred.o
gcc -I"/usr/share/R/include" -DNDEBUG -DMBEDTLS_AES_C -DMBEDTLS_ALLOW_PRIVATE_ACCESS -DMBEDTLS_PLATFORM_PRINTF_ALT -I.      -fpic  -g -O2 -fno-omit-frame-pointer -mno-omit-leaf-frame-pointer -ffile-prefix-map=/build/r-base-FPSnzf/r-base-4.3.3=. -fstack-protector-strong -fstack-clash-protection -Wformat -Werror=format-security -fcf-protection -fdebug-prefix-map=/build/r-base-FPSnzf/r-base-4.3.3=/usr/src/r-base-4.3.3-2build2 -Wdate-time -D_FORTIFY_SOURCE=3  -c onetimeauth_poly1305.c -o onetimeauth_poly1305.o
gcc -I"/usr/share/R/include" -DNDEBUG -DMBEDTLS_AES_C -DMBEDTLS_ALLOW_PRIVATE_ACCESS -DMBEDTLS_PLATFORM_PRINTF_ALT -I.      -fpic  -g -O2 -fno-omit-frame-pointer -mno-omit-leaf-frame-pointer -ffile-prefix-map=/build/r-base-FPSnzf/r-base-4.3.3=. -fstack-protector-strong -fstack-clash-protection -Wformat -Werror=format-security -fcf-protection -fdebug-prefix-map=/build/r-base-FPSnzf/r-base-4.3.3=/usr/src/r-base-4.3.3-2build2 -Wdate-time -D_FORTIFY_SOURCE=3  -c padlock.c -o padlock.o
gcc -I"/usr/share/R/include" -DNDEBUG -DMBEDTLS_AES_C -DMBEDTLS_ALLOW_PRIVATE_ACCESS -DMBEDTLS_PLATFORM_PRINTF_ALT -I.      -fpic  -g -O2 -fno-omit-frame-pointer -mno-omit-leaf-frame-pointer -ffile-prefix-map=/build/r-base-FPSnzf/r-base-4.3.3=. -fstack-protector-strong -fstack-clash-protection -Wformat -Werror=format-security -fcf-protection -fdebug-prefix-map=/build/r-base-FPSnzf/r-base-4.3.3=/usr/src/r-base-4.3.3-2build2 -Wdate-time -D_FORTIFY_SOURCE=3  -c platform_util.c -o platform_util.o
gcc -I"/usr/share/R/include" -DNDEBUG -DMBEDTLS_AES_C -DMBEDTLS_ALLOW_PRIVATE_ACCESS -DMBEDTLS_PLATFORM_PRINTF_ALT -I.      -fpic  -g -O2 -fno-omit-frame-pointer -mno-omit-leaf-frame-pointer -ffile-prefix-map=/build/r-base-FPSnzf/r-base-4.3.3=. -fstack-protector-strong -fstack-clash-protection -Wformat -Werror=format-security -fcf-protection -fdebug-prefix-map=/build/r-base-FPSnzf/r-base-4.3.3=/usr/src/r-base-4.3.3-2build2 -Wdate-time -D_FORTIFY_SOURCE=3  -c poly1305_donna.c -o poly1305_donna.o
gcc -I"/usr/share/R/include" -DNDEBUG -DMBEDTLS_AES_C -DMBEDTLS_ALLOW_PRIVATE_ACCESS -DMBEDTLS_PLATFORM_PRINTF_ALT -I.      -fpic  -g -O2 -fno-omit-frame-pointer -mno-omit-leaf-frame-pointer -ffile-prefix-map=/build/r-base-FPSnzf/r-base-4.3.3=. -fstack-protector-strong -fstack-clash-protection -Wformat -Werror=format-security -fcf-protection -fdebug-prefix-map=/build/r-base-FPSnzf/r-base-4.3.3=/usr/src/r-base-4.3.3-2build2 -Wdate-time -D_FORTIFY_SOURCE=3  -c raes.c -o raes.o
gcc -I"/usr/share/R/include" -DNDEBUG -DMBEDTLS_AES_C -DMBEDTLS_ALLOW_PRIVATE_ACCESS -DMBEDTLS_PLATFORM_PRINTF_ALT -I.      -fpic  -g -O2 -fno-omit-frame-pointer -mno-omit-leaf-frame-pointer -ffile-prefix-map=/build/r-base-FPSnzf/r-base-4.3.3=. -fstack-protector-strong -fstack-clash-protection -Wformat -Werror=format-security -fcf-protection -fdebug-prefix-map=/build/r-base-FPSnzf/r-base-4.3.3=/usr/src/r-base-4.3.3-2build2 -Wdate-time -D_FORTIFY_SOURCE=3  -c randombytes_sysrandom.c -o randombytes_sysrandom.o
gcc -I"/usr/share/R/include" -DNDEBUG -DMBEDTLS_AES_C -DMBEDTLS_ALLOW_PRIVATE_ACCESS -DMBEDTLS_PLATFORM_PRINTF_ALT -I.      -fpic  -g -O2 -fno-omit-frame-pointer -mno-omit-leaf-frame-pointer -ffile-prefix-map=/build/r-base-FPSnzf/r-base-4.3.3=. -fstack-protector-strong -fstack-clash-protection -Wformat -Werror=format-security -fcf-protection -fdebug-prefix-map=/build/r-base-FPSnzf/r-base-4.3.3=/usr/src/r-base-4.3.3-2build2 -Wdate-time -D_FORTIFY_SOURCE=3  -c salsa20_ref.c -o salsa20_ref.o
gcc -I"/usr/share/R/include" -DNDEBUG -DMBEDTLS_AES_C -DMBEDTLS_ALLOW_PRIVATE_ACCESS -DMBEDTLS_PLATFORM_PRINTF_ALT -I.      -fpic  -g -O2 -fno-omit-frame-pointer -mno-omit-leaf-frame-pointer -ffile-prefix-map=/build/r-base-FPSnzf/r-base-4.3.3=. -fstack-protector-strong -fstack-clash-protection -Wformat -Werror=format-security -fcf-protection -fdebug-prefix-map=/build/r-base-FPSnzf/r-base-4.3.3=/usr/src/r-base-4.3.3-2build2 -Wdate-time -D_FORTIFY_SOURCE=3  -c sha256.c -o sha256.o
gcc -I"/usr/share/R/include" -DNDEBUG -DMBEDTLS_AES_C -DMBEDTLS_ALLOW_PRIVATE_ACCESS -DMBEDTLS_PLATFORM_PRINTF_ALT -I.      -fpic  -g -O2 -fno-omit-frame-pointer -mno-omit-leaf-frame-pointer -ffile-prefix-map=/build/r-base-FPSnzf/r-base-4.3.3=. -fstack-protector-strong -fstack-clash-protection -Wformat -Werror=format-security -fcf-protection -fdebug-prefix-map=/build/r-base-FPSnzf/r-base-4.3.3=/usr/src/r-base-4.3.3-2build2 -Wdate-time -D_FORTIFY_SOURCE=3  -c sodium-utils.c -o sodium-utils.o
gcc -I"/usr/share/R/include" -DNDEBUG -DMBEDTLS_AES_C -DMBEDTLS_ALLOW_PRIVATE_ACCESS -DMBEDTLS_PLATFORM_PRINTF_ALT -I.      -fpic  -g -O2 -fno-omit-frame-pointer -mno-omit-leaf-frame-pointer -ffile-prefix-map=/build/r-base-FPSnzf/r-base-4.3.3=. -fstack-protector-strong -fstack-clash-protection -Wformat -Werror=format-security -fcf-protection -fdebug-prefix-map=/build/r-base-FPSnzf/r-base-4.3.3=/usr/src/r-base-4.3.3-2build2 -Wdate-time -D_FORTIFY_SOURCE=3  -c sodium.c -o sodium.o
gcc -I"/usr/share/R/include" -DNDEBUG -DMBEDTLS_AES_C -DMBEDTLS_ALLOW_PRIVATE_ACCESS -DMBEDTLS_PLATFORM_PRINTF_ALT -I.      -fpic  -g -O2 -fno-omit-frame-pointer -mno-omit-leaf-frame-pointer -ffile-prefix-map=/build/r-base-FPSnzf/r-base-4.3.3=. -fstack-protector-strong -fstack-clash-protection -Wformat -Werror=format-security -fcf-protection -fdebug-prefix-map=/build/r-base-FPSnzf/r-base-4.3.3=/usr/src/r-base-4.3.3-2build2 -Wdate-time -D_FORTIFY_SOURCE=3  -c stream_salsa20.c -o stream_salsa20.o
gcc -I"/usr/share/R/include" -DNDEBUG -DMBEDTLS_AES_C -DMBEDTLS_ALLOW_PRIVATE_ACCESS -DMBEDTLS_PLATFORM_PRINTF_ALT -I.      -fpic  -g -O2 -fno-omit-frame-pointer -mno-omit-leaf-frame-pointer -ffile-prefix-map=/build/r-base-FPSnzf/r-base-4.3.3=. -fstack-protector-strong -fstack-clash-protection -Wformat -Werror=format-security -fcf-protection -fdebug-prefix-map=/build/r-base-FPSnzf/r-base-4.3.3=/usr/src/r-base-4.3.3-2build2 -Wdate-time -D_FORTIFY_SOURCE=3  -c verify.c -o verify.o
gcc -I"/usr/share/R/include" -DNDEBUG -DMBEDTLS_AES_C -DMBEDTLS_ALLOW_PRIVATE_ACCESS -DMBEDTLS_PLATFORM_PRINTF_ALT -I.      -fpic  -g -O2 -fno-omit-frame-pointer -mno-omit-leaf-frame-pointer -ffile-prefix-map=/build/r-base-FPSnzf/r-base-4.3.3=. -fstack-protector-strong -fstack-clash-protection -Wformat -Werror=format-security -fcf-protection -fdebug-prefix-map=/build/r-base-FPSnzf/r-base-4.3.3=/usr/src/r-base-4.3.3-2build2 -Wdate-time -D_FORTIFY_SOURCE=3  -c win-path.c -o win-path.o
gcc -shared -L/usr/lib/R/lib -Wl,-Bsymbolic-functions -flto=auto -ffat-lto-objects -Wl,-z,relro -o keyring.so aes.o aesce.o aesni.o base64.o blake2b-compress-ref.o blake2b-ref.o core_hsalsa20_ref2.o core_salsa_ref.o crypto_generichash.o crypto_secretbox_easy.o generichash_blake2b.o init.o keyring_macos.o keyring_secret_service.o keyring_wincred.o onetimeauth_poly1305.o padlock.o platform_util.o poly1305_donna.o raes.o randombytes_sysrandom.o salsa20_ref.o sha256.o sodium-utils.o sodium.o stream_salsa20.o verify.o win-path.o -L/usr/lib/R/lib -lR
make[1]: Leaving directory '/tmp/RtmpoYZK6r/R.INSTALL608c14467fe5/pak/src/library/keyring/src'
installing to /usr/local/lib/R/site-library/00LOCK-pak/00new/pak/library/keyring/libs
installing via 'install.libs.R' to /usr/local/lib/R/site-library/00LOCK-pak/00new/pak
** R
** inst
** byte-compile and prepare package for lazy loading
** help
*** installing help indices
*** copying figures
** building package indices
** testing if installed package can be loaded from temporary location
** checking absolute paths in shared objects and dynamic libraries
** testing if installed package can be loaded from final location
** testing if installed package keeps a record of temporary installation path
* DONE (pak)
* installing *source* package ‘httr’ ...
** package ‘httr’ successfully unpacked and MD5 sums checked
** using staged installation
** R
** inst
** byte-compile and prepare package for lazy loading
** help
*** installing help indices
** building package indices
** installing vignettes
** testing if installed package can be loaded from temporary location
** testing if installed package can be loaded from final location
** testing if installed package keeps a record of temporary installation path
* DONE (httr)
* installing *source* package ‘lazyeval’ ...
** package ‘lazyeval’ successfully unpacked and MD5 sums checked
** using staged installation
** libs
using C compiler: ‘gcc (Ubuntu 13.3.0-6ubuntu2~24.04.1) 13.3.0’
gcc -I"/usr/share/R/include" -DNDEBUG       -fpic  -g -O2 -fno-omit-frame-pointer -mno-omit-leaf-frame-pointer -ffile-prefix-map=/build/r-base-FPSnzf/r-base-4.3.3=. -fstack-protector-strong -fstack-clash-protection -Wformat -Werror=format-security -fcf-protection -fdebug-prefix-map=/build/r-base-FPSnzf/r-base-4.3.3=/usr/src/r-base-4.3.3-2build2 -Wdate-time -D_FORTIFY_SOURCE=3  -c expr.c -o expr.o
gcc -I"/usr/share/R/include" -DNDEBUG       -fpic  -g -O2 -fno-omit-frame-pointer -mno-omit-leaf-frame-pointer -ffile-prefix-map=/build/r-base-FPSnzf/r-base-4.3.3=. -fstack-protector-strong -fstack-clash-protection -Wformat -Werror=format-security -fcf-protection -fdebug-prefix-map=/build/r-base-FPSnzf/r-base-4.3.3=/usr/src/r-base-4.3.3-2build2 -Wdate-time -D_FORTIFY_SOURCE=3  -c init.c -o init.o
gcc -I"/usr/share/R/include" -DNDEBUG       -fpic  -g -O2 -fno-omit-frame-pointer -mno-omit-leaf-frame-pointer -ffile-prefix-map=/build/r-base-FPSnzf/r-base-4.3.3=. -fstack-protector-strong -fstack-clash-protection -Wformat -Werror=format-security -fcf-protection -fdebug-prefix-map=/build/r-base-FPSnzf/r-base-4.3.3=/usr/src/r-base-4.3.3-2build2 -Wdate-time -D_FORTIFY_SOURCE=3  -c interp.c -o interp.o
gcc -I"/usr/share/R/include" -DNDEBUG       -fpic  -g -O2 -fno-omit-frame-pointer -mno-omit-leaf-frame-pointer -ffile-prefix-map=/build/r-base-FPSnzf/r-base-4.3.3=. -fstack-protector-strong -fstack-clash-protection -Wformat -Werror=format-security -fcf-protection -fdebug-prefix-map=/build/r-base-FPSnzf/r-base-4.3.3=/usr/src/r-base-4.3.3-2build2 -Wdate-time -D_FORTIFY_SOURCE=3  -c lazy.c -o lazy.o
gcc -I"/usr/share/R/include" -DNDEBUG       -fpic  -g -O2 -fno-omit-frame-pointer -mno-omit-leaf-frame-pointer -ffile-prefix-map=/build/r-base-FPSnzf/r-base-4.3.3=. -fstack-protector-strong -fstack-clash-protection -Wformat -Werror=format-security -fcf-protection -fdebug-prefix-map=/build/r-base-FPSnzf/r-base-4.3.3=/usr/src/r-base-4.3.3-2build2 -Wdate-time -D_FORTIFY_SOURCE=3  -c name.c -o name.o
gcc -I"/usr/share/R/include" -DNDEBUG       -fpic  -g -O2 -fno-omit-frame-pointer -mno-omit-leaf-frame-pointer -ffile-prefix-map=/build/r-base-FPSnzf/r-base-4.3.3=. -fstack-protector-strong -fstack-clash-protection -Wformat -Werror=format-security -fcf-protection -fdebug-prefix-map=/build/r-base-FPSnzf/r-base-4.3.3=/usr/src/r-base-4.3.3-2build2 -Wdate-time -D_FORTIFY_SOURCE=3  -c utils.c -o utils.o
gcc -shared -L/usr/lib/R/lib -Wl,-Bsymbolic-functions -flto=auto -ffat-lto-objects -Wl,-z,relro -o lazyeval.so expr.o init.o interp.o lazy.o name.o utils.o -L/usr/lib/R/lib -lR
installing to /usr/local/lib/R/site-library/00LOCK-lazyeval/00new/lazyeval/libs
** R
** inst
** byte-compile and prepare package for lazy loading
** help
*** installing help indices
** building package indices
** installing vignettes
** testing if installed package can be loaded from temporary location
** checking absolute paths in shared objects and dynamic libraries
** testing if installed package can be loaded from final location
** testing if installed package keeps a record of temporary installation path
* DONE (lazyeval)
* installing *source* package ‘data.table’ ...
** package ‘data.table’ successfully unpacked and MD5 sums checked
** using staged installation
gcc 13.3.0
zlib 1.3 is available ok
* checking if R installation supports OpenMP without any extra hints... yes
** libs
using C compiler: ‘gcc (Ubuntu 13.3.0-6ubuntu2~24.04.1) 13.3.0’
gcc -I"/usr/share/R/include" -DNDEBUG      -fvisibility=hidden  -fopenmp  -fpic  -g -O2 -fno-omit-frame-pointer -mno-omit-leaf-frame-pointer -ffile-prefix-map=/build/r-base-FPSnzf/r-base-4.3.3=. -fstack-protector-strong -fstack-clash-protection -Wformat -Werror=format-security -fcf-protection -fdebug-prefix-map=/build/r-base-FPSnzf/r-base-4.3.3=/usr/src/r-base-4.3.3-2build2 -Wdate-time -D_FORTIFY_SOURCE=3  -c assign.c -o assign.o
gcc -I"/usr/share/R/include" -DNDEBUG      -fvisibility=hidden  -fopenmp  -fpic  -g -O2 -fno-omit-frame-pointer -mno-omit-leaf-frame-pointer -ffile-prefix-map=/build/r-base-FPSnzf/r-base-4.3.3=. -fstack-protector-strong -fstack-clash-protection -Wformat -Werror=format-security -fcf-protection -fdebug-prefix-map=/build/r-base-FPSnzf/r-base-4.3.3=/usr/src/r-base-4.3.3-2build2 -Wdate-time -D_FORTIFY_SOURCE=3  -c between.c -o between.o
gcc -I"/usr/share/R/include" -DNDEBUG      -fvisibility=hidden  -fopenmp  -fpic  -g -O2 -fno-omit-frame-pointer -mno-omit-leaf-frame-pointer -ffile-prefix-map=/build/r-base-FPSnzf/r-base-4.3.3=. -fstack-protector-strong -fstack-clash-protection -Wformat -Werror=format-security -fcf-protection -fdebug-prefix-map=/build/r-base-FPSnzf/r-base-4.3.3=/usr/src/r-base-4.3.3-2build2 -Wdate-time -D_FORTIFY_SOURCE=3  -c bmerge.c -o bmerge.o
gcc -I"/usr/share/R/include" -DNDEBUG      -fvisibility=hidden  -fopenmp  -fpic  -g -O2 -fno-omit-frame-pointer -mno-omit-leaf-frame-pointer -ffile-prefix-map=/build/r-base-FPSnzf/r-base-4.3.3=. -fstack-protector-strong -fstack-clash-protection -Wformat -Werror=format-security -fcf-protection -fdebug-prefix-map=/build/r-base-FPSnzf/r-base-4.3.3=/usr/src/r-base-4.3.3-2build2 -Wdate-time -D_FORTIFY_SOURCE=3  -c chmatch.c -o chmatch.o
gcc -I"/usr/share/R/include" -DNDEBUG      -fvisibility=hidden  -fopenmp  -fpic  -g -O2 -fno-omit-frame-pointer -mno-omit-leaf-frame-pointer -ffile-prefix-map=/build/r-base-FPSnzf/r-base-4.3.3=. -fstack-protector-strong -fstack-clash-protection -Wformat -Werror=format-security -fcf-protection -fdebug-prefix-map=/build/r-base-FPSnzf/r-base-4.3.3=/usr/src/r-base-4.3.3-2build2 -Wdate-time -D_FORTIFY_SOURCE=3  -c cj.c -o cj.o
gcc -I"/usr/share/R/include" -DNDEBUG      -fvisibility=hidden  -fopenmp  -fpic  -g -O2 -fno-omit-frame-pointer -mno-omit-leaf-frame-pointer -ffile-prefix-map=/build/r-base-FPSnzf/r-base-4.3.3=. -fstack-protector-strong -fstack-clash-protection -Wformat -Werror=format-security -fcf-protection -fdebug-prefix-map=/build/r-base-FPSnzf/r-base-4.3.3=/usr/src/r-base-4.3.3-2build2 -Wdate-time -D_FORTIFY_SOURCE=3  -c coalesce.c -o coalesce.o
gcc -I"/usr/share/R/include" -DNDEBUG      -fvisibility=hidden  -fopenmp  -fpic  -g -O2 -fno-omit-frame-pointer -mno-omit-leaf-frame-pointer -ffile-prefix-map=/build/r-base-FPSnzf/r-base-4.3.3=. -fstack-protector-strong -fstack-clash-protection -Wformat -Werror=format-security -fcf-protection -fdebug-prefix-map=/build/r-base-FPSnzf/r-base-4.3.3=/usr/src/r-base-4.3.3-2build2 -Wdate-time -D_FORTIFY_SOURCE=3  -c dogroups.c -o dogroups.o
gcc -I"/usr/share/R/include" -DNDEBUG      -fvisibility=hidden  -fopenmp  -fpic  -g -O2 -fno-omit-frame-pointer -mno-omit-leaf-frame-pointer -ffile-prefix-map=/build/r-base-FPSnzf/r-base-4.3.3=. -fstack-protector-strong -fstack-clash-protection -Wformat -Werror=format-security -fcf-protection -fdebug-prefix-map=/build/r-base-FPSnzf/r-base-4.3.3=/usr/src/r-base-4.3.3-2build2 -Wdate-time -D_FORTIFY_SOURCE=3  -c fastmean.c -o fastmean.o
gcc -I"/usr/share/R/include" -DNDEBUG      -fvisibility=hidden  -fopenmp  -fpic  -g -O2 -fno-omit-frame-pointer -mno-omit-leaf-frame-pointer -ffile-prefix-map=/build/r-base-FPSnzf/r-base-4.3.3=. -fstack-protector-strong -fstack-clash-protection -Wformat -Werror=format-security -fcf-protection -fdebug-prefix-map=/build/r-base-FPSnzf/r-base-4.3.3=/usr/src/r-base-4.3.3-2build2 -Wdate-time -D_FORTIFY_SOURCE=3  -c fcast.c -o fcast.o
gcc -I"/usr/share/R/include" -DNDEBUG      -fvisibility=hidden  -fopenmp  -fpic  -g -O2 -fno-omit-frame-pointer -mno-omit-leaf-frame-pointer -ffile-prefix-map=/build/r-base-FPSnzf/r-base-4.3.3=. -fstack-protector-strong -fstack-clash-protection -Wformat -Werror=format-security -fcf-protection -fdebug-prefix-map=/build/r-base-FPSnzf/r-base-4.3.3=/usr/src/r-base-4.3.3-2build2 -Wdate-time -D_FORTIFY_SOURCE=3  -c fifelse.c -o fifelse.o
gcc -I"/usr/share/R/include" -DNDEBUG      -fvisibility=hidden  -fopenmp  -fpic  -g -O2 -fno-omit-frame-pointer -mno-omit-leaf-frame-pointer -ffile-prefix-map=/build/r-base-FPSnzf/r-base-4.3.3=. -fstack-protector-strong -fstack-clash-protection -Wformat -Werror=format-security -fcf-protection -fdebug-prefix-map=/build/r-base-FPSnzf/r-base-4.3.3=/usr/src/r-base-4.3.3-2build2 -Wdate-time -D_FORTIFY_SOURCE=3  -c fmelt.c -o fmelt.o
gcc -I"/usr/share/R/include" -DNDEBUG      -fvisibility=hidden  -fopenmp  -fpic  -g -O2 -fno-omit-frame-pointer -mno-omit-leaf-frame-pointer -ffile-prefix-map=/build/r-base-FPSnzf/r-base-4.3.3=. -fstack-protector-strong -fstack-clash-protection -Wformat -Werror=format-security -fcf-protection -fdebug-prefix-map=/build/r-base-FPSnzf/r-base-4.3.3=/usr/src/r-base-4.3.3-2build2 -Wdate-time -D_FORTIFY_SOURCE=3  -c forder.c -o forder.o
gcc -I"/usr/share/R/include" -DNDEBUG      -fvisibility=hidden  -fopenmp  -fpic  -g -O2 -fno-omit-frame-pointer -mno-omit-leaf-frame-pointer -ffile-prefix-map=/build/r-base-FPSnzf/r-base-4.3.3=. -fstack-protector-strong -fstack-clash-protection -Wformat -Werror=format-security -fcf-protection -fdebug-prefix-map=/build/r-base-FPSnzf/r-base-4.3.3=/usr/src/r-base-4.3.3-2build2 -Wdate-time -D_FORTIFY_SOURCE=3  -c frank.c -o frank.o
gcc -I"/usr/share/R/include" -DNDEBUG      -fvisibility=hidden  -fopenmp  -fpic  -g -O2 -fno-omit-frame-pointer -mno-omit-leaf-frame-pointer -ffile-prefix-map=/build/r-base-FPSnzf/r-base-4.3.3=. -fstack-protector-strong -fstack-clash-protection -Wformat -Werror=format-security -fcf-protection -fdebug-prefix-map=/build/r-base-FPSnzf/r-base-4.3.3=/usr/src/r-base-4.3.3-2build2 -Wdate-time -D_FORTIFY_SOURCE=3  -c fread.c -o fread.o
gcc -I"/usr/share/R/include" -DNDEBUG      -fvisibility=hidden  -fopenmp  -fpic  -g -O2 -fno-omit-frame-pointer -mno-omit-leaf-frame-pointer -ffile-prefix-map=/build/r-base-FPSnzf/r-base-4.3.3=. -fstack-protector-strong -fstack-clash-protection -Wformat -Werror=format-security -fcf-protection -fdebug-prefix-map=/build/r-base-FPSnzf/r-base-4.3.3=/usr/src/r-base-4.3.3-2build2 -Wdate-time -D_FORTIFY_SOURCE=3  -c freadR.c -o freadR.o
gcc -I"/usr/share/R/include" -DNDEBUG      -fvisibility=hidden  -fopenmp  -fpic  -g -O2 -fno-omit-frame-pointer -mno-omit-leaf-frame-pointer -ffile-prefix-map=/build/r-base-FPSnzf/r-base-4.3.3=. -fstack-protector-strong -fstack-clash-protection -Wformat -Werror=format-security -fcf-protection -fdebug-prefix-map=/build/r-base-FPSnzf/r-base-4.3.3=/usr/src/r-base-4.3.3-2build2 -Wdate-time -D_FORTIFY_SOURCE=3  -c froll.c -o froll.o
gcc -I"/usr/share/R/include" -DNDEBUG      -fvisibility=hidden  -fopenmp  -fpic  -g -O2 -fno-omit-frame-pointer -mno-omit-leaf-frame-pointer -ffile-prefix-map=/build/r-base-FPSnzf/r-base-4.3.3=. -fstack-protector-strong -fstack-clash-protection -Wformat -Werror=format-security -fcf-protection -fdebug-prefix-map=/build/r-base-FPSnzf/r-base-4.3.3=/usr/src/r-base-4.3.3-2build2 -Wdate-time -D_FORTIFY_SOURCE=3  -c frollR.c -o frollR.o
gcc -I"/usr/share/R/include" -DNDEBUG      -fvisibility=hidden  -fopenmp  -fpic  -g -O2 -fno-omit-frame-pointer -mno-omit-leaf-frame-pointer -ffile-prefix-map=/build/r-base-FPSnzf/r-base-4.3.3=. -fstack-protector-strong -fstack-clash-protection -Wformat -Werror=format-security -fcf-protection -fdebug-prefix-map=/build/r-base-FPSnzf/r-base-4.3.3=/usr/src/r-base-4.3.3-2build2 -Wdate-time -D_FORTIFY_SOURCE=3  -c frolladaptive.c -o frolladaptive.o
gcc -I"/usr/share/R/include" -DNDEBUG      -fvisibility=hidden  -fopenmp  -fpic  -g -O2 -fno-omit-frame-pointer -mno-omit-leaf-frame-pointer -ffile-prefix-map=/build/r-base-FPSnzf/r-base-4.3.3=. -fstack-protector-strong -fstack-clash-protection -Wformat -Werror=format-security -fcf-protection -fdebug-prefix-map=/build/r-base-FPSnzf/r-base-4.3.3=/usr/src/r-base-4.3.3-2build2 -Wdate-time -D_FORTIFY_SOURCE=3  -c frollapply.c -o frollapply.o
gcc -I"/usr/share/R/include" -DNDEBUG      -fvisibility=hidden  -fopenmp  -fpic  -g -O2 -fno-omit-frame-pointer -mno-omit-leaf-frame-pointer -ffile-prefix-map=/build/r-base-FPSnzf/r-base-4.3.3=. -fstack-protector-strong -fstack-clash-protection -Wformat -Werror=format-security -fcf-protection -fdebug-prefix-map=/build/r-base-FPSnzf/r-base-4.3.3=/usr/src/r-base-4.3.3-2build2 -Wdate-time -D_FORTIFY_SOURCE=3  -c fsort.c -o fsort.o
gcc -I"/usr/share/R/include" -DNDEBUG      -fvisibility=hidden  -fopenmp  -fpic  -g -O2 -fno-omit-frame-pointer -mno-omit-leaf-frame-pointer -ffile-prefix-map=/build/r-base-FPSnzf/r-base-4.3.3=. -fstack-protector-strong -fstack-clash-protection -Wformat -Werror=format-security -fcf-protection -fdebug-prefix-map=/build/r-base-FPSnzf/r-base-4.3.3=/usr/src/r-base-4.3.3-2build2 -Wdate-time -D_FORTIFY_SOURCE=3  -c fwrite.c -o fwrite.o
gcc -I"/usr/share/R/include" -DNDEBUG      -fvisibility=hidden  -fopenmp  -fpic  -g -O2 -fno-omit-frame-pointer -mno-omit-leaf-frame-pointer -ffile-prefix-map=/build/r-base-FPSnzf/r-base-4.3.3=. -fstack-protector-strong -fstack-clash-protection -Wformat -Werror=format-security -fcf-protection -fdebug-prefix-map=/build/r-base-FPSnzf/r-base-4.3.3=/usr/src/r-base-4.3.3-2build2 -Wdate-time -D_FORTIFY_SOURCE=3  -c fwriteR.c -o fwriteR.o
gcc -I"/usr/share/R/include" -DNDEBUG      -fvisibility=hidden  -fopenmp  -fpic  -g -O2 -fno-omit-frame-pointer -mno-omit-leaf-frame-pointer -ffile-prefix-map=/build/r-base-FPSnzf/r-base-4.3.3=. -fstack-protector-strong -fstack-clash-protection -Wformat -Werror=format-security -fcf-protection -fdebug-prefix-map=/build/r-base-FPSnzf/r-base-4.3.3=/usr/src/r-base-4.3.3-2build2 -Wdate-time -D_FORTIFY_SOURCE=3  -c gsumm.c -o gsumm.o
gcc -I"/usr/share/R/include" -DNDEBUG      -fvisibility=hidden  -fopenmp  -fpic  -g -O2 -fno-omit-frame-pointer -mno-omit-leaf-frame-pointer -ffile-prefix-map=/build/r-base-FPSnzf/r-base-4.3.3=. -fstack-protector-strong -fstack-clash-protection -Wformat -Werror=format-security -fcf-protection -fdebug-prefix-map=/build/r-base-FPSnzf/r-base-4.3.3=/usr/src/r-base-4.3.3-2build2 -Wdate-time -D_FORTIFY_SOURCE=3  -c hash.c -o hash.o
gcc -I"/usr/share/R/include" -DNDEBUG      -fvisibility=hidden  -fopenmp  -fpic  -g -O2 -fno-omit-frame-pointer -mno-omit-leaf-frame-pointer -ffile-prefix-map=/build/r-base-FPSnzf/r-base-4.3.3=. -fstack-protector-strong -fstack-clash-protection -Wformat -Werror=format-security -fcf-protection -fdebug-prefix-map=/build/r-base-FPSnzf/r-base-4.3.3=/usr/src/r-base-4.3.3-2build2 -Wdate-time -D_FORTIFY_SOURCE=3  -c idatetime.c -o idatetime.o
gcc -I"/usr/share/R/include" -DNDEBUG      -fvisibility=hidden  -fopenmp  -fpic  -g -O2 -fno-omit-frame-pointer -mno-omit-leaf-frame-pointer -ffile-prefix-map=/build/r-base-FPSnzf/r-base-4.3.3=. -fstack-protector-strong -fstack-clash-protection -Wformat -Werror=format-security -fcf-protection -fdebug-prefix-map=/build/r-base-FPSnzf/r-base-4.3.3=/usr/src/r-base-4.3.3-2build2 -Wdate-time -D_FORTIFY_SOURCE=3  -c ijoin.c -o ijoin.o
gcc -I"/usr/share/R/include" -DNDEBUG      -fvisibility=hidden  -fopenmp  -fpic  -g -O2 -fno-omit-frame-pointer -mno-omit-leaf-frame-pointer -ffile-prefix-map=/build/r-base-FPSnzf/r-base-4.3.3=. -fstack-protector-strong -fstack-clash-protection -Wformat -Werror=format-security -fcf-protection -fdebug-prefix-map=/build/r-base-FPSnzf/r-base-4.3.3=/usr/src/r-base-4.3.3-2build2 -Wdate-time -D_FORTIFY_SOURCE=3  -c init.c -o init.o
gcc -I"/usr/share/R/include" -DNDEBUG      -fvisibility=hidden  -fopenmp  -fpic  -g -O2 -fno-omit-frame-pointer -mno-omit-leaf-frame-pointer -ffile-prefix-map=/build/r-base-FPSnzf/r-base-4.3.3=. -fstack-protector-strong -fstack-clash-protection -Wformat -Werror=format-security -fcf-protection -fdebug-prefix-map=/build/r-base-FPSnzf/r-base-4.3.3=/usr/src/r-base-4.3.3-2build2 -Wdate-time -D_FORTIFY_SOURCE=3  -c inrange.c -o inrange.o
gcc -I"/usr/share/R/include" -DNDEBUG      -fvisibility=hidden  -fopenmp  -fpic  -g -O2 -fno-omit-frame-pointer -mno-omit-leaf-frame-pointer -ffile-prefix-map=/build/r-base-FPSnzf/r-base-4.3.3=. -fstack-protector-strong -fstack-clash-protection -Wformat -Werror=format-security -fcf-protection -fdebug-prefix-map=/build/r-base-FPSnzf/r-base-4.3.3=/usr/src/r-base-4.3.3-2build2 -Wdate-time -D_FORTIFY_SOURCE=3  -c mergelist.c -o mergelist.o
gcc -I"/usr/share/R/include" -DNDEBUG      -fvisibility=hidden  -fopenmp  -fpic  -g -O2 -fno-omit-frame-pointer -mno-omit-leaf-frame-pointer -ffile-prefix-map=/build/r-base-FPSnzf/r-base-4.3.3=. -fstack-protector-strong -fstack-clash-protection -Wformat -Werror=format-security -fcf-protection -fdebug-prefix-map=/build/r-base-FPSnzf/r-base-4.3.3=/usr/src/r-base-4.3.3-2build2 -Wdate-time -D_FORTIFY_SOURCE=3  -c nafill.c -o nafill.o
gcc -I"/usr/share/R/include" -DNDEBUG      -fvisibility=hidden  -fopenmp  -fpic  -g -O2 -fno-omit-frame-pointer -mno-omit-leaf-frame-pointer -ffile-prefix-map=/build/r-base-FPSnzf/r-base-4.3.3=. -fstack-protector-strong -fstack-clash-protection -Wformat -Werror=format-security -fcf-protection -fdebug-prefix-map=/build/r-base-FPSnzf/r-base-4.3.3=/usr/src/r-base-4.3.3-2build2 -Wdate-time -D_FORTIFY_SOURCE=3  -c negate.c -o negate.o
gcc -I"/usr/share/R/include" -DNDEBUG      -fvisibility=hidden  -fopenmp  -fpic  -g -O2 -fno-omit-frame-pointer -mno-omit-leaf-frame-pointer -ffile-prefix-map=/build/r-base-FPSnzf/r-base-4.3.3=. -fstack-protector-strong -fstack-clash-protection -Wformat -Werror=format-security -fcf-protection -fdebug-prefix-map=/build/r-base-FPSnzf/r-base-4.3.3=/usr/src/r-base-4.3.3-2build2 -Wdate-time -D_FORTIFY_SOURCE=3  -c nqrecreateindices.c -o nqrecreateindices.o
gcc -I"/usr/share/R/include" -DNDEBUG      -fvisibility=hidden  -fopenmp  -fpic  -g -O2 -fno-omit-frame-pointer -mno-omit-leaf-frame-pointer -ffile-prefix-map=/build/r-base-FPSnzf/r-base-4.3.3=. -fstack-protector-strong -fstack-clash-protection -Wformat -Werror=format-security -fcf-protection -fdebug-prefix-map=/build/r-base-FPSnzf/r-base-4.3.3=/usr/src/r-base-4.3.3-2build2 -Wdate-time -D_FORTIFY_SOURCE=3  -c openmp-utils.c -o openmp-utils.o
gcc -I"/usr/share/R/include" -DNDEBUG      -fvisibility=hidden  -fopenmp  -fpic  -g -O2 -fno-omit-frame-pointer -mno-omit-leaf-frame-pointer -ffile-prefix-map=/build/r-base-FPSnzf/r-base-4.3.3=. -fstack-protector-strong -fstack-clash-protection -Wformat -Werror=format-security -fcf-protection -fdebug-prefix-map=/build/r-base-FPSnzf/r-base-4.3.3=/usr/src/r-base-4.3.3-2build2 -Wdate-time -D_FORTIFY_SOURCE=3  -c programming.c -o programming.o
gcc -I"/usr/share/R/include" -DNDEBUG      -fvisibility=hidden  -fopenmp  -fpic  -g -O2 -fno-omit-frame-pointer -mno-omit-leaf-frame-pointer -ffile-prefix-map=/build/r-base-FPSnzf/r-base-4.3.3=. -fstack-protector-strong -fstack-clash-protection -Wformat -Werror=format-security -fcf-protection -fdebug-prefix-map=/build/r-base-FPSnzf/r-base-4.3.3=/usr/src/r-base-4.3.3-2build2 -Wdate-time -D_FORTIFY_SOURCE=3  -c quickselect.c -o quickselect.o
gcc -I"/usr/share/R/include" -DNDEBUG      -fvisibility=hidden  -fopenmp  -fpic  -g -O2 -fno-omit-frame-pointer -mno-omit-leaf-frame-pointer -ffile-prefix-map=/build/r-base-FPSnzf/r-base-4.3.3=. -fstack-protector-strong -fstack-clash-protection -Wformat -Werror=format-security -fcf-protection -fdebug-prefix-map=/build/r-base-FPSnzf/r-base-4.3.3=/usr/src/r-base-4.3.3-2build2 -Wdate-time -D_FORTIFY_SOURCE=3  -c rbindlist.c -o rbindlist.o
gcc -I"/usr/share/R/include" -DNDEBUG      -fvisibility=hidden  -fopenmp  -fpic  -g -O2 -fno-omit-frame-pointer -mno-omit-leaf-frame-pointer -ffile-prefix-map=/build/r-base-FPSnzf/r-base-4.3.3=. -fstack-protector-strong -fstack-clash-protection -Wformat -Werror=format-security -fcf-protection -fdebug-prefix-map=/build/r-base-FPSnzf/r-base-4.3.3=/usr/src/r-base-4.3.3-2build2 -Wdate-time -D_FORTIFY_SOURCE=3  -c reorder.c -o reorder.o
gcc -I"/usr/share/R/include" -DNDEBUG      -fvisibility=hidden  -fopenmp  -fpic  -g -O2 -fno-omit-frame-pointer -mno-omit-leaf-frame-pointer -ffile-prefix-map=/build/r-base-FPSnzf/r-base-4.3.3=. -fstack-protector-strong -fstack-clash-protection -Wformat -Werror=format-security -fcf-protection -fdebug-prefix-map=/build/r-base-FPSnzf/r-base-4.3.3=/usr/src/r-base-4.3.3-2build2 -Wdate-time -D_FORTIFY_SOURCE=3  -c shellsort.c -o shellsort.o
gcc -I"/usr/share/R/include" -DNDEBUG      -fvisibility=hidden  -fopenmp  -fpic  -g -O2 -fno-omit-frame-pointer -mno-omit-leaf-frame-pointer -ffile-prefix-map=/build/r-base-FPSnzf/r-base-4.3.3=. -fstack-protector-strong -fstack-clash-protection -Wformat -Werror=format-security -fcf-protection -fdebug-prefix-map=/build/r-base-FPSnzf/r-base-4.3.3=/usr/src/r-base-4.3.3-2build2 -Wdate-time -D_FORTIFY_SOURCE=3  -c shift.c -o shift.o
gcc -I"/usr/share/R/include" -DNDEBUG      -fvisibility=hidden  -fopenmp  -fpic  -g -O2 -fno-omit-frame-pointer -mno-omit-leaf-frame-pointer -ffile-prefix-map=/build/r-base-FPSnzf/r-base-4.3.3=. -fstack-protector-strong -fstack-clash-protection -Wformat -Werror=format-security -fcf-protection -fdebug-prefix-map=/build/r-base-FPSnzf/r-base-4.3.3=/usr/src/r-base-4.3.3-2build2 -Wdate-time -D_FORTIFY_SOURCE=3  -c snprintf.c -o snprintf.o
gcc -I"/usr/share/R/include" -DNDEBUG      -fvisibility=hidden  -fopenmp  -fpic  -g -O2 -fno-omit-frame-pointer -mno-omit-leaf-frame-pointer -ffile-prefix-map=/build/r-base-FPSnzf/r-base-4.3.3=. -fstack-protector-strong -fstack-clash-protection -Wformat -Werror=format-security -fcf-protection -fdebug-prefix-map=/build/r-base-FPSnzf/r-base-4.3.3=/usr/src/r-base-4.3.3-2build2 -Wdate-time -D_FORTIFY_SOURCE=3  -c subset.c -o subset.o
gcc -I"/usr/share/R/include" -DNDEBUG      -fvisibility=hidden  -fopenmp  -fpic  -g -O2 -fno-omit-frame-pointer -mno-omit-leaf-frame-pointer -ffile-prefix-map=/build/r-base-FPSnzf/r-base-4.3.3=. -fstack-protector-strong -fstack-clash-protection -Wformat -Werror=format-security -fcf-protection -fdebug-prefix-map=/build/r-base-FPSnzf/r-base-4.3.3=/usr/src/r-base-4.3.3-2build2 -Wdate-time -D_FORTIFY_SOURCE=3  -c transpose.c -o transpose.o
gcc -I"/usr/share/R/include" -DNDEBUG      -fvisibility=hidden  -fopenmp  -fpic  -g -O2 -fno-omit-frame-pointer -mno-omit-leaf-frame-pointer -ffile-prefix-map=/build/r-base-FPSnzf/r-base-4.3.3=. -fstack-protector-strong -fstack-clash-protection -Wformat -Werror=format-security -fcf-protection -fdebug-prefix-map=/build/r-base-FPSnzf/r-base-4.3.3=/usr/src/r-base-4.3.3-2build2 -Wdate-time -D_FORTIFY_SOURCE=3  -c types.c -o types.o
gcc -I"/usr/share/R/include" -DNDEBUG      -fvisibility=hidden  -fopenmp  -fpic  -g -O2 -fno-omit-frame-pointer -mno-omit-leaf-frame-pointer -ffile-prefix-map=/build/r-base-FPSnzf/r-base-4.3.3=. -fstack-protector-strong -fstack-clash-protection -Wformat -Werror=format-security -fcf-protection -fdebug-prefix-map=/build/r-base-FPSnzf/r-base-4.3.3=/usr/src/r-base-4.3.3-2build2 -Wdate-time -D_FORTIFY_SOURCE=3  -c uniqlist.c -o uniqlist.o
gcc -I"/usr/share/R/include" -DNDEBUG      -fvisibility=hidden  -fopenmp  -fpic  -g -O2 -fno-omit-frame-pointer -mno-omit-leaf-frame-pointer -ffile-prefix-map=/build/r-base-FPSnzf/r-base-4.3.3=. -fstack-protector-strong -fstack-clash-protection -Wformat -Werror=format-security -fcf-protection -fdebug-prefix-map=/build/r-base-FPSnzf/r-base-4.3.3=/usr/src/r-base-4.3.3-2build2 -Wdate-time -D_FORTIFY_SOURCE=3  -c utils.c -o utils.o
gcc -I"/usr/share/R/include" -DNDEBUG      -fvisibility=hidden  -fopenmp  -fpic  -g -O2 -fno-omit-frame-pointer -mno-omit-leaf-frame-pointer -ffile-prefix-map=/build/r-base-FPSnzf/r-base-4.3.3=. -fstack-protector-strong -fstack-clash-protection -Wformat -Werror=format-security -fcf-protection -fdebug-prefix-map=/build/r-base-FPSnzf/r-base-4.3.3=/usr/src/r-base-4.3.3-2build2 -Wdate-time -D_FORTIFY_SOURCE=3  -c vecseq.c -o vecseq.o
gcc -I"/usr/share/R/include" -DNDEBUG      -fvisibility=hidden  -fopenmp  -fpic  -g -O2 -fno-omit-frame-pointer -mno-omit-leaf-frame-pointer -ffile-prefix-map=/build/r-base-FPSnzf/r-base-4.3.3=. -fstack-protector-strong -fstack-clash-protection -Wformat -Werror=format-security -fcf-protection -fdebug-prefix-map=/build/r-base-FPSnzf/r-base-4.3.3=/usr/src/r-base-4.3.3-2build2 -Wdate-time -D_FORTIFY_SOURCE=3  -c wrappers.c -o wrappers.o
gcc -shared -L/usr/lib/R/lib -Wl,-Bsymbolic-functions -flto=auto -ffat-lto-objects -Wl,-z,relro -o data.table.so assign.o between.o bmerge.o chmatch.o cj.o coalesce.o dogroups.o fastmean.o fcast.o fifelse.o fmelt.o forder.o frank.o fread.o freadR.o froll.o frollR.o frolladaptive.o frollapply.o fsort.o fwrite.o fwriteR.o gsumm.o hash.o idatetime.o ijoin.o init.o inrange.o mergelist.o nafill.o negate.o nqrecreateindices.o openmp-utils.o programming.o quickselect.o rbindlist.o reorder.o shellsort.o shift.o snprintf.o subset.o transpose.o types.o uniqlist.o utils.o vecseq.o wrappers.o -fvisibility=hidden -fopenmp -lz -L/usr/lib/R/lib -lR
PKG_CFLAGS = -fvisibility=hidden -fopenmp
PKG_LIBS = -fvisibility=hidden -fopenmp -lz
if [ "data.table.so" != "data_table.so" ]; then mv data.table.so data_table.so; fi
if [ "" != "Windows_NT" ] && [ `uname -s` = 'Darwin' ]; then install_name_tool -id data_table.so data_table.so; fi
installing to /usr/local/lib/R/site-library/00LOCK-data.table/00new/data.table/libs
** R
** inst
** byte-compile and prepare package for lazy loading
** help
*** installing help indices
** building package indices
** installing vignettes
** testing if installed package can be loaded from temporary location
** checking absolute paths in shared objects and dynamic libraries
** testing if installed package can be loaded from final location
** testing if installed package keeps a record of temporary installation path
* DONE (data.table)
* installing *source* package ‘hunspell’ ...
** package ‘hunspell’ successfully unpacked and MD5 sums checked
** using staged installation
** libs
using C++ compiler: ‘g++ (Ubuntu 13.3.0-6ubuntu2~24.04.1) 13.3.0’
g++ -std=gnu++17 -I"/usr/share/R/include" -DNDEBUG -I. -Ihunspell -DBUILDING_LIBHUNSPELL -I'/usr/local/lib/R/site-library/Rcpp/include'    -fvisibility=hidden -fpic  -g -O2 -fno-omit-frame-pointer -mno-omit-leaf-frame-pointer -ffile-prefix-map=/build/r-base-FPSnzf/r-base-4.3.3=. -fstack-protector-strong -fstack-clash-protection -Wformat -Werror=format-security -fcf-protection -fdebug-prefix-map=/build/r-base-FPSnzf/r-base-4.3.3=/usr/src/r-base-4.3.3-2build2 -Wdate-time -D_FORTIFY_SOURCE=3  -c RcppExports.cpp -o RcppExports.o
g++ -std=gnu++17 -I"/usr/share/R/include" -DNDEBUG -I. -Ihunspell -DBUILDING_LIBHUNSPELL -I'/usr/local/lib/R/site-library/Rcpp/include'    -fvisibility=hidden -fpic  -g -O2 -fno-omit-frame-pointer -mno-omit-leaf-frame-pointer -ffile-prefix-map=/build/r-base-FPSnzf/r-base-4.3.3=. -fstack-protector-strong -fstack-clash-protection -Wformat -Werror=format-security -fcf-protection -fdebug-prefix-map=/build/r-base-FPSnzf/r-base-4.3.3=/usr/src/r-base-4.3.3-2build2 -Wdate-time -D_FORTIFY_SOURCE=3  -c dictionary.cpp -o dictionary.o
g++ -std=gnu++17 -I"/usr/share/R/include" -DNDEBUG -I. -Ihunspell -DBUILDING_LIBHUNSPELL -I'/usr/local/lib/R/site-library/Rcpp/include'    -fvisibility=hidden -fpic  -g -O2 -fno-omit-frame-pointer -mno-omit-leaf-frame-pointer -ffile-prefix-map=/build/r-base-FPSnzf/r-base-4.3.3=. -fstack-protector-strong -fstack-clash-protection -Wformat -Werror=format-security -fcf-protection -fdebug-prefix-map=/build/r-base-FPSnzf/r-base-4.3.3=/usr/src/r-base-4.3.3-2build2 -Wdate-time -D_FORTIFY_SOURCE=3  -c parser.cpp -o parser.o
g++ -std=gnu++17 -I"/usr/share/R/include" -DNDEBUG -I. -Ihunspell -DBUILDING_LIBHUNSPELL -I'/usr/local/lib/R/site-library/Rcpp/include'    -fvisibility=hidden -fpic  -g -O2 -fno-omit-frame-pointer -mno-omit-leaf-frame-pointer -ffile-prefix-map=/build/r-base-FPSnzf/r-base-4.3.3=. -fstack-protector-strong -fstack-clash-protection -Wformat -Werror=format-security -fcf-protection -fdebug-prefix-map=/build/r-base-FPSnzf/r-base-4.3.3=/usr/src/r-base-4.3.3-2build2 -Wdate-time -D_FORTIFY_SOURCE=3  -c parsers/textparser.cc -o parsers/textparser.o
g++ -std=gnu++17 -I"/usr/share/R/include" -DNDEBUG -I. -Ihunspell -DBUILDING_LIBHUNSPELL -I'/usr/local/lib/R/site-library/Rcpp/include'    -fvisibility=hidden -fpic  -g -O2 -fno-omit-frame-pointer -mno-omit-leaf-frame-pointer -ffile-prefix-map=/build/r-base-FPSnzf/r-base-4.3.3=. -fstack-protector-strong -fstack-clash-protection -Wformat -Werror=format-security -fcf-protection -fdebug-prefix-map=/build/r-base-FPSnzf/r-base-4.3.3=/usr/src/r-base-4.3.3-2build2 -Wdate-time -D_FORTIFY_SOURCE=3  -c parsers/latexparser.cc -o parsers/latexparser.o
g++ -std=gnu++17 -I"/usr/share/R/include" -DNDEBUG -I. -Ihunspell -DBUILDING_LIBHUNSPELL -I'/usr/local/lib/R/site-library/Rcpp/include'    -fvisibility=hidden -fpic  -g -O2 -fno-omit-frame-pointer -mno-omit-leaf-frame-pointer -ffile-prefix-map=/build/r-base-FPSnzf/r-base-4.3.3=. -fstack-protector-strong -fstack-clash-protection -Wformat -Werror=format-security -fcf-protection -fdebug-prefix-map=/build/r-base-FPSnzf/r-base-4.3.3=/usr/src/r-base-4.3.3-2build2 -Wdate-time -D_FORTIFY_SOURCE=3  -c parsers/manparser.cc -o parsers/manparser.o
g++ -std=gnu++17 -I"/usr/share/R/include" -DNDEBUG -I. -Ihunspell -DBUILDING_LIBHUNSPELL -I'/usr/local/lib/R/site-library/Rcpp/include'    -fvisibility=hidden -fpic  -g -O2 -fno-omit-frame-pointer -mno-omit-leaf-frame-pointer -ffile-prefix-map=/build/r-base-FPSnzf/r-base-4.3.3=. -fstack-protector-strong -fstack-clash-protection -Wformat -Werror=format-security -fcf-protection -fdebug-prefix-map=/build/r-base-FPSnzf/r-base-4.3.3=/usr/src/r-base-4.3.3-2build2 -Wdate-time -D_FORTIFY_SOURCE=3  -c parsers/xmlparser.cc -o parsers/xmlparser.o
g++ -std=gnu++17 -I"/usr/share/R/include" -DNDEBUG -I. -Ihunspell -DBUILDING_LIBHUNSPELL -I'/usr/local/lib/R/site-library/Rcpp/include'    -fvisibility=hidden -fpic  -g -O2 -fno-omit-frame-pointer -mno-omit-leaf-frame-pointer -ffile-prefix-map=/build/r-base-FPSnzf/r-base-4.3.3=. -fstack-protector-strong -fstack-clash-protection -Wformat -Werror=format-security -fcf-protection -fdebug-prefix-map=/build/r-base-FPSnzf/r-base-4.3.3=/usr/src/r-base-4.3.3-2build2 -Wdate-time -D_FORTIFY_SOURCE=3  -c parsers/htmlparser.cc -o parsers/htmlparser.o
g++ -std=gnu++17 -I"/usr/share/R/include" -DNDEBUG -I. -Ihunspell -DBUILDING_LIBHUNSPELL -I'/usr/local/lib/R/site-library/Rcpp/include'    -fvisibility=hidden -fpic  -g -O2 -fno-omit-frame-pointer -mno-omit-leaf-frame-pointer -ffile-prefix-map=/build/r-base-FPSnzf/r-base-4.3.3=. -fstack-protector-strong -fstack-clash-protection -Wformat -Werror=format-security -fcf-protection -fdebug-prefix-map=/build/r-base-FPSnzf/r-base-4.3.3=/usr/src/r-base-4.3.3-2build2 -Wdate-time -D_FORTIFY_SOURCE=3  -c hunspell/affentry.cc -o hunspell/affentry.o
g++ -std=gnu++17 -I"/usr/share/R/include" -DNDEBUG -I. -Ihunspell -DBUILDING_LIBHUNSPELL -I'/usr/local/lib/R/site-library/Rcpp/include'    -fvisibility=hidden -fpic  -g -O2 -fno-omit-frame-pointer -mno-omit-leaf-frame-pointer -ffile-prefix-map=/build/r-base-FPSnzf/r-base-4.3.3=. -fstack-protector-strong -fstack-clash-protection -Wformat -Werror=format-security -fcf-protection -fdebug-prefix-map=/build/r-base-FPSnzf/r-base-4.3.3=/usr/src/r-base-4.3.3-2build2 -Wdate-time -D_FORTIFY_SOURCE=3  -c hunspell/affixmgr.cc -o hunspell/affixmgr.o
g++ -std=gnu++17 -I"/usr/share/R/include" -DNDEBUG -I. -Ihunspell -DBUILDING_LIBHUNSPELL -I'/usr/local/lib/R/site-library/Rcpp/include'    -fvisibility=hidden -fpic  -g -O2 -fno-omit-frame-pointer -mno-omit-leaf-frame-pointer -ffile-prefix-map=/build/r-base-FPSnzf/r-base-4.3.3=. -fstack-protector-strong -fstack-clash-protection -Wformat -Werror=format-security -fcf-protection -fdebug-prefix-map=/build/r-base-FPSnzf/r-base-4.3.3=/usr/src/r-base-4.3.3-2build2 -Wdate-time -D_FORTIFY_SOURCE=3  -c hunspell/filemgr.cc -o hunspell/filemgr.o
g++ -std=gnu++17 -I"/usr/share/R/include" -DNDEBUG -I. -Ihunspell -DBUILDING_LIBHUNSPELL -I'/usr/local/lib/R/site-library/Rcpp/include'    -fvisibility=hidden -fpic  -g -O2 -fno-omit-frame-pointer -mno-omit-leaf-frame-pointer -ffile-prefix-map=/build/r-base-FPSnzf/r-base-4.3.3=. -fstack-protector-strong -fstack-clash-protection -Wformat -Werror=format-security -fcf-protection -fdebug-prefix-map=/build/r-base-FPSnzf/r-base-4.3.3=/usr/src/r-base-4.3.3-2build2 -Wdate-time -D_FORTIFY_SOURCE=3  -c hunspell/hashmgr.cc -o hunspell/hashmgr.o
g++ -std=gnu++17 -I"/usr/share/R/include" -DNDEBUG -I. -Ihunspell -DBUILDING_LIBHUNSPELL -I'/usr/local/lib/R/site-library/Rcpp/include'    -fvisibility=hidden -fpic  -g -O2 -fno-omit-frame-pointer -mno-omit-leaf-frame-pointer -ffile-prefix-map=/build/r-base-FPSnzf/r-base-4.3.3=. -fstack-protector-strong -fstack-clash-protection -Wformat -Werror=format-security -fcf-protection -fdebug-prefix-map=/build/r-base-FPSnzf/r-base-4.3.3=/usr/src/r-base-4.3.3-2build2 -Wdate-time -D_FORTIFY_SOURCE=3  -c hunspell/hunspell.cc -o hunspell/hunspell.o
g++ -std=gnu++17 -I"/usr/share/R/include" -DNDEBUG -I. -Ihunspell -DBUILDING_LIBHUNSPELL -I'/usr/local/lib/R/site-library/Rcpp/include'    -fvisibility=hidden -fpic  -g -O2 -fno-omit-frame-pointer -mno-omit-leaf-frame-pointer -ffile-prefix-map=/build/r-base-FPSnzf/r-base-4.3.3=. -fstack-protector-strong -fstack-clash-protection -Wformat -Werror=format-security -fcf-protection -fdebug-prefix-map=/build/r-base-FPSnzf/r-base-4.3.3=/usr/src/r-base-4.3.3-2build2 -Wdate-time -D_FORTIFY_SOURCE=3  -c hunspell/hunzip.cc -o hunspell/hunzip.o
g++ -std=gnu++17 -I"/usr/share/R/include" -DNDEBUG -I. -Ihunspell -DBUILDING_LIBHUNSPELL -I'/usr/local/lib/R/site-library/Rcpp/include'    -fvisibility=hidden -fpic  -g -O2 -fno-omit-frame-pointer -mno-omit-leaf-frame-pointer -ffile-prefix-map=/build/r-base-FPSnzf/r-base-4.3.3=. -fstack-protector-strong -fstack-clash-protection -Wformat -Werror=format-security -fcf-protection -fdebug-prefix-map=/build/r-base-FPSnzf/r-base-4.3.3=/usr/src/r-base-4.3.3-2build2 -Wdate-time -D_FORTIFY_SOURCE=3  -c hunspell/phonet.cc -o hunspell/phonet.o
g++ -std=gnu++17 -I"/usr/share/R/include" -DNDEBUG -I. -Ihunspell -DBUILDING_LIBHUNSPELL -I'/usr/local/lib/R/site-library/Rcpp/include'    -fvisibility=hidden -fpic  -g -O2 -fno-omit-frame-pointer -mno-omit-leaf-frame-pointer -ffile-prefix-map=/build/r-base-FPSnzf/r-base-4.3.3=. -fstack-protector-strong -fstack-clash-protection -Wformat -Werror=format-security -fcf-protection -fdebug-prefix-map=/build/r-base-FPSnzf/r-base-4.3.3=/usr/src/r-base-4.3.3-2build2 -Wdate-time -D_FORTIFY_SOURCE=3  -c hunspell/replist.cc -o hunspell/replist.o
g++ -std=gnu++17 -I"/usr/share/R/include" -DNDEBUG -I. -Ihunspell -DBUILDING_LIBHUNSPELL -I'/usr/local/lib/R/site-library/Rcpp/include'    -fvisibility=hidden -fpic  -g -O2 -fno-omit-frame-pointer -mno-omit-leaf-frame-pointer -ffile-prefix-map=/build/r-base-FPSnzf/r-base-4.3.3=. -fstack-protector-strong -fstack-clash-protection -Wformat -Werror=format-security -fcf-protection -fdebug-prefix-map=/build/r-base-FPSnzf/r-base-4.3.3=/usr/src/r-base-4.3.3-2build2 -Wdate-time -D_FORTIFY_SOURCE=3  -c hunspell/suggestmgr.cc -o hunspell/suggestmgr.o
g++ -std=gnu++17 -I"/usr/share/R/include" -DNDEBUG -I. -Ihunspell -DBUILDING_LIBHUNSPELL -I'/usr/local/lib/R/site-library/Rcpp/include'    -fvisibility=hidden -fpic  -g -O2 -fno-omit-frame-pointer -mno-omit-leaf-frame-pointer -ffile-prefix-map=/build/r-base-FPSnzf/r-base-4.3.3=. -fstack-protector-strong -fstack-clash-protection -Wformat -Werror=format-security -fcf-protection -fdebug-prefix-map=/build/r-base-FPSnzf/r-base-4.3.3=/usr/src/r-base-4.3.3-2build2 -Wdate-time -D_FORTIFY_SOURCE=3  -c hunspell/csutil.cc -o hunspell/csutil.o
ar rcs hunspell/libstathunspell.a parsers/textparser.o parsers/latexparser.o parsers/manparser.o parsers/xmlparser.o parsers/htmlparser.o hunspell/affentry.o hunspell/affixmgr.o hunspell/filemgr.o hunspell/hashmgr.o hunspell/hunspell.o hunspell/hunzip.o hunspell/phonet.o hunspell/replist.o hunspell/suggestmgr.o hunspell/csutil.o
g++ -std=gnu++17 -shared -L/usr/lib/R/lib -Wl,-Bsymbolic-functions -flto=auto -ffat-lto-objects -Wl,-z,relro -o hunspell.so RcppExports.o dictionary.o parser.o -Lhunspell -lstathunspell -L/usr/lib/R/lib -lR
installing to /usr/local/lib/R/site-library/00LOCK-hunspell/00new/hunspell/libs
** R
** inst
** byte-compile and prepare package for lazy loading
** help
*** installing help indices
** building package indices
** installing vignettes
** testing if installed package can be loaded from temporary location
** checking absolute paths in shared objects and dynamic libraries
** testing if installed package can be loaded from final location
** testing if installed package keeps a record of temporary installation path
* DONE (hunspell)
* installing *source* package ‘rex’ ...
** package ‘rex’ successfully unpacked and MD5 sums checked
** using staged installation
** R
** inst
** byte-compile and prepare package for lazy loading
** help
*** installing help indices
** building package indices
** installing vignettes
** testing if installed package can be loaded from temporary location
** testing if installed package can be loaded from final location
** testing if installed package keeps a record of temporary installation path
* DONE (rex)
* installing *source* package ‘knitr’ ...
** package ‘knitr’ successfully unpacked and MD5 sums checked
** using staged installation
** R
** inst
** byte-compile and prepare package for lazy loading
** help
*** installing help indices
** building package indices
** installing vignettes
** testing if installed package can be loaded from temporary location
** testing if installed package can be loaded from final location
** testing if installed package keeps a record of temporary installation path
* DONE (knitr)
* installing *source* package ‘cli’ ...
** package ‘cli’ successfully unpacked and MD5 sums checked
** using staged installation
** libs
using C compiler: ‘gcc (Ubuntu 13.3.0-6ubuntu2~24.04.1) 13.3.0’
gcc -I"/usr/share/R/include" -DNDEBUG -I../inst/include     -fvisibility=hidden -fpic  -g -O2 -fno-omit-frame-pointer -mno-omit-leaf-frame-pointer -ffile-prefix-map=/build/r-base-FPSnzf/r-base-4.3.3=. -fstack-protector-strong -fstack-clash-protection -Wformat -Werror=format-security -fcf-protection -fdebug-prefix-map=/build/r-base-FPSnzf/r-base-4.3.3=/usr/src/r-base-4.3.3-2build2 -Wdate-time -D_FORTIFY_SOURCE=3  -c ansi.c -o ansi.o
gcc -I"/usr/share/R/include" -DNDEBUG -I../inst/include     -fvisibility=hidden -fpic  -g -O2 -fno-omit-frame-pointer -mno-omit-leaf-frame-pointer -ffile-prefix-map=/build/r-base-FPSnzf/r-base-4.3.3=. -fstack-protector-strong -fstack-clash-protection -Wformat -Werror=format-security -fcf-protection -fdebug-prefix-map=/build/r-base-FPSnzf/r-base-4.3.3=/usr/src/r-base-4.3.3-2build2 -Wdate-time -D_FORTIFY_SOURCE=3  -c cleancall.c -o cleancall.o
gcc -I"/usr/share/R/include" -DNDEBUG -I../inst/include     -fvisibility=hidden -fpic  -g -O2 -fno-omit-frame-pointer -mno-omit-leaf-frame-pointer -ffile-prefix-map=/build/r-base-FPSnzf/r-base-4.3.3=. -fstack-protector-strong -fstack-clash-protection -Wformat -Werror=format-security -fcf-protection -fdebug-prefix-map=/build/r-base-FPSnzf/r-base-4.3.3=/usr/src/r-base-4.3.3-2build2 -Wdate-time -D_FORTIFY_SOURCE=3  -c diff.c -o diff.o
gcc -I"/usr/share/R/include" -DNDEBUG -I../inst/include     -fvisibility=hidden -fpic  -g -O2 -fno-omit-frame-pointer -mno-omit-leaf-frame-pointer -ffile-prefix-map=/build/r-base-FPSnzf/r-base-4.3.3=. -fstack-protector-strong -fstack-clash-protection -Wformat -Werror=format-security -fcf-protection -fdebug-prefix-map=/build/r-base-FPSnzf/r-base-4.3.3=/usr/src/r-base-4.3.3-2build2 -Wdate-time -D_FORTIFY_SOURCE=3  -c errors.c -o errors.o
gcc -I"/usr/share/R/include" -DNDEBUG -I../inst/include     -fvisibility=hidden -fpic  -g -O2 -fno-omit-frame-pointer -mno-omit-leaf-frame-pointer -ffile-prefix-map=/build/r-base-FPSnzf/r-base-4.3.3=. -fstack-protector-strong -fstack-clash-protection -Wformat -Werror=format-security -fcf-protection -fdebug-prefix-map=/build/r-base-FPSnzf/r-base-4.3.3=/usr/src/r-base-4.3.3-2build2 -Wdate-time -D_FORTIFY_SOURCE=3  -c glue.c -o glue.o
gcc -I"/usr/share/R/include" -DNDEBUG -I../inst/include     -fvisibility=hidden -fpic  -g -O2 -fno-omit-frame-pointer -mno-omit-leaf-frame-pointer -ffile-prefix-map=/build/r-base-FPSnzf/r-base-4.3.3=. -fstack-protector-strong -fstack-clash-protection -Wformat -Werror=format-security -fcf-protection -fdebug-prefix-map=/build/r-base-FPSnzf/r-base-4.3.3=/usr/src/r-base-4.3.3-2build2 -Wdate-time -D_FORTIFY_SOURCE=3  -c init.c -o init.o
gcc -I"/usr/share/R/include" -DNDEBUG -I../inst/include     -fvisibility=hidden -fpic  -g -O2 -fno-omit-frame-pointer -mno-omit-leaf-frame-pointer -ffile-prefix-map=/build/r-base-FPSnzf/r-base-4.3.3=. -fstack-protector-strong -fstack-clash-protection -Wformat -Werror=format-security -fcf-protection -fdebug-prefix-map=/build/r-base-FPSnzf/r-base-4.3.3=/usr/src/r-base-4.3.3-2build2 -Wdate-time -D_FORTIFY_SOURCE=3  -c inst.c -o inst.o
gcc -I"/usr/share/R/include" -DNDEBUG -I../inst/include     -fvisibility=hidden -fpic  -g -O2 -fno-omit-frame-pointer -mno-omit-leaf-frame-pointer -ffile-prefix-map=/build/r-base-FPSnzf/r-base-4.3.3=. -fstack-protector-strong -fstack-clash-protection -Wformat -Werror=format-security -fcf-protection -fdebug-prefix-map=/build/r-base-FPSnzf/r-base-4.3.3=/usr/src/r-base-4.3.3-2build2 -Wdate-time -D_FORTIFY_SOURCE=3  -c keypress-unix.c -o keypress-unix.o
gcc -I"/usr/share/R/include" -DNDEBUG -I../inst/include     -fvisibility=hidden -fpic  -g -O2 -fno-omit-frame-pointer -mno-omit-leaf-frame-pointer -ffile-prefix-map=/build/r-base-FPSnzf/r-base-4.3.3=. -fstack-protector-strong -fstack-clash-protection -Wformat -Werror=format-security -fcf-protection -fdebug-prefix-map=/build/r-base-FPSnzf/r-base-4.3.3=/usr/src/r-base-4.3.3-2build2 -Wdate-time -D_FORTIFY_SOURCE=3  -c keypress-win.c -o keypress-win.o
gcc -I"/usr/share/R/include" -DNDEBUG -I../inst/include     -fvisibility=hidden -fpic  -g -O2 -fno-omit-frame-pointer -mno-omit-leaf-frame-pointer -ffile-prefix-map=/build/r-base-FPSnzf/r-base-4.3.3=. -fstack-protector-strong -fstack-clash-protection -Wformat -Werror=format-security -fcf-protection -fdebug-prefix-map=/build/r-base-FPSnzf/r-base-4.3.3=/usr/src/r-base-4.3.3-2build2 -Wdate-time -D_FORTIFY_SOURCE=3  -c keypress.c -o keypress.o
gcc -I"/usr/share/R/include" -DNDEBUG -I../inst/include     -fvisibility=hidden -fpic  -g -O2 -fno-omit-frame-pointer -mno-omit-leaf-frame-pointer -ffile-prefix-map=/build/r-base-FPSnzf/r-base-4.3.3=. -fstack-protector-strong -fstack-clash-protection -Wformat -Werror=format-security -fcf-protection -fdebug-prefix-map=/build/r-base-FPSnzf/r-base-4.3.3=/usr/src/r-base-4.3.3-2build2 -Wdate-time -D_FORTIFY_SOURCE=3  -c md5.c -o md5.o
gcc -I"/usr/share/R/include" -DNDEBUG -I../inst/include     -fvisibility=hidden -fpic  -g -O2 -fno-omit-frame-pointer -mno-omit-leaf-frame-pointer -ffile-prefix-map=/build/r-base-FPSnzf/r-base-4.3.3=. -fstack-protector-strong -fstack-clash-protection -Wformat -Werror=format-security -fcf-protection -fdebug-prefix-map=/build/r-base-FPSnzf/r-base-4.3.3=/usr/src/r-base-4.3.3-2build2 -Wdate-time -D_FORTIFY_SOURCE=3  -c progress-altrep.c -o progress-altrep.o
gcc -I"/usr/share/R/include" -DNDEBUG -I../inst/include     -fvisibility=hidden -fpic  -g -O2 -fno-omit-frame-pointer -mno-omit-leaf-frame-pointer -ffile-prefix-map=/build/r-base-FPSnzf/r-base-4.3.3=. -fstack-protector-strong -fstack-clash-protection -Wformat -Werror=format-security -fcf-protection -fdebug-prefix-map=/build/r-base-FPSnzf/r-base-4.3.3=/usr/src/r-base-4.3.3-2build2 -Wdate-time -D_FORTIFY_SOURCE=3  -c progress.c -o progress.o
gcc -I"/usr/share/R/include" -DNDEBUG -I../inst/include     -fvisibility=hidden -fpic  -g -O2 -fno-omit-frame-pointer -mno-omit-leaf-frame-pointer -ffile-prefix-map=/build/r-base-FPSnzf/r-base-4.3.3=. -fstack-protector-strong -fstack-clash-protection -Wformat -Werror=format-security -fcf-protection -fdebug-prefix-map=/build/r-base-FPSnzf/r-base-4.3.3=/usr/src/r-base-4.3.3-2build2 -Wdate-time -D_FORTIFY_SOURCE=3  -c sha1.c -o sha1.o
gcc -I"/usr/share/R/include" -DNDEBUG -I../inst/include     -fvisibility=hidden -fpic  -g -O2 -fno-omit-frame-pointer -mno-omit-leaf-frame-pointer -ffile-prefix-map=/build/r-base-FPSnzf/r-base-4.3.3=. -fstack-protector-strong -fstack-clash-protection -Wformat -Werror=format-security -fcf-protection -fdebug-prefix-map=/build/r-base-FPSnzf/r-base-4.3.3=/usr/src/r-base-4.3.3-2build2 -Wdate-time -D_FORTIFY_SOURCE=3  -c sha256.c -o sha256.o
gcc -I"/usr/share/R/include" -DNDEBUG -I../inst/include     -fvisibility=hidden -fpic  -g -O2 -fno-omit-frame-pointer -mno-omit-leaf-frame-pointer -ffile-prefix-map=/build/r-base-FPSnzf/r-base-4.3.3=. -fstack-protector-strong -fstack-clash-protection -Wformat -Werror=format-security -fcf-protection -fdebug-prefix-map=/build/r-base-FPSnzf/r-base-4.3.3=/usr/src/r-base-4.3.3-2build2 -Wdate-time -D_FORTIFY_SOURCE=3  -c thread.c -o thread.o
gcc -I"/usr/share/R/include" -DNDEBUG -I../inst/include     -fvisibility=hidden -fpic  -g -O2 -fno-omit-frame-pointer -mno-omit-leaf-frame-pointer -ffile-prefix-map=/build/r-base-FPSnzf/r-base-4.3.3=. -fstack-protector-strong -fstack-clash-protection -Wformat -Werror=format-security -fcf-protection -fdebug-prefix-map=/build/r-base-FPSnzf/r-base-4.3.3=/usr/src/r-base-4.3.3-2build2 -Wdate-time -D_FORTIFY_SOURCE=3  -c tty.c -o tty.o
gcc -I"/usr/share/R/include" -DNDEBUG -I../inst/include     -fvisibility=hidden -fpic  -g -O2 -fno-omit-frame-pointer -mno-omit-leaf-frame-pointer -ffile-prefix-map=/build/r-base-FPSnzf/r-base-4.3.3=. -fstack-protector-strong -fstack-clash-protection -Wformat -Werror=format-security -fcf-protection -fdebug-prefix-map=/build/r-base-FPSnzf/r-base-4.3.3=/usr/src/r-base-4.3.3-2build2 -Wdate-time -D_FORTIFY_SOURCE=3  -c utf8.c -o utf8.o
gcc -I"/usr/share/R/include" -DNDEBUG -I../inst/include     -fvisibility=hidden -fpic  -g -O2 -fno-omit-frame-pointer -mno-omit-leaf-frame-pointer -ffile-prefix-map=/build/r-base-FPSnzf/r-base-4.3.3=. -fstack-protector-strong -fstack-clash-protection -Wformat -Werror=format-security -fcf-protection -fdebug-prefix-map=/build/r-base-FPSnzf/r-base-4.3.3=/usr/src/r-base-4.3.3-2build2 -Wdate-time -D_FORTIFY_SOURCE=3  -c utils.c -o utils.o
gcc -I"/usr/share/R/include" -DNDEBUG -I../inst/include     -fvisibility=hidden -fpic  -g -O2 -fno-omit-frame-pointer -mno-omit-leaf-frame-pointer -ffile-prefix-map=/build/r-base-FPSnzf/r-base-4.3.3=. -fstack-protector-strong -fstack-clash-protection -Wformat -Werror=format-security -fcf-protection -fdebug-prefix-map=/build/r-base-FPSnzf/r-base-4.3.3=/usr/src/r-base-4.3.3-2build2 -Wdate-time -D_FORTIFY_SOURCE=3  -c vt.c -o vt.o
gcc -I"/usr/share/R/include" -DNDEBUG -I../inst/include     -fvisibility=hidden -fpic  -g -O2 -fno-omit-frame-pointer -mno-omit-leaf-frame-pointer -ffile-prefix-map=/build/r-base-FPSnzf/r-base-4.3.3=. -fstack-protector-strong -fstack-clash-protection -Wformat -Werror=format-security -fcf-protection -fdebug-prefix-map=/build/r-base-FPSnzf/r-base-4.3.3=/usr/src/r-base-4.3.3-2build2 -Wdate-time -D_FORTIFY_SOURCE=3  -c vtparse.c -o vtparse.o
gcc -I"/usr/share/R/include" -DNDEBUG -I../inst/include     -fvisibility=hidden -fpic  -g -O2 -fno-omit-frame-pointer -mno-omit-leaf-frame-pointer -ffile-prefix-map=/build/r-base-FPSnzf/r-base-4.3.3=. -fstack-protector-strong -fstack-clash-protection -Wformat -Werror=format-security -fcf-protection -fdebug-prefix-map=/build/r-base-FPSnzf/r-base-4.3.3=/usr/src/r-base-4.3.3-2build2 -Wdate-time -D_FORTIFY_SOURCE=3  -c vtparse_table.c -o vtparse_table.o
gcc -I"/usr/share/R/include" -DNDEBUG -I../inst/include     -fvisibility=hidden -fpic  -g -O2 -fno-omit-frame-pointer -mno-omit-leaf-frame-pointer -ffile-prefix-map=/build/r-base-FPSnzf/r-base-4.3.3=. -fstack-protector-strong -fstack-clash-protection -Wformat -Werror=format-security -fcf-protection -fdebug-prefix-map=/build/r-base-FPSnzf/r-base-4.3.3=/usr/src/r-base-4.3.3-2build2 -Wdate-time -D_FORTIFY_SOURCE=3  -c win-utf8.c -o win-utf8.o
gcc -I"/usr/share/R/include" -DNDEBUG -I../inst/include     -fvisibility=hidden -fpic  -g -O2 -fno-omit-frame-pointer -mno-omit-leaf-frame-pointer -ffile-prefix-map=/build/r-base-FPSnzf/r-base-4.3.3=. -fstack-protector-strong -fstack-clash-protection -Wformat -Werror=format-security -fcf-protection -fdebug-prefix-map=/build/r-base-FPSnzf/r-base-4.3.3=/usr/src/r-base-4.3.3-2build2 -Wdate-time -D_FORTIFY_SOURCE=3  -c winfiles.c -o winfiles.o
gcc -I"/usr/share/R/include" -DNDEBUG -I../inst/include     -fvisibility=hidden -fpic  -g -O2 -fno-omit-frame-pointer -mno-omit-leaf-frame-pointer -ffile-prefix-map=/build/r-base-FPSnzf/r-base-4.3.3=. -fstack-protector-strong -fstack-clash-protection -Wformat -Werror=format-security -fcf-protection -fdebug-prefix-map=/build/r-base-FPSnzf/r-base-4.3.3=/usr/src/r-base-4.3.3-2build2 -Wdate-time -D_FORTIFY_SOURCE=3  -c xxhash.c -o xxhash.o
gcc -I"/usr/share/R/include" -DNDEBUG -I../inst/include     -fvisibility=hidden -fpic  -g -O2 -fno-omit-frame-pointer -mno-omit-leaf-frame-pointer -ffile-prefix-map=/build/r-base-FPSnzf/r-base-4.3.3=. -fstack-protector-strong -fstack-clash-protection -Wformat -Werror=format-security -fcf-protection -fdebug-prefix-map=/build/r-base-FPSnzf/r-base-4.3.3=/usr/src/r-base-4.3.3-2build2 -Wdate-time -D_FORTIFY_SOURCE=3  -c xxhash2.c -o xxhash2.o
gcc -shared -L/usr/lib/R/lib -Wl,-Bsymbolic-functions -flto=auto -ffat-lto-objects -Wl,-z,relro -o cli.so ansi.o cleancall.o diff.o errors.o glue.o init.o inst.o keypress-unix.o keypress-win.o keypress.o md5.o progress-altrep.o progress.o sha1.o sha256.o thread.o tty.o utf8.o utils.o vt.o vtparse.o vtparse_table.o win-utf8.o winfiles.o xxhash.o xxhash2.o -lpthread -L/usr/lib/R/lib -lR
installing to /usr/local/lib/R/site-library/00LOCK-cli/00new/cli/libs
** R
** exec
** inst
** byte-compile and prepare package for lazy loading
** help
*** installing help indices
*** copying figures
** building package indices
** testing if installed package can be loaded from temporary location
** checking absolute paths in shared objects and dynamic libraries
** testing if installed package can be loaded from final location
** testing if installed package keeps a record of temporary installation path
* DONE (cli)
* installing *source* package ‘glue’ ...
** package ‘glue’ successfully unpacked and MD5 sums checked
** using staged installation
** libs
using C compiler: ‘gcc (Ubuntu 13.3.0-6ubuntu2~24.04.1) 13.3.0’
gcc -I"/usr/share/R/include" -DNDEBUG      -fvisibility=hidden -fpic  -g -O2 -fno-omit-frame-pointer -mno-omit-leaf-frame-pointer -ffile-prefix-map=/build/r-base-FPSnzf/r-base-4.3.3=. -fstack-protector-strong -fstack-clash-protection -Wformat -Werror=format-security -fcf-protection -fdebug-prefix-map=/build/r-base-FPSnzf/r-base-4.3.3=/usr/src/r-base-4.3.3-2build2 -Wdate-time -D_FORTIFY_SOURCE=3  -c glue.c -o glue.o
gcc -I"/usr/share/R/include" -DNDEBUG      -fvisibility=hidden -fpic  -g -O2 -fno-omit-frame-pointer -mno-omit-leaf-frame-pointer -ffile-prefix-map=/build/r-base-FPSnzf/r-base-4.3.3=. -fstack-protector-strong -fstack-clash-protection -Wformat -Werror=format-security -fcf-protection -fdebug-prefix-map=/build/r-base-FPSnzf/r-base-4.3.3=/usr/src/r-base-4.3.3-2build2 -Wdate-time -D_FORTIFY_SOURCE=3  -c init.c -o init.o
gcc -I"/usr/share/R/include" -DNDEBUG      -fvisibility=hidden -fpic  -g -O2 -fno-omit-frame-pointer -mno-omit-leaf-frame-pointer -ffile-prefix-map=/build/r-base-FPSnzf/r-base-4.3.3=. -fstack-protector-strong -fstack-clash-protection -Wformat -Werror=format-security -fcf-protection -fdebug-prefix-map=/build/r-base-FPSnzf/r-base-4.3.3=/usr/src/r-base-4.3.3-2build2 -Wdate-time -D_FORTIFY_SOURCE=3  -c trim.c -o trim.o
gcc -shared -L/usr/lib/R/lib -Wl,-Bsymbolic-functions -flto=auto -ffat-lto-objects -Wl,-z,relro -o glue.so glue.o init.o trim.o -L/usr/lib/R/lib -lR
installing to /usr/local/lib/R/site-library/00LOCK-glue/00new/glue/libs
** R
** inst
** byte-compile and prepare package for lazy loading
** help
*** installing help indices
*** copying figures
** building package indices
** installing vignettes
** testing if installed package can be loaded from temporary location
** checking absolute paths in shared objects and dynamic libraries
** testing if installed package can be loaded from final location
** testing if installed package keeps a record of temporary installation path
* DONE (glue)
* installing *source* package ‘magrittr’ ...
** package ‘magrittr’ successfully unpacked and MD5 sums checked
** using staged installation
** libs
using C compiler: ‘gcc (Ubuntu 13.3.0-6ubuntu2~24.04.1) 13.3.0’
gcc -I"/usr/share/R/include" -DNDEBUG       -fpic  -g -O2 -fno-omit-frame-pointer -mno-omit-leaf-frame-pointer -ffile-prefix-map=/build/r-base-FPSnzf/r-base-4.3.3=. -fstack-protector-strong -fstack-clash-protection -Wformat -Werror=format-security -fcf-protection -fdebug-prefix-map=/build/r-base-FPSnzf/r-base-4.3.3=/usr/src/r-base-4.3.3-2build2 -Wdate-time -D_FORTIFY_SOURCE=3  -c pipe.c -o pipe.o
gcc -I"/usr/share/R/include" -DNDEBUG       -fpic  -g -O2 -fno-omit-frame-pointer -mno-omit-leaf-frame-pointer -ffile-prefix-map=/build/r-base-FPSnzf/r-base-4.3.3=. -fstack-protector-strong -fstack-clash-protection -Wformat -Werror=format-security -fcf-protection -fdebug-prefix-map=/build/r-base-FPSnzf/r-base-4.3.3=/usr/src/r-base-4.3.3-2build2 -Wdate-time -D_FORTIFY_SOURCE=3  -c utils.c -o utils.o
gcc -shared -L/usr/lib/R/lib -Wl,-Bsymbolic-functions -flto=auto -ffat-lto-objects -Wl,-z,relro -o magrittr.so pipe.o utils.o -L/usr/lib/R/lib -lR
installing to /usr/local/lib/R/site-library/00LOCK-magrittr/00new/magrittr/libs
** R
** inst
** byte-compile and prepare package for lazy loading
** help
*** installing help indices
*** copying figures
** building package indices
** installing vignettes
** testing if installed package can be loaded from temporary location
** checking absolute paths in shared objects and dynamic libraries
** testing if installed package can be loaded from final location
** testing if installed package keeps a record of temporary installation path
* DONE (magrittr)
* installing *source* package ‘crosstalk’ ...
** package ‘crosstalk’ successfully unpacked and MD5 sums checked
** using staged installation
** R
** inst
** byte-compile and prepare package for lazy loading
** help
*** installing help indices
** building package indices
** testing if installed package can be loaded from temporary location
** testing if installed package can be loaded from final location
** testing if installed package keeps a record of temporary installation path
* DONE (crosstalk)
* installing *source* package ‘anytime’ ...
** package ‘anytime’ successfully unpacked and MD5 sums checked
** using staged installation
***
*** if compilation is 'noisy', consider adding '-Wno-parentheses -Wno-nonull' to your default compiler flags CXXFLAGS via ~/.R/Makevars
*** we cannot add this to the package as these options are considered non-portable
***
** libs
using C++ compiler: ‘g++ (Ubuntu 13.3.0-6ubuntu2~24.04.1) 13.3.0’
g++ -std=gnu++17 -I"/usr/share/R/include" -DNDEBUG  -I'/usr/local/lib/R/site-library/Rcpp/include' -I'/usr/local/lib/R/site-library/BH/include'     -fpic  -g -O2 -fno-omit-frame-pointer -mno-omit-leaf-frame-pointer -ffile-prefix-map=/build/r-base-FPSnzf/r-base-4.3.3=. -fstack-protector-strong -fstack-clash-protection -Wformat -Werror=format-security -fcf-protection -fdebug-prefix-map=/build/r-base-FPSnzf/r-base-4.3.3=/usr/src/r-base-4.3.3-2build2 -Wdate-time -D_FORTIFY_SOURCE=3  -c RcppExports.cpp -o RcppExports.o
g++ -std=gnu++17 -I"/usr/share/R/include" -DNDEBUG  -I'/usr/local/lib/R/site-library/Rcpp/include' -I'/usr/local/lib/R/site-library/BH/include'     -fpic  -g -O2 -fno-omit-frame-pointer -mno-omit-leaf-frame-pointer -ffile-prefix-map=/build/r-base-FPSnzf/r-base-4.3.3=. -fstack-protector-strong -fstack-clash-protection -Wformat -Werror=format-security -fcf-protection -fdebug-prefix-map=/build/r-base-FPSnzf/r-base-4.3.3=/usr/src/r-base-4.3.3-2build2 -Wdate-time -D_FORTIFY_SOURCE=3  -c anytime.cpp -o anytime.o
In file included from /usr/local/lib/R/site-library/BH/include/boost/concept/assert.hpp:35,
                 from /usr/local/lib/R/site-library/BH/include/boost/concept_check.hpp:20,
                 from /usr/local/lib/R/site-library/BH/include/boost/range/concepts.hpp:19,
                 from /usr/local/lib/R/site-library/BH/include/boost/range/size_type.hpp:20,
                 from /usr/local/lib/R/site-library/BH/include/boost/range/size.hpp:21,
                 from /usr/local/lib/R/site-library/BH/include/boost/range/functions.hpp:20,
                 from /usr/local/lib/R/site-library/BH/include/boost/range/iterator_range_core.hpp:41,
                 from /usr/local/lib/R/site-library/BH/include/boost/algorithm/string/replace.hpp:16,
                 from /usr/local/lib/R/site-library/BH/include/boost/date_time/date_facet.hpp:17,
                 from /usr/local/lib/R/site-library/BH/include/boost/date_time/gregorian/gregorian_io.hpp:16,
                 from /usr/local/lib/R/site-library/BH/include/boost/date_time/gregorian/gregorian.hpp:31,
                 from /usr/local/lib/R/site-library/BH/include/boost/date_time/posix_time/time_formatters.hpp:12,
                 from /usr/local/lib/R/site-library/BH/include/boost/date_time/posix_time/posix_time.hpp:24,
                 from /usr/local/lib/R/site-library/BH/include/boost/date_time/local_time/local_time.hpp:11,
                 from /usr/local/lib/R/site-library/BH/include/boost/date_time.hpp:15,
                 from anytime.cpp:24:
/usr/local/lib/R/site-library/BH/include/boost/concept/detail/general.hpp: In instantiation of ‘static void boost::concepts::constraint<Model>::failed() [with Model = boost::algorithm::FinderConcept<boost::algorithm::detail::token_finderF<boost::algorithm::detail::is_any_ofF<char> >, __gnu_cxx::__normal_iterator<const char*, std::__cxx11::basic_string<char> > >]’:
/usr/local/lib/R/site-library/BH/include/boost/algorithm/string/iter_find.hpp:81:13:   required from ‘SequenceSequenceT& boost::algorithm::iter_split(SequenceSequenceT&, RangeT&&, FinderT) [with SequenceSequenceT = std::vector<std::__cxx11::basic_string<char> >; RangeT = const std::__cxx11::basic_string<char>&; FinderT = detail::token_finderF<detail::is_any_ofF<char> >]’
/usr/local/lib/R/site-library/BH/include/boost/algorithm/string/split.hpp:158:50:   required from ‘SequenceSequenceT& boost::algorithm::split(SequenceSequenceT&, RangeT&&, PredicateT, token_compress_mode_type) [with SequenceSequenceT = std::vector<std::__cxx11::basic_string<char> >; RangeT = const std::__cxx11::basic_string<char>&; PredicateT = detail::is_any_ofF<char>]’
anytime.cpp:249:17:   required from here
/usr/local/lib/R/site-library/BH/include/boost/concept/detail/general.hpp:65:52: warning: ‘this’ pointer is null [-Wnonnull]
   65 |     static void failed() { ((Model*)0)->constraints(); }
      |                            ~~~~~~~~~~~~~~~~~~~~~~~~^~
In file included from /usr/local/lib/R/site-library/BH/include/boost/algorithm/string/find_format.hpp:21,
                 from /usr/local/lib/R/site-library/BH/include/boost/algorithm/string/replace.hpp:22:
/usr/local/lib/R/site-library/BH/include/boost/algorithm/string/concept.hpp:40:18: note: in a call to non-static member function ‘void boost::algorithm::FinderConcept<FinderT, IteratorT>::constraints() [with FinderT = boost::algorithm::detail::token_finderF<boost::algorithm::detail::is_any_ofF<char> >; IteratorT = __gnu_cxx::__normal_iterator<const char*, std::__cxx11::basic_string<char> >]’
   40 |             void constraints()
      |                  ^~~~~~~~~~~
/usr/local/lib/R/site-library/BH/include/boost/concept/detail/general.hpp: In instantiation of ‘static void boost::concepts::constraint<Model>::failed() [with Model = boost::algorithm::FinderConcept<boost::algorithm::detail::first_finderF<const char*, boost::algorithm::is_equal>, __gnu_cxx::__normal_iterator<const char*, std::__cxx11::basic_string<char> > >]’:
/usr/local/lib/R/site-library/BH/include/boost/algorithm/string/find_format.hpp:98:13:   required from ‘void boost::algorithm::find_format_all(SequenceT&, FinderT, FormatterT) [with SequenceT = std::__cxx11::basic_string<char>; FinderT = detail::first_finderF<const char*, is_equal>; FormatterT = detail::const_formatF<boost::iterator_range<const char*> >]’
/usr/local/lib/R/site-library/BH/include/boost/algorithm/string/replace.hpp:652:48:   required from ‘void boost::algorithm::replace_all(SequenceT&, const Range1T&, const Range2T&) [with SequenceT = std::__cxx11::basic_string<char>; Range1T = boost::iterator_range<const char*>; Range2T = boost::iterator_range<const char*>]’
/usr/local/lib/R/site-library/BH/include/boost/date_time/time_facet.hpp:293:36:   required from ‘OutItrT boost::date_time::time_facet<time_type, CharT, OutItrT>::put(OutItrT, std::ios_base&, char_type, const time_type&) const [with time_type = boost::posix_time::ptime; CharT = char; OutItrT = std::ostreambuf_iterator<char, std::char_traits<char> >; char_type = char]’
/usr/local/lib/R/site-library/BH/include/boost/date_time/posix_time/posix_time_io.hpp:52:58:   required from ‘std::basic_ostream<_CharT, _Traits>& boost::posix_time::operator<<(std::basic_ostream<_CharT, _Traits>&, const ptime&) [with CharT = char; TraitsT = std::char_traits<char>]’
anytime.cpp:167:95:   required from here
/usr/local/lib/R/site-library/BH/include/boost/concept/detail/general.hpp:65:52: warning: ‘this’ pointer is null [-Wnonnull]
   65 |     static void failed() { ((Model*)0)->constraints(); }
      |                            ~~~~~~~~~~~~~~~~~~~~~~~~^~
/usr/local/lib/R/site-library/BH/include/boost/algorithm/string/concept.hpp:40:18: note: in a call to non-static member function ‘void boost::algorithm::FinderConcept<FinderT, IteratorT>::constraints() [with FinderT = boost::algorithm::detail::first_finderF<const char*, boost::algorithm::is_equal>; IteratorT = __gnu_cxx::__normal_iterator<const char*, std::__cxx11::basic_string<char> >]’
   40 |             void constraints()
      |                  ^~~~~~~~~~~
/usr/local/lib/R/site-library/BH/include/boost/concept/detail/general.hpp: In instantiation of ‘static void boost::concepts::constraint<Model>::failed() [with Model = boost::algorithm::FormatterConcept<boost::algorithm::detail::const_formatF<boost::iterator_range<const char*> >, boost::algorithm::detail::first_finderF<const char*, boost::algorithm::is_equal>, __gnu_cxx::__normal_iterator<const char*, std::__cxx11::basic_string<char> > >]’:
/usr/local/lib/R/site-library/BH/include/boost/algorithm/string/find_format.hpp:103:13:   required from ‘void boost::algorithm::find_format_all(SequenceT&, FinderT, FormatterT) [with SequenceT = std::__cxx11::basic_string<char>; FinderT = detail::first_finderF<const char*, is_equal>; FormatterT = detail::const_formatF<boost::iterator_range<const char*> >]’
/usr/local/lib/R/site-library/BH/include/boost/algorithm/string/replace.hpp:652:48:   required from ‘void boost::algorithm::replace_all(SequenceT&, const Range1T&, const Range2T&) [with SequenceT = std::__cxx11::basic_string<char>; Range1T = boost::iterator_range<const char*>; Range2T = boost::iterator_range<const char*>]’
/usr/local/lib/R/site-library/BH/include/boost/date_time/time_facet.hpp:293:36:   required from ‘OutItrT boost::date_time::time_facet<time_type, CharT, OutItrT>::put(OutItrT, std::ios_base&, char_type, const time_type&) const [with time_type = boost::posix_time::ptime; CharT = char; OutItrT = std::ostreambuf_iterator<char, std::char_traits<char> >; char_type = char]’
/usr/local/lib/R/site-library/BH/include/boost/date_time/posix_time/posix_time_io.hpp:52:58:   required from ‘std::basic_ostream<_CharT, _Traits>& boost::posix_time::operator<<(std::basic_ostream<_CharT, _Traits>&, const ptime&) [with CharT = char; TraitsT = std::char_traits<char>]’
anytime.cpp:167:95:   required from here
/usr/local/lib/R/site-library/BH/include/boost/concept/detail/general.hpp:65:52: warning: ‘this’ pointer is null [-Wnonnull]
   65 |     static void failed() { ((Model*)0)->constraints(); }
      |                            ~~~~~~~~~~~~~~~~~~~~~~~~^~
/usr/local/lib/R/site-library/BH/include/boost/algorithm/string/concept.hpp:65:18: note: in a call to non-static member function ‘void boost::algorithm::FormatterConcept<FormatterT, FinderT, IteratorT>::constraints() [with FormatterT = boost::algorithm::detail::const_formatF<boost::iterator_range<const char*> >; FinderT = boost::algorithm::detail::first_finderF<const char*, boost::algorithm::is_equal>; IteratorT = __gnu_cxx::__normal_iterator<const char*, std::__cxx11::basic_string<char> >]’
   65 |             void constraints()
      |                  ^~~~~~~~~~~
/usr/local/lib/R/site-library/BH/include/boost/concept/detail/general.hpp: In instantiation of ‘static void boost::concepts::constraint<Model>::failed() [with Model = boost::algorithm::FormatterConcept<boost::algorithm::detail::const_formatF<boost::iterator_range<__gnu_cxx::__normal_iterator<const char*, std::__cxx11::basic_string<char> > > >, boost::algorithm::detail::first_finderF<const char*, boost::algorithm::is_equal>, __gnu_cxx::__normal_iterator<const char*, std::__cxx11::basic_string<char> > >]’:
/usr/local/lib/R/site-library/BH/include/boost/algorithm/string/find_format.hpp:103:13:   required from ‘void boost::algorithm::find_format_all(SequenceT&, FinderT, FormatterT) [with SequenceT = std::__cxx11::basic_string<char>; FinderT = detail::first_finderF<const char*, is_equal>; FormatterT = detail::const_formatF<boost::iterator_range<__gnu_cxx::__normal_iterator<const char*, std::__cxx11::basic_string<char> > > >]’
/usr/local/lib/R/site-library/BH/include/boost/algorithm/string/replace.hpp:652:48:   required from ‘void boost::algorithm::replace_all(SequenceT&, const Range1T&, const Range2T&) [with SequenceT = std::__cxx11::basic_string<char>; Range1T = const char*; Range2T = std::__cxx11::basic_string<char>]’
/usr/local/lib/R/site-library/BH/include/boost/date_time/time_facet.hpp:310:38:   required from ‘OutItrT boost::date_time::time_facet<time_type, CharT, OutItrT>::put(OutItrT, std::ios_base&, char_type, const time_type&) const [with time_type = boost::posix_time::ptime; CharT = char; OutItrT = std::ostreambuf_iterator<char, std::char_traits<char> >; char_type = char]’
/usr/local/lib/R/site-library/BH/include/boost/date_time/posix_time/posix_time_io.hpp:52:58:   required from ‘std::basic_ostream<_CharT, _Traits>& boost::posix_time::operator<<(std::basic_ostream<_CharT, _Traits>&, const ptime&) [with CharT = char; TraitsT = std::char_traits<char>]’
anytime.cpp:167:95:   required from here
/usr/local/lib/R/site-library/BH/include/boost/concept/detail/general.hpp:65:52: warning: ‘this’ pointer is null [-Wnonnull]
   65 |     static void failed() { ((Model*)0)->constraints(); }
      |                            ~~~~~~~~~~~~~~~~~~~~~~~~^~
/usr/local/lib/R/site-library/BH/include/boost/algorithm/string/concept.hpp:65:18: note: in a call to non-static member function ‘void boost::algorithm::FormatterConcept<FormatterT, FinderT, IteratorT>::constraints() [with FormatterT = boost::algorithm::detail::const_formatF<boost::iterator_range<__gnu_cxx::__normal_iterator<const char*, std::__cxx11::basic_string<char> > > >; FinderT = boost::algorithm::detail::first_finderF<const char*, boost::algorithm::is_equal>; IteratorT = __gnu_cxx::__normal_iterator<const char*, std::__cxx11::basic_string<char> >]’
   65 |             void constraints()
      |                  ^~~~~~~~~~~
/usr/local/lib/R/site-library/BH/include/boost/concept/detail/general.hpp: In instantiation of ‘static void boost::concepts::constraint<Model>::failed() [with Model = boost::algorithm::FormatterConcept<boost::algorithm::detail::empty_formatF<char>, boost::algorithm::detail::first_finderF<const char*, boost::algorithm::is_equal>, __gnu_cxx::__normal_iterator<const char*, std::__cxx11::basic_string<char> > >]’:
/usr/local/lib/R/site-library/BH/include/boost/algorithm/string/find_format.hpp:103:13:   required from ‘void boost::algorithm::find_format_all(SequenceT&, FinderT, FormatterT) [with SequenceT = std::__cxx11::basic_string<char>; FinderT = detail::first_finderF<const char*, is_equal>; FormatterT = detail::empty_formatF<char>]’
/usr/local/lib/R/site-library/BH/include/boost/algorithm/string/erase.hpp:593:48:   required from ‘void boost::algorithm::erase_all(SequenceT&, const RangeT&) [with SequenceT = std::__cxx11::basic_string<char>; RangeT = const char*]’
/usr/local/lib/R/site-library/BH/include/boost/date_time/time_facet.hpp:321:38:   required from ‘OutItrT boost::date_time::time_facet<time_type, CharT, OutItrT>::put(OutItrT, std::ios_base&, char_type, const time_type&) const [with time_type = boost::posix_time::ptime; CharT = char; OutItrT = std::ostreambuf_iterator<char, std::char_traits<char> >; char_type = char]’
/usr/local/lib/R/site-library/BH/include/boost/date_time/posix_time/posix_time_io.hpp:52:58:   required from ‘std::basic_ostream<_CharT, _Traits>& boost::posix_time::operator<<(std::basic_ostream<_CharT, _Traits>&, const ptime&) [with CharT = char; TraitsT = std::char_traits<char>]’
anytime.cpp:167:95:   required from here
/usr/local/lib/R/site-library/BH/include/boost/concept/detail/general.hpp:65:52: warning: ‘this’ pointer is null [-Wnonnull]
   65 |     static void failed() { ((Model*)0)->constraints(); }
      |                            ~~~~~~~~~~~~~~~~~~~~~~~~^~
/usr/local/lib/R/site-library/BH/include/boost/algorithm/string/concept.hpp:65:18: note: in a call to non-static member function ‘void boost::algorithm::FormatterConcept<FormatterT, FinderT, IteratorT>::constraints() [with FormatterT = boost::algorithm::detail::empty_formatF<char>; FinderT = boost::algorithm::detail::first_finderF<const char*, boost::algorithm::is_equal>; IteratorT = __gnu_cxx::__normal_iterator<const char*, std::__cxx11::basic_string<char> >]’
   65 |             void constraints()
      |                  ^~~~~~~~~~~
/usr/local/lib/R/site-library/BH/include/boost/concept/detail/general.hpp: In instantiation of ‘static void boost::concepts::constraint<Model>::failed() [with Model = boost::algorithm::FinderConcept<boost::algorithm::detail::first_finderF<__gnu_cxx::__normal_iterator<const char*, std::__cxx11::basic_string<char> >, boost::algorithm::is_equal>, __gnu_cxx::__normal_iterator<const char*, std::__cxx11::basic_string<char> > >]’:
/usr/local/lib/R/site-library/BH/include/boost/algorithm/string/find_format.hpp:98:13:   required from ‘void boost::algorithm::find_format_all(SequenceT&, FinderT, FormatterT) [with SequenceT = std::__cxx11::basic_string<char>; FinderT = detail::first_finderF<__gnu_cxx::__normal_iterator<const char*, std::__cxx11::basic_string<char> >, is_equal>; FormatterT = detail::empty_formatF<char>]’
/usr/local/lib/R/site-library/BH/include/boost/algorithm/string/erase.hpp:593:48:   required from ‘void boost::algorithm::erase_all(SequenceT&, const RangeT&) [with SequenceT = std::__cxx11::basic_string<char>; RangeT = std::__cxx11::basic_string<char>]’
/usr/local/lib/R/site-library/BH/include/boost/date_time/time_facet.hpp:339:38:   required from ‘OutItrT boost::date_time::time_facet<time_type, CharT, OutItrT>::put(OutItrT, std::ios_base&, char_type, const time_type&) const [with time_type = boost::posix_time::ptime; CharT = char; OutItrT = std::ostreambuf_iterator<char, std::char_traits<char> >; char_type = char]’
/usr/local/lib/R/site-library/BH/include/boost/date_time/posix_time/posix_time_io.hpp:52:58:   required from ‘std::basic_ostream<_CharT, _Traits>& boost::posix_time::operator<<(std::basic_ostream<_CharT, _Traits>&, const ptime&) [with CharT = char; TraitsT = std::char_traits<char>]’
anytime.cpp:167:95:   required from here
/usr/local/lib/R/site-library/BH/include/boost/concept/detail/general.hpp:65:52: warning: ‘this’ pointer is null [-Wnonnull]
   65 |     static void failed() { ((Model*)0)->constraints(); }
      |                            ~~~~~~~~~~~~~~~~~~~~~~~~^~
/usr/local/lib/R/site-library/BH/include/boost/algorithm/string/concept.hpp:40:18: note: in a call to non-static member function ‘void boost::algorithm::FinderConcept<FinderT, IteratorT>::constraints() [with FinderT = boost::algorithm::detail::first_finderF<__gnu_cxx::__normal_iterator<const char*, std::__cxx11::basic_string<char> >, boost::algorithm::is_equal>; IteratorT = __gnu_cxx::__normal_iterator<const char*, std::__cxx11::basic_string<char> >]’
   40 |             void constraints()
      |                  ^~~~~~~~~~~
/usr/local/lib/R/site-library/BH/include/boost/concept/detail/general.hpp: In instantiation of ‘static void boost::concepts::constraint<Model>::failed() [with Model = boost::algorithm::FormatterConcept<boost::algorithm::detail::empty_formatF<char>, boost::algorithm::detail::first_finderF<__gnu_cxx::__normal_iterator<const char*, std::__cxx11::basic_string<char> >, boost::algorithm::is_equal>, __gnu_cxx::__normal_iterator<const char*, std::__cxx11::basic_string<char> > >]’:
/usr/local/lib/R/site-library/BH/include/boost/algorithm/string/find_format.hpp:103:13:   required from ‘void boost::algorithm::find_format_all(SequenceT&, FinderT, FormatterT) [with SequenceT = std::__cxx11::basic_string<char>; FinderT = detail::first_finderF<__gnu_cxx::__normal_iterator<const char*, std::__cxx11::basic_string<char> >, is_equal>; FormatterT = detail::empty_formatF<char>]’
/usr/local/lib/R/site-library/BH/include/boost/algorithm/string/erase.hpp:593:48:   required from ‘void boost::algorithm::erase_all(SequenceT&, const RangeT&) [with SequenceT = std::__cxx11::basic_string<char>; RangeT = std::__cxx11::basic_string<char>]’
/usr/local/lib/R/site-library/BH/include/boost/date_time/time_facet.hpp:339:38:   required from ‘OutItrT boost::date_time::time_facet<time_type, CharT, OutItrT>::put(OutItrT, std::ios_base&, char_type, const time_type&) const [with time_type = boost::posix_time::ptime; CharT = char; OutItrT = std::ostreambuf_iterator<char, std::char_traits<char> >; char_type = char]’
/usr/local/lib/R/site-library/BH/include/boost/date_time/posix_time/posix_time_io.hpp:52:58:   required from ‘std::basic_ostream<_CharT, _Traits>& boost::posix_time::operator<<(std::basic_ostream<_CharT, _Traits>&, const ptime&) [with CharT = char; TraitsT = std::char_traits<char>]’
anytime.cpp:167:95:   required from here
/usr/local/lib/R/site-library/BH/include/boost/concept/detail/general.hpp:65:52: warning: ‘this’ pointer is null [-Wnonnull]
   65 |     static void failed() { ((Model*)0)->constraints(); }
      |                            ~~~~~~~~~~~~~~~~~~~~~~~~^~
/usr/local/lib/R/site-library/BH/include/boost/algorithm/string/concept.hpp:65:18: note: in a call to non-static member function ‘void boost::algorithm::FormatterConcept<FormatterT, FinderT, IteratorT>::constraints() [with FormatterT = boost::algorithm::detail::empty_formatF<char>; FinderT = boost::algorithm::detail::first_finderF<__gnu_cxx::__normal_iterator<const char*, std::__cxx11::basic_string<char> >, boost::algorithm::is_equal>; IteratorT = __gnu_cxx::__normal_iterator<const char*, std::__cxx11::basic_string<char> >]’
   65 |             void constraints()
      |                  ^~~~~~~~~~~
/usr/local/lib/R/site-library/BH/include/boost/concept/detail/general.hpp: In instantiation of ‘static void boost::concepts::requirement<boost::concepts::failed************ Model::************>::failed() [with Model = boost::concepts::usage_requirements<boost::CopyConstructible<__gnu_cxx::__normal_iterator<const char*, std::__cxx11::basic_string<char> > > >]’:
/usr/local/lib/R/site-library/BH/include/boost/concept_check.hpp:167:5:   required from ‘struct boost::CopyConstructible<__gnu_cxx::__normal_iterator<const char*, std::__cxx11::basic_string<char> > >’
/usr/local/lib/R/site-library/BH/include/boost/range/concepts.hpp:127:16:   required from ‘struct boost::range_detail::IncrementableIteratorConcept<__gnu_cxx::__normal_iterator<const char*, std::__cxx11::basic_string<char> > >’
/usr/local/lib/R/site-library/BH/include/boost/range/concepts.hpp:149:16:   required from ‘struct boost::range_detail::SinglePassIteratorConcept<__gnu_cxx::__normal_iterator<const char*, std::__cxx11::basic_string<char> > >’
/usr/local/lib/R/site-library/BH/include/boost/concept/detail/has_constraints.hpp:32:62:   required by substitution of ‘template<class Model> boost::concepts::detail::yes boost::concepts::detail::has_constraints_(Model*, wrap_constraints<Model, (& Model::constraints)>*) [with Model = boost::range_detail::SinglePassIteratorConcept<__gnu_cxx::__normal_iterator<const char*, std::__cxx11::basic_string<char> > >]’
/usr/local/lib/R/site-library/BH/include/boost/concept/detail/has_constraints.hpp:42:5:   required from ‘const bool boost::concepts::not_satisfied<boost::range_detail::SinglePassIteratorConcept<__gnu_cxx::__normal_iterator<const char*, std::__cxx11::basic_string<char> > > >::value’
/usr/local/lib/R/site-library/BH/include/boost/concept/detail/has_constraints.hpp:45:51:   [ skipping 14 instantiation contexts, use -ftemplate-backtrace-limit=0 to disable ]
/usr/local/lib/R/site-library/BH/include/boost/iterator/iterator_facade.hpp:824:1:   required from ‘typename boost::iterators::detail::enable_if_interoperable<Derived1, Derived2, boost::iterators::detail::always_bool_t<Derived1, Derived2> >::type boost::iterators::operator!=(const iterator_facade<Derived1, V1, TC1, Reference1, Difference1>&, const iterator_facade<Derived2, V2, TC2, Reference2, Difference2>&) [with Derived1 = transform_iterator<boost::algorithm::detail::copy_iterator_rangeF<std::__cxx11::basic_string<char>, __gnu_cxx::__normal_iterator<const char*, std::__cxx11::basic_string<char> > >, boost::algorithm::split_iterator<__gnu_cxx::__normal_iterator<const char*, std::__cxx11::basic_string<char> > >, boost::use_default, boost::use_default>; V1 = std::__cxx11::basic_string<char>; TC1 = forward_traversal_tag; Reference1 = std::__cxx11::basic_string<char>; Difference1 = long int; Derived2 = transform_iterator<boost::algorithm::detail::copy_iterator_rangeF<std::__cxx11::basic_string<char>, __gnu_cxx::__normal_iterator<const char*, std::__cxx11::basic_string<char> > >, boost::algorithm::split_iterator<__gnu_cxx::__normal_iterator<const char*, std::__cxx11::basic_string<char> > >, boost::use_default, boost::use_default>; V2 = std::__cxx11::basic_string<char>; TC2 = forward_traversal_tag; Reference2 = std::__cxx11::basic_string<char>; Difference2 = long int; typename detail::enable_if_interoperable<Derived1, Derived2, detail::always_bool_t<Derived1, Derived2> >::type = bool; detail::always_bool_t<Derived1, Derived2> = bool]’
/usr/include/c++/13/bits/stl_vector.h:1671:21:   required from ‘void std::vector<_Tp, _Alloc>::_M_range_initialize(_InputIterator, _InputIterator, std::input_iterator_tag) [with _InputIterator = boost::iterators::transform_iterator<boost::algorithm::detail::copy_iterator_rangeF<std::__cxx11::basic_string<char>, __gnu_cxx::__normal_iterator<const char*, std::__cxx11::basic_string<char> > >, boost::algorithm::split_iterator<__gnu_cxx::__normal_iterator<const char*, std::__cxx11::basic_string<char> > >, boost::use_default, boost::use_default>; _Tp = std::__cxx11::basic_string<char>; _Alloc = std::allocator<std::__cxx11::basic_string<char> >]’
/usr/include/c++/13/bits/stl_vector.h:711:23:   required from ‘std::vector<_Tp, _Alloc>::vector(_InputIterator, _InputIterator, const allocator_type&) [with _InputIterator = boost::iterators::transform_iterator<boost::algorithm::detail::copy_iterator_rangeF<std::__cxx11::basic_string<char>, __gnu_cxx::__normal_iterator<const char*, std::__cxx11::basic_string<char> > >, boost::algorithm::split_iterator<__gnu_cxx::__normal_iterator<const char*, std::__cxx11::basic_string<char> > >, boost::use_default, boost::use_default>; <template-parameter-2-2> = void; _Tp = std::__cxx11::basic_string<char>; _Alloc = std::allocator<std::__cxx11::basic_string<char> >; allocator_type = std::allocator<std::__cxx11::basic_string<char> >]’
/usr/local/lib/R/site-library/BH/include/boost/algorithm/string/iter_find.hpp:186:31:   required from ‘SequenceSequenceT& boost::algorithm::iter_split(SequenceSequenceT&, RangeT&&, FinderT) [with SequenceSequenceT = std::vector<std::__cxx11::basic_string<char> >; RangeT = const std::__cxx11::basic_string<char>&; FinderT = detail::token_finderF<detail::is_any_ofF<char> >]’
/usr/local/lib/R/site-library/BH/include/boost/algorithm/string/split.hpp:158:50:   required from ‘SequenceSequenceT& boost::algorithm::split(SequenceSequenceT&, RangeT&&, PredicateT, token_compress_mode_type) [with SequenceSequenceT = std::vector<std::__cxx11::basic_string<char> >; RangeT = const std::__cxx11::basic_string<char>&; PredicateT = detail::is_any_ofF<char>]’
anytime.cpp:249:17:   required from here
/usr/local/lib/R/site-library/BH/include/boost/concept/detail/general.hpp:50:47: warning: ‘this’ pointer is null [-Wnonnull]
   50 |     static void failed() { ((Model*)0)->~Model(); }
      |                            ~~~~~~~~~~~~~~~~~~~^~
In file included from /usr/local/lib/R/site-library/BH/include/boost/concept_check.hpp:31:
/usr/local/lib/R/site-library/BH/include/boost/concept/usage.hpp:20:5: note: in a call to non-static member function ‘boost::concepts::usage_requirements<Model>::~usage_requirements() [with Model = boost::CopyConstructible<__gnu_cxx::__normal_iterator<const char*, std::__cxx11::basic_string<char> > >]’
   20 |     ~usage_requirements() { ((Model*)0)->~Model(); }
      |     ^
/usr/local/lib/R/site-library/BH/include/boost/concept/detail/general.hpp: In instantiation of ‘static void boost::concepts::requirement<boost::concepts::failed************ Model::************>::failed() [with Model = boost::concepts::usage_requirements<boost::Convertible<boost::iterators::random_access_traversal_tag, boost::iterators::incrementable_traversal_tag> >]’:
/usr/local/lib/R/site-library/BH/include/boost/concept_check.hpp:208:5:   required from ‘struct boost::Convertible<boost::iterators::random_access_traversal_tag, boost::iterators::incrementable_traversal_tag>’
/usr/local/lib/R/site-library/BH/include/boost/concept/detail/has_constraints.hpp:32:62:   required by substitution of ‘template<class Model> boost::concepts::detail::yes boost::concepts::detail::has_constraints_(Model*, wrap_constraints<Model, (& Model::constraints)>*) [with Model = boost::Convertible<boost::iterators::random_access_traversal_tag, boost::iterators::incrementable_traversal_tag>]’
/usr/local/lib/R/site-library/BH/include/boost/concept/detail/has_constraints.hpp:42:5:   required from ‘const bool boost::concepts::not_satisfied<boost::Convertible<boost::iterators::random_access_traversal_tag, boost::iterators::incrementable_traversal_tag> >::value’
/usr/local/lib/R/site-library/BH/include/boost/concept/detail/has_constraints.hpp:45:51:   required from ‘struct boost::concepts::not_satisfied<boost::Convertible<boost::iterators::random_access_traversal_tag, boost::iterators::incrementable_traversal_tag> >’
/usr/local/lib/R/site-library/BH/include/boost/concept/detail/general.hpp:72:8:   required from ‘struct boost::concepts::requirement_<void (*)(boost::Convertible<boost::iterators::random_access_traversal_tag, boost::iterators::incrementable_traversal_tag>)>’
/usr/local/lib/R/site-library/BH/include/boost/iterator/iterator_concepts.hpp:106:7:   [ skipping 18 instantiation contexts, use -ftemplate-backtrace-limit=0 to disable ]
/usr/local/lib/R/site-library/BH/include/boost/iterator/iterator_facade.hpp:824:1:   required from ‘typename boost::iterators::detail::enable_if_interoperable<Derived1, Derived2, boost::iterators::detail::always_bool_t<Derived1, Derived2> >::type boost::iterators::operator!=(const iterator_facade<Derived1, V1, TC1, Reference1, Difference1>&, const iterator_facade<Derived2, V2, TC2, Reference2, Difference2>&) [with Derived1 = transform_iterator<boost::algorithm::detail::copy_iterator_rangeF<std::__cxx11::basic_string<char>, __gnu_cxx::__normal_iterator<const char*, std::__cxx11::basic_string<char> > >, boost::algorithm::split_iterator<__gnu_cxx::__normal_iterator<const char*, std::__cxx11::basic_string<char> > >, boost::use_default, boost::use_default>; V1 = std::__cxx11::basic_string<char>; TC1 = forward_traversal_tag; Reference1 = std::__cxx11::basic_string<char>; Difference1 = long int; Derived2 = transform_iterator<boost::algorithm::detail::copy_iterator_rangeF<std::__cxx11::basic_string<char>, __gnu_cxx::__normal_iterator<const char*, std::__cxx11::basic_string<char> > >, boost::algorithm::split_iterator<__gnu_cxx::__normal_iterator<const char*, std::__cxx11::basic_string<char> > >, boost::use_default, boost::use_default>; V2 = std::__cxx11::basic_string<char>; TC2 = forward_traversal_tag; Reference2 = std::__cxx11::basic_string<char>; Difference2 = long int; typename detail::enable_if_interoperable<Derived1, Derived2, detail::always_bool_t<Derived1, Derived2> >::type = bool; detail::always_bool_t<Derived1, Derived2> = bool]’
/usr/include/c++/13/bits/stl_vector.h:1671:21:   required from ‘void std::vector<_Tp, _Alloc>::_M_range_initialize(_InputIterator, _InputIterator, std::input_iterator_tag) [with _InputIterator = boost::iterators::transform_iterator<boost::algorithm::detail::copy_iterator_rangeF<std::__cxx11::basic_string<char>, __gnu_cxx::__normal_iterator<const char*, std::__cxx11::basic_string<char> > >, boost::algorithm::split_iterator<__gnu_cxx::__normal_iterator<const char*, std::__cxx11::basic_string<char> > >, boost::use_default, boost::use_default>; _Tp = std::__cxx11::basic_string<char>; _Alloc = std::allocator<std::__cxx11::basic_string<char> >]’
/usr/include/c++/13/bits/stl_vector.h:711:23:   required from ‘std::vector<_Tp, _Alloc>::vector(_InputIterator, _InputIterator, const allocator_type&) [with _InputIterator = boost::iterators::transform_iterator<boost::algorithm::detail::copy_iterator_rangeF<std::__cxx11::basic_string<char>, __gnu_cxx::__normal_iterator<const char*, std::__cxx11::basic_string<char> > >, boost::algorithm::split_iterator<__gnu_cxx::__normal_iterator<const char*, std::__cxx11::basic_string<char> > >, boost::use_default, boost::use_default>; <template-parameter-2-2> = void; _Tp = std::__cxx11::basic_string<char>; _Alloc = std::allocator<std::__cxx11::basic_string<char> >; allocator_type = std::allocator<std::__cxx11::basic_string<char> >]’
/usr/local/lib/R/site-library/BH/include/boost/algorithm/string/iter_find.hpp:186:31:   required from ‘SequenceSequenceT& boost::algorithm::iter_split(SequenceSequenceT&, RangeT&&, FinderT) [with SequenceSequenceT = std::vector<std::__cxx11::basic_string<char> >; RangeT = const std::__cxx11::basic_string<char>&; FinderT = detail::token_finderF<detail::is_any_ofF<char> >]’
/usr/local/lib/R/site-library/BH/include/boost/algorithm/string/split.hpp:158:50:   required from ‘SequenceSequenceT& boost::algorithm::split(SequenceSequenceT&, RangeT&&, PredicateT, token_compress_mode_type) [with SequenceSequenceT = std::vector<std::__cxx11::basic_string<char> >; RangeT = const std::__cxx11::basic_string<char>&; PredicateT = detail::is_any_ofF<char>]’
anytime.cpp:249:17:   required from here
/usr/local/lib/R/site-library/BH/include/boost/concept/detail/general.hpp:50:47: warning: ‘this’ pointer is null [-Wnonnull]
   50 |     static void failed() { ((Model*)0)->~Model(); }
      |                            ~~~~~~~~~~~~~~~~~~~^~
/usr/local/lib/R/site-library/BH/include/boost/concept/usage.hpp:20:5: note: in a call to non-static member function ‘boost::concepts::usage_requirements<Model>::~usage_requirements() [with Model = boost::Convertible<boost::iterators::random_access_traversal_tag, boost::iterators::incrementable_traversal_tag>]’
   20 |     ~usage_requirements() { ((Model*)0)->~Model(); }
      |     ^
/usr/local/lib/R/site-library/BH/include/boost/concept/detail/general.hpp: In instantiation of ‘static void boost::concepts::requirement<boost::concepts::failed************ Model::************>::failed() [with Model = boost::Convertible<boost::iterators::random_access_traversal_tag, boost::iterators::incrementable_traversal_tag>]’:
/usr/local/lib/R/site-library/BH/include/boost/iterator/iterator_concepts.hpp:106:7:   required from ‘struct boost::range_detail::IncrementableIteratorConcept<__gnu_cxx::__normal_iterator<const char*, std::__cxx11::basic_string<char> > >’
/usr/local/lib/R/site-library/BH/include/boost/range/concepts.hpp:149:16:   required from ‘struct boost::range_detail::SinglePassIteratorConcept<__gnu_cxx::__normal_iterator<const char*, std::__cxx11::basic_string<char> > >’
/usr/local/lib/R/site-library/BH/include/boost/concept/detail/has_constraints.hpp:32:62:   required by substitution of ‘template<class Model> boost::concepts::detail::yes boost::concepts::detail::has_constraints_(Model*, wrap_constraints<Model, (& Model::constraints)>*) [with Model = boost::range_detail::SinglePassIteratorConcept<__gnu_cxx::__normal_iterator<const char*, std::__cxx11::basic_string<char> > >]’
/usr/local/lib/R/site-library/BH/include/boost/concept/detail/has_constraints.hpp:42:5:   required from ‘const bool boost::concepts::not_satisfied<boost::range_detail::SinglePassIteratorConcept<__gnu_cxx::__normal_iterator<const char*, std::__cxx11::basic_string<char> > > >::value’
/usr/local/lib/R/site-library/BH/include/boost/concept/detail/has_constraints.hpp:45:51:   required from ‘struct boost::concepts::not_satisfied<boost::range_detail::SinglePassIteratorConcept<__gnu_cxx::__normal_iterator<const char*, std::__cxx11::basic_string<char> > > >’
/usr/local/lib/R/site-library/BH/include/boost/concept/detail/general.hpp:72:8:   [ skipping 13 instantiation contexts, use -ftemplate-backtrace-limit=0 to disable ]
/usr/local/lib/R/site-library/BH/include/boost/iterator/iterator_facade.hpp:824:1:   required from ‘typename boost::iterators::detail::enable_if_interoperable<Derived1, Derived2, boost::iterators::detail::always_bool_t<Derived1, Derived2> >::type boost::iterators::operator!=(const iterator_facade<Derived1, V1, TC1, Reference1, Difference1>&, const iterator_facade<Derived2, V2, TC2, Reference2, Difference2>&) [with Derived1 = transform_iterator<boost::algorithm::detail::copy_iterator_rangeF<std::__cxx11::basic_string<char>, __gnu_cxx::__normal_iterator<const char*, std::__cxx11::basic_string<char> > >, boost::algorithm::split_iterator<__gnu_cxx::__normal_iterator<const char*, std::__cxx11::basic_string<char> > >, boost::use_default, boost::use_default>; V1 = std::__cxx11::basic_string<char>; TC1 = forward_traversal_tag; Reference1 = std::__cxx11::basic_string<char>; Difference1 = long int; Derived2 = transform_iterator<boost::algorithm::detail::copy_iterator_rangeF<std::__cxx11::basic_string<char>, __gnu_cxx::__normal_iterator<const char*, std::__cxx11::basic_string<char> > >, boost::algorithm::split_iterator<__gnu_cxx::__normal_iterator<const char*, std::__cxx11::basic_string<char> > >, boost::use_default, boost::use_default>; V2 = std::__cxx11::basic_string<char>; TC2 = forward_traversal_tag; Reference2 = std::__cxx11::basic_string<char>; Difference2 = long int; typename detail::enable_if_interoperable<Derived1, Derived2, detail::always_bool_t<Derived1, Derived2> >::type = bool; detail::always_bool_t<Derived1, Derived2> = bool]’
/usr/include/c++/13/bits/stl_vector.h:1671:21:   required from ‘void std::vector<_Tp, _Alloc>::_M_range_initialize(_InputIterator, _InputIterator, std::input_iterator_tag) [with _InputIterator = boost::iterators::transform_iterator<boost::algorithm::detail::copy_iterator_rangeF<std::__cxx11::basic_string<char>, __gnu_cxx::__normal_iterator<const char*, std::__cxx11::basic_string<char> > >, boost::algorithm::split_iterator<__gnu_cxx::__normal_iterator<const char*, std::__cxx11::basic_string<char> > >, boost::use_default, boost::use_default>; _Tp = std::__cxx11::basic_string<char>; _Alloc = std::allocator<std::__cxx11::basic_string<char> >]’
/usr/include/c++/13/bits/stl_vector.h:711:23:   required from ‘std::vector<_Tp, _Alloc>::vector(_InputIterator, _InputIterator, const allocator_type&) [with _InputIterator = boost::iterators::transform_iterator<boost::algorithm::detail::copy_iterator_rangeF<std::__cxx11::basic_string<char>, __gnu_cxx::__normal_iterator<const char*, std::__cxx11::basic_string<char> > >, boost::algorithm::split_iterator<__gnu_cxx::__normal_iterator<const char*, std::__cxx11::basic_string<char> > >, boost::use_default, boost::use_default>; <template-parameter-2-2> = void; _Tp = std::__cxx11::basic_string<char>; _Alloc = std::allocator<std::__cxx11::basic_string<char> >; allocator_type = std::allocator<std::__cxx11::basic_string<char> >]’
/usr/local/lib/R/site-library/BH/include/boost/algorithm/string/iter_find.hpp:186:31:   required from ‘SequenceSequenceT& boost::algorithm::iter_split(SequenceSequenceT&, RangeT&&, FinderT) [with SequenceSequenceT = std::vector<std::__cxx11::basic_string<char> >; RangeT = const std::__cxx11::basic_string<char>&; FinderT = detail::token_finderF<detail::is_any_ofF<char> >]’
/usr/local/lib/R/site-library/BH/include/boost/algorithm/string/split.hpp:158:50:   required from ‘SequenceSequenceT& boost::algorithm::split(SequenceSequenceT&, RangeT&&, PredicateT, token_compress_mode_type) [with SequenceSequenceT = std::vector<std::__cxx11::basic_string<char> >; RangeT = const std::__cxx11::basic_string<char>&; PredicateT = detail::is_any_ofF<char>]’
anytime.cpp:249:17:   required from here
/usr/local/lib/R/site-library/BH/include/boost/concept/detail/general.hpp:50:47: warning: ‘this’ pointer is null [-Wnonnull]
   50 |     static void failed() { ((Model*)0)->~Model(); }
      |                            ~~~~~~~~~~~~~~~~~~~^~
/usr/local/lib/R/site-library/BH/include/boost/concept/usage.hpp:37:7: note: in a call to non-static member function ‘boost::Convertible<X, Y>::~Convertible() [with X = boost::iterators::random_access_traversal_tag; Y = boost::iterators::incrementable_traversal_tag]’
   37 |       ~model()
      |       ^
/usr/local/lib/R/site-library/BH/include/boost/concept_check.hpp:208:5: note: in expansion of macro ‘BOOST_CONCEPT_USAGE’
  208 |     BOOST_CONCEPT_USAGE(Convertible) {
      |     ^~~~~~~~~~~~~~~~~~~
/usr/local/lib/R/site-library/BH/include/boost/concept/detail/general.hpp: In instantiation of ‘static void boost::concepts::requirement<boost::concepts::failed************ Model::************>::failed() [with Model = boost::concepts::usage_requirements<boost::range_detail::IncrementableIteratorConcept<__gnu_cxx::__normal_iterator<const char*, std::__cxx11::basic_string<char> > > >]’:
/usr/local/lib/R/site-library/BH/include/boost/range/concepts.hpp:138:13:   required from ‘struct boost::range_detail::IncrementableIteratorConcept<__gnu_cxx::__normal_iterator<const char*, std::__cxx11::basic_string<char> > >’
/usr/local/lib/R/site-library/BH/include/boost/range/concepts.hpp:149:16:   required from ‘struct boost::range_detail::SinglePassIteratorConcept<__gnu_cxx::__normal_iterator<const char*, std::__cxx11::basic_string<char> > >’
/usr/local/lib/R/site-library/BH/include/boost/concept/detail/has_constraints.hpp:32:62:   required by substitution of ‘template<class Model> boost::concepts::detail::yes boost::concepts::detail::has_constraints_(Model*, wrap_constraints<Model, (& Model::constraints)>*) [with Model = boost::range_detail::SinglePassIteratorConcept<__gnu_cxx::__normal_iterator<const char*, std::__cxx11::basic_string<char> > >]’
/usr/local/lib/R/site-library/BH/include/boost/concept/detail/has_constraints.hpp:42:5:   required from ‘const bool boost::concepts::not_satisfied<boost::range_detail::SinglePassIteratorConcept<__gnu_cxx::__normal_iterator<const char*, std::__cxx11::basic_string<char> > > >::value’
/usr/local/lib/R/site-library/BH/include/boost/concept/detail/has_constraints.hpp:45:51:   required from ‘struct boost::concepts::not_satisfied<boost::range_detail::SinglePassIteratorConcept<__gnu_cxx::__normal_iterator<const char*, std::__cxx11::basic_string<char> > > >’
/usr/local/lib/R/site-library/BH/include/boost/concept/detail/general.hpp:72:8:   [ skipping 13 instantiation contexts, use -ftemplate-backtrace-limit=0 to disable ]
/usr/local/lib/R/site-library/BH/include/boost/iterator/iterator_facade.hpp:824:1:   required from ‘typename boost::iterators::detail::enable_if_interoperable<Derived1, Derived2, boost::iterators::detail::always_bool_t<Derived1, Derived2> >::type boost::iterators::operator!=(const iterator_facade<Derived1, V1, TC1, Reference1, Difference1>&, const iterator_facade<Derived2, V2, TC2, Reference2, Difference2>&) [with Derived1 = transform_iterator<boost::algorithm::detail::copy_iterator_rangeF<std::__cxx11::basic_string<char>, __gnu_cxx::__normal_iterator<const char*, std::__cxx11::basic_string<char> > >, boost::algorithm::split_iterator<__gnu_cxx::__normal_iterator<const char*, std::__cxx11::basic_string<char> > >, boost::use_default, boost::use_default>; V1 = std::__cxx11::basic_string<char>; TC1 = forward_traversal_tag; Reference1 = std::__cxx11::basic_string<char>; Difference1 = long int; Derived2 = transform_iterator<boost::algorithm::detail::copy_iterator_rangeF<std::__cxx11::basic_string<char>, __gnu_cxx::__normal_iterator<const char*, std::__cxx11::basic_string<char> > >, boost::algorithm::split_iterator<__gnu_cxx::__normal_iterator<const char*, std::__cxx11::basic_string<char> > >, boost::use_default, boost::use_default>; V2 = std::__cxx11::basic_string<char>; TC2 = forward_traversal_tag; Reference2 = std::__cxx11::basic_string<char>; Difference2 = long int; typename detail::enable_if_interoperable<Derived1, Derived2, detail::always_bool_t<Derived1, Derived2> >::type = bool; detail::always_bool_t<Derived1, Derived2> = bool]’
/usr/include/c++/13/bits/stl_vector.h:1671:21:   required from ‘void std::vector<_Tp, _Alloc>::_M_range_initialize(_InputIterator, _InputIterator, std::input_iterator_tag) [with _InputIterator = boost::iterators::transform_iterator<boost::algorithm::detail::copy_iterator_rangeF<std::__cxx11::basic_string<char>, __gnu_cxx::__normal_iterator<const char*, std::__cxx11::basic_string<char> > >, boost::algorithm::split_iterator<__gnu_cxx::__normal_iterator<const char*, std::__cxx11::basic_string<char> > >, boost::use_default, boost::use_default>; _Tp = std::__cxx11::basic_string<char>; _Alloc = std::allocator<std::__cxx11::basic_string<char> >]’
/usr/include/c++/13/bits/stl_vector.h:711:23:   required from ‘std::vector<_Tp, _Alloc>::vector(_InputIterator, _InputIterator, const allocator_type&) [with _InputIterator = boost::iterators::transform_iterator<boost::algorithm::detail::copy_iterator_rangeF<std::__cxx11::basic_string<char>, __gnu_cxx::__normal_iterator<const char*, std::__cxx11::basic_string<char> > >, boost::algorithm::split_iterator<__gnu_cxx::__normal_iterator<const char*, std::__cxx11::basic_string<char> > >, boost::use_default, boost::use_default>; <template-parameter-2-2> = void; _Tp = std::__cxx11::basic_string<char>; _Alloc = std::allocator<std::__cxx11::basic_string<char> >; allocator_type = std::allocator<std::__cxx11::basic_string<char> >]’
/usr/local/lib/R/site-library/BH/include/boost/algorithm/string/iter_find.hpp:186:31:   required from ‘SequenceSequenceT& boost::algorithm::iter_split(SequenceSequenceT&, RangeT&&, FinderT) [with SequenceSequenceT = std::vector<std::__cxx11::basic_string<char> >; RangeT = const std::__cxx11::basic_string<char>&; FinderT = detail::token_finderF<detail::is_any_ofF<char> >]’
/usr/local/lib/R/site-library/BH/include/boost/algorithm/string/split.hpp:158:50:   required from ‘SequenceSequenceT& boost::algorithm::split(SequenceSequenceT&, RangeT&&, PredicateT, token_compress_mode_type) [with SequenceSequenceT = std::vector<std::__cxx11::basic_string<char> >; RangeT = const std::__cxx11::basic_string<char>&; PredicateT = detail::is_any_ofF<char>]’
anytime.cpp:249:17:   required from here
/usr/local/lib/R/site-library/BH/include/boost/concept/detail/general.hpp:50:47: warning: ‘this’ pointer is null [-Wnonnull]
   50 |     static void failed() { ((Model*)0)->~Model(); }
      |                            ~~~~~~~~~~~~~~~~~~~^~
/usr/local/lib/R/site-library/BH/include/boost/concept/usage.hpp:20:5: note: in a call to non-static member function ‘boost::concepts::usage_requirements<Model>::~usage_requirements() [with Model = boost::range_detail::IncrementableIteratorConcept<__gnu_cxx::__normal_iterator<const char*, std::__cxx11::basic_string<char> > >]’
   20 |     ~usage_requirements() { ((Model*)0)->~Model(); }
      |     ^
/usr/local/lib/R/site-library/BH/include/boost/concept/detail/general.hpp: In instantiation of ‘static void boost::concepts::requirement<boost::concepts::failed************ Model::************>::failed() [with Model = boost::concepts::usage_requirements<boost::EqualityComparable<__gnu_cxx::__normal_iterator<const char*, std::__cxx11::basic_string<char> > > >]’:
/usr/local/lib/R/site-library/BH/include/boost/concept_check.hpp:233:5:   required from ‘struct boost::EqualityComparable<__gnu_cxx::__normal_iterator<const char*, std::__cxx11::basic_string<char> > >’
/usr/local/lib/R/site-library/BH/include/boost/range/concepts.hpp:149:16:   required from ‘struct boost::range_detail::SinglePassIteratorConcept<__gnu_cxx::__normal_iterator<const char*, std::__cxx11::basic_string<char> > >’
/usr/local/lib/R/site-library/BH/include/boost/concept/detail/has_constraints.hpp:32:62:   required by substitution of ‘template<class Model> boost::concepts::detail::yes boost::concepts::detail::has_constraints_(Model*, wrap_constraints<Model, (& Model::constraints)>*) [with Model = boost::range_detail::SinglePassIteratorConcept<__gnu_cxx::__normal_iterator<const char*, std::__cxx11::basic_string<char> > >]’
/usr/local/lib/R/site-library/BH/include/boost/concept/detail/has_constraints.hpp:42:5:   required from ‘const bool boost::concepts::not_satisfied<boost::range_detail::SinglePassIteratorConcept<__gnu_cxx::__normal_iterator<const char*, std::__cxx11::basic_string<char> > > >::value’
/usr/local/lib/R/site-library/BH/include/boost/concept/detail/has_constraints.hpp:45:51:   required from ‘struct boost::concepts::not_satisfied<boost::range_detail::SinglePassIteratorConcept<__gnu_cxx::__normal_iterator<const char*, std::__cxx11::basic_string<char> > > >’
/usr/local/lib/R/site-library/BH/include/boost/concept/detail/general.hpp:72:8:   [ skipping 13 instantiation contexts, use -ftemplate-backtrace-limit=0 to disable ]
/usr/local/lib/R/site-library/BH/include/boost/iterator/iterator_facade.hpp:824:1:   required from ‘typename boost::iterators::detail::enable_if_interoperable<Derived1, Derived2, boost::iterators::detail::always_bool_t<Derived1, Derived2> >::type boost::iterators::operator!=(const iterator_facade<Derived1, V1, TC1, Reference1, Difference1>&, const iterator_facade<Derived2, V2, TC2, Reference2, Difference2>&) [with Derived1 = transform_iterator<boost::algorithm::detail::copy_iterator_rangeF<std::__cxx11::basic_string<char>, __gnu_cxx::__normal_iterator<const char*, std::__cxx11::basic_string<char> > >, boost::algorithm::split_iterator<__gnu_cxx::__normal_iterator<const char*, std::__cxx11::basic_string<char> > >, boost::use_default, boost::use_default>; V1 = std::__cxx11::basic_string<char>; TC1 = forward_traversal_tag; Reference1 = std::__cxx11::basic_string<char>; Difference1 = long int; Derived2 = transform_iterator<boost::algorithm::detail::copy_iterator_rangeF<std::__cxx11::basic_string<char>, __gnu_cxx::__normal_iterator<const char*, std::__cxx11::basic_string<char> > >, boost::algorithm::split_iterator<__gnu_cxx::__normal_iterator<const char*, std::__cxx11::basic_string<char> > >, boost::use_default, boost::use_default>; V2 = std::__cxx11::basic_string<char>; TC2 = forward_traversal_tag; Reference2 = std::__cxx11::basic_string<char>; Difference2 = long int; typename detail::enable_if_interoperable<Derived1, Derived2, detail::always_bool_t<Derived1, Derived2> >::type = bool; detail::always_bool_t<Derived1, Derived2> = bool]’
/usr/include/c++/13/bits/stl_vector.h:1671:21:   required from ‘void std::vector<_Tp, _Alloc>::_M_range_initialize(_InputIterator, _InputIterator, std::input_iterator_tag) [with _InputIterator = boost::iterators::transform_iterator<boost::algorithm::detail::copy_iterator_rangeF<std::__cxx11::basic_string<char>, __gnu_cxx::__normal_iterator<const char*, std::__cxx11::basic_string<char> > >, boost::algorithm::split_iterator<__gnu_cxx::__normal_iterator<const char*, std::__cxx11::basic_string<char> > >, boost::use_default, boost::use_default>; _Tp = std::__cxx11::basic_string<char>; _Alloc = std::allocator<std::__cxx11::basic_string<char> >]’
/usr/include/c++/13/bits/stl_vector.h:711:23:   required from ‘std::vector<_Tp, _Alloc>::vector(_InputIterator, _InputIterator, const allocator_type&) [with _InputIterator = boost::iterators::transform_iterator<boost::algorithm::detail::copy_iterator_rangeF<std::__cxx11::basic_string<char>, __gnu_cxx::__normal_iterator<const char*, std::__cxx11::basic_string<char> > >, boost::algorithm::split_iterator<__gnu_cxx::__normal_iterator<const char*, std::__cxx11::basic_string<char> > >, boost::use_default, boost::use_default>; <template-parameter-2-2> = void; _Tp = std::__cxx11::basic_string<char>; _Alloc = std::allocator<std::__cxx11::basic_string<char> >; allocator_type = std::allocator<std::__cxx11::basic_string<char> >]’
/usr/local/lib/R/site-library/BH/include/boost/algorithm/string/iter_find.hpp:186:31:   required from ‘SequenceSequenceT& boost::algorithm::iter_split(SequenceSequenceT&, RangeT&&, FinderT) [with SequenceSequenceT = std::vector<std::__cxx11::basic_string<char> >; RangeT = const std::__cxx11::basic_string<char>&; FinderT = detail::token_finderF<detail::is_any_ofF<char> >]’
/usr/local/lib/R/site-library/BH/include/boost/algorithm/string/split.hpp:158:50:   required from ‘SequenceSequenceT& boost::algorithm::split(SequenceSequenceT&, RangeT&&, PredicateT, token_compress_mode_type) [with SequenceSequenceT = std::vector<std::__cxx11::basic_string<char> >; RangeT = const std::__cxx11::basic_string<char>&; PredicateT = detail::is_any_ofF<char>]’
anytime.cpp:249:17:   required from here
/usr/local/lib/R/site-library/BH/include/boost/concept/detail/general.hpp:50:47: warning: ‘this’ pointer is null [-Wnonnull]
   50 |     static void failed() { ((Model*)0)->~Model(); }
      |                            ~~~~~~~~~~~~~~~~~~~^~
/usr/local/lib/R/site-library/BH/include/boost/concept/usage.hpp:20:5: note: in a call to non-static member function ‘boost::concepts::usage_requirements<Model>::~usage_requirements() [with Model = boost::EqualityComparable<__gnu_cxx::__normal_iterator<const char*, std::__cxx11::basic_string<char> > >]’
   20 |     ~usage_requirements() { ((Model*)0)->~Model(); }
      |     ^
/usr/local/lib/R/site-library/BH/include/boost/concept/detail/general.hpp: In instantiation of ‘static void boost::concepts::requirement<boost::concepts::failed************ Model::************>::failed() [with Model = boost::concepts::usage_requirements<boost::Convertible<boost::iterators::random_access_traversal_tag, boost::iterators::single_pass_traversal_tag> >]’:
/usr/local/lib/R/site-library/BH/include/boost/concept_check.hpp:208:5:   required from ‘struct boost::Convertible<boost::iterators::random_access_traversal_tag, boost::iterators::single_pass_traversal_tag>’
/usr/local/lib/R/site-library/BH/include/boost/concept/detail/has_constraints.hpp:32:62:   required by substitution of ‘template<class Model> boost::concepts::detail::yes boost::concepts::detail::has_constraints_(Model*, wrap_constraints<Model, (& Model::constraints)>*) [with Model = boost::Convertible<boost::iterators::random_access_traversal_tag, boost::iterators::single_pass_traversal_tag>]’
/usr/local/lib/R/site-library/BH/include/boost/concept/detail/has_constraints.hpp:42:5:   required from ‘const bool boost::concepts::not_satisfied<boost::Convertible<boost::iterators::random_access_traversal_tag, boost::iterators::single_pass_traversal_tag> >::value’
/usr/local/lib/R/site-library/BH/include/boost/concept/detail/has_constraints.hpp:45:51:   required from ‘struct boost::concepts::not_satisfied<boost::Convertible<boost::iterators::random_access_traversal_tag, boost::iterators::single_pass_traversal_tag> >’
/usr/local/lib/R/site-library/BH/include/boost/concept/detail/general.hpp:72:8:   required from ‘struct boost::concepts::requirement_<void (*)(boost::Convertible<boost::iterators::random_access_traversal_tag, boost::iterators::single_pass_traversal_tag>)>’
/usr/local/lib/R/site-library/BH/include/boost/range/concepts.hpp:154:13:   [ skipping 17 instantiation contexts, use -ftemplate-backtrace-limit=0 to disable ]
/usr/local/lib/R/site-library/BH/include/boost/iterator/iterator_facade.hpp:824:1:   required from ‘typename boost::iterators::detail::enable_if_interoperable<Derived1, Derived2, boost::iterators::detail::always_bool_t<Derived1, Derived2> >::type boost::iterators::operator!=(const iterator_facade<Derived1, V1, TC1, Reference1, Difference1>&, const iterator_facade<Derived2, V2, TC2, Reference2, Difference2>&) [with Derived1 = transform_iterator<boost::algorithm::detail::copy_iterator_rangeF<std::__cxx11::basic_string<char>, __gnu_cxx::__normal_iterator<const char*, std::__cxx11::basic_string<char> > >, boost::algorithm::split_iterator<__gnu_cxx::__normal_iterator<const char*, std::__cxx11::basic_string<char> > >, boost::use_default, boost::use_default>; V1 = std::__cxx11::basic_string<char>; TC1 = forward_traversal_tag; Reference1 = std::__cxx11::basic_string<char>; Difference1 = long int; Derived2 = transform_iterator<boost::algorithm::detail::copy_iterator_rangeF<std::__cxx11::basic_string<char>, __gnu_cxx::__normal_iterator<const char*, std::__cxx11::basic_string<char> > >, boost::algorithm::split_iterator<__gnu_cxx::__normal_iterator<const char*, std::__cxx11::basic_string<char> > >, boost::use_default, boost::use_default>; V2 = std::__cxx11::basic_string<char>; TC2 = forward_traversal_tag; Reference2 = std::__cxx11::basic_string<char>; Difference2 = long int; typename detail::enable_if_interoperable<Derived1, Derived2, detail::always_bool_t<Derived1, Derived2> >::type = bool; detail::always_bool_t<Derived1, Derived2> = bool]’
/usr/include/c++/13/bits/stl_vector.h:1671:21:   required from ‘void std::vector<_Tp, _Alloc>::_M_range_initialize(_InputIterator, _InputIterator, std::input_iterator_tag) [with _InputIterator = boost::iterators::transform_iterator<boost::algorithm::detail::copy_iterator_rangeF<std::__cxx11::basic_string<char>, __gnu_cxx::__normal_iterator<const char*, std::__cxx11::basic_string<char> > >, boost::algorithm::split_iterator<__gnu_cxx::__normal_iterator<const char*, std::__cxx11::basic_string<char> > >, boost::use_default, boost::use_default>; _Tp = std::__cxx11::basic_string<char>; _Alloc = std::allocator<std::__cxx11::basic_string<char> >]’
/usr/include/c++/13/bits/stl_vector.h:711:23:   required from ‘std::vector<_Tp, _Alloc>::vector(_InputIterator, _InputIterator, const allocator_type&) [with _InputIterator = boost::iterators::transform_iterator<boost::algorithm::detail::copy_iterator_rangeF<std::__cxx11::basic_string<char>, __gnu_cxx::__normal_iterator<const char*, std::__cxx11::basic_string<char> > >, boost::algorithm::split_iterator<__gnu_cxx::__normal_iterator<const char*, std::__cxx11::basic_string<char> > >, boost::use_default, boost::use_default>; <template-parameter-2-2> = void; _Tp = std::__cxx11::basic_string<char>; _Alloc = std::allocator<std::__cxx11::basic_string<char> >; allocator_type = std::allocator<std::__cxx11::basic_string<char> >]’
/usr/local/lib/R/site-library/BH/include/boost/algorithm/string/iter_find.hpp:186:31:   required from ‘SequenceSequenceT& boost::algorithm::iter_split(SequenceSequenceT&, RangeT&&, FinderT) [with SequenceSequenceT = std::vector<std::__cxx11::basic_string<char> >; RangeT = const std::__cxx11::basic_string<char>&; FinderT = detail::token_finderF<detail::is_any_ofF<char> >]’
/usr/local/lib/R/site-library/BH/include/boost/algorithm/string/split.hpp:158:50:   required from ‘SequenceSequenceT& boost::algorithm::split(SequenceSequenceT&, RangeT&&, PredicateT, token_compress_mode_type) [with SequenceSequenceT = std::vector<std::__cxx11::basic_string<char> >; RangeT = const std::__cxx11::basic_string<char>&; PredicateT = detail::is_any_ofF<char>]’
anytime.cpp:249:17:   required from here
/usr/local/lib/R/site-library/BH/include/boost/concept/detail/general.hpp:50:47: warning: ‘this’ pointer is null [-Wnonnull]
   50 |     static void failed() { ((Model*)0)->~Model(); }
      |                            ~~~~~~~~~~~~~~~~~~~^~
/usr/local/lib/R/site-library/BH/include/boost/concept/usage.hpp:20:5: note: in a call to non-static member function ‘boost::concepts::usage_requirements<Model>::~usage_requirements() [with Model = boost::Convertible<boost::iterators::random_access_traversal_tag, boost::iterators::single_pass_traversal_tag>]’
   20 |     ~usage_requirements() { ((Model*)0)->~Model(); }
      |     ^
/usr/local/lib/R/site-library/BH/include/boost/concept/detail/general.hpp: In instantiation of ‘static void boost::concepts::requirement<boost::concepts::failed************ Model::************>::failed() [with Model = boost::Convertible<boost::iterators::random_access_traversal_tag, boost::iterators::single_pass_traversal_tag>]’:
/usr/local/lib/R/site-library/BH/include/boost/range/concepts.hpp:154:13:   required from ‘struct boost::range_detail::SinglePassIteratorConcept<__gnu_cxx::__normal_iterator<const char*, std::__cxx11::basic_string<char> > >’
/usr/local/lib/R/site-library/BH/include/boost/concept/detail/has_constraints.hpp:32:62:   required by substitution of ‘template<class Model> boost::concepts::detail::yes boost::concepts::detail::has_constraints_(Model*, wrap_constraints<Model, (& Model::constraints)>*) [with Model = boost::range_detail::SinglePassIteratorConcept<__gnu_cxx::__normal_iterator<const char*, std::__cxx11::basic_string<char> > >]’
/usr/local/lib/R/site-library/BH/include/boost/concept/detail/has_constraints.hpp:42:5:   required from ‘const bool boost::concepts::not_satisfied<boost::range_detail::SinglePassIteratorConcept<__gnu_cxx::__normal_iterator<const char*, std::__cxx11::basic_string<char> > > >::value’
/usr/local/lib/R/site-library/BH/include/boost/concept/detail/has_constraints.hpp:45:51:   required from ‘struct boost::concepts::not_satisfied<boost::range_detail::SinglePassIteratorConcept<__gnu_cxx::__normal_iterator<const char*, std::__cxx11::basic_string<char> > > >’
/usr/local/lib/R/site-library/BH/include/boost/concept/detail/general.hpp:72:8:   required from ‘struct boost::concepts::requirement_<void (*)(boost::range_detail::SinglePassIteratorConcept<__gnu_cxx::__normal_iterator<const char*, std::__cxx11::basic_string<char> > >)>’
/usr/local/lib/R/site-library/BH/include/boost/range/concepts.hpp:280:9:   [ skipping 12 instantiation contexts, use -ftemplate-backtrace-limit=0 to disable ]
/usr/local/lib/R/site-library/BH/include/boost/iterator/iterator_facade.hpp:824:1:   required from ‘typename boost::iterators::detail::enable_if_interoperable<Derived1, Derived2, boost::iterators::detail::always_bool_t<Derived1, Derived2> >::type boost::iterators::operator!=(const iterator_facade<Derived1, V1, TC1, Reference1, Difference1>&, const iterator_facade<Derived2, V2, TC2, Reference2, Difference2>&) [with Derived1 = transform_iterator<boost::algorithm::detail::copy_iterator_rangeF<std::__cxx11::basic_string<char>, __gnu_cxx::__normal_iterator<const char*, std::__cxx11::basic_string<char> > >, boost::algorithm::split_iterator<__gnu_cxx::__normal_iterator<const char*, std::__cxx11::basic_string<char> > >, boost::use_default, boost::use_default>; V1 = std::__cxx11::basic_string<char>; TC1 = forward_traversal_tag; Reference1 = std::__cxx11::basic_string<char>; Difference1 = long int; Derived2 = transform_iterator<boost::algorithm::detail::copy_iterator_rangeF<std::__cxx11::basic_string<char>, __gnu_cxx::__normal_iterator<const char*, std::__cxx11::basic_string<char> > >, boost::algorithm::split_iterator<__gnu_cxx::__normal_iterator<const char*, std::__cxx11::basic_string<char> > >, boost::use_default, boost::use_default>; V2 = std::__cxx11::basic_string<char>; TC2 = forward_traversal_tag; Reference2 = std::__cxx11::basic_string<char>; Difference2 = long int; typename detail::enable_if_interoperable<Derived1, Derived2, detail::always_bool_t<Derived1, Derived2> >::type = bool; detail::always_bool_t<Derived1, Derived2> = bool]’
/usr/include/c++/13/bits/stl_vector.h:1671:21:   required from ‘void std::vector<_Tp, _Alloc>::_M_range_initialize(_InputIterator, _InputIterator, std::input_iterator_tag) [with _InputIterator = boost::iterators::transform_iterator<boost::algorithm::detail::copy_iterator_rangeF<std::__cxx11::basic_string<char>, __gnu_cxx::__normal_iterator<const char*, std::__cxx11::basic_string<char> > >, boost::algorithm::split_iterator<__gnu_cxx::__normal_iterator<const char*, std::__cxx11::basic_string<char> > >, boost::use_default, boost::use_default>; _Tp = std::__cxx11::basic_string<char>; _Alloc = std::allocator<std::__cxx11::basic_string<char> >]’
/usr/include/c++/13/bits/stl_vector.h:711:23:   required from ‘std::vector<_Tp, _Alloc>::vector(_InputIterator, _InputIterator, const allocator_type&) [with _InputIterator = boost::iterators::transform_iterator<boost::algorithm::detail::copy_iterator_rangeF<std::__cxx11::basic_string<char>, __gnu_cxx::__normal_iterator<const char*, std::__cxx11::basic_string<char> > >, boost::algorithm::split_iterator<__gnu_cxx::__normal_iterator<const char*, std::__cxx11::basic_string<char> > >, boost::use_default, boost::use_default>; <template-parameter-2-2> = void; _Tp = std::__cxx11::basic_string<char>; _Alloc = std::allocator<std::__cxx11::basic_string<char> >; allocator_type = std::allocator<std::__cxx11::basic_string<char> >]’
/usr/local/lib/R/site-library/BH/include/boost/algorithm/string/iter_find.hpp:186:31:   required from ‘SequenceSequenceT& boost::algorithm::iter_split(SequenceSequenceT&, RangeT&&, FinderT) [with SequenceSequenceT = std::vector<std::__cxx11::basic_string<char> >; RangeT = const std::__cxx11::basic_string<char>&; FinderT = detail::token_finderF<detail::is_any_ofF<char> >]’
/usr/local/lib/R/site-library/BH/include/boost/algorithm/string/split.hpp:158:50:   required from ‘SequenceSequenceT& boost::algorithm::split(SequenceSequenceT&, RangeT&&, PredicateT, token_compress_mode_type) [with SequenceSequenceT = std::vector<std::__cxx11::basic_string<char> >; RangeT = const std::__cxx11::basic_string<char>&; PredicateT = detail::is_any_ofF<char>]’
anytime.cpp:249:17:   required from here
/usr/local/lib/R/site-library/BH/include/boost/concept/detail/general.hpp:50:47: warning: ‘this’ pointer is null [-Wnonnull]
   50 |     static void failed() { ((Model*)0)->~Model(); }
      |                            ~~~~~~~~~~~~~~~~~~~^~
/usr/local/lib/R/site-library/BH/include/boost/concept/usage.hpp:37:7: note: in a call to non-static member function ‘boost::Convertible<X, Y>::~Convertible() [with X = boost::iterators::random_access_traversal_tag; Y = boost::iterators::single_pass_traversal_tag]’
   37 |       ~model()
      |       ^
/usr/local/lib/R/site-library/BH/include/boost/concept_check.hpp:208:5: note: in expansion of macro ‘BOOST_CONCEPT_USAGE’
  208 |     BOOST_CONCEPT_USAGE(Convertible) {
      |     ^~~~~~~~~~~~~~~~~~~
/usr/local/lib/R/site-library/BH/include/boost/concept/detail/general.hpp: In instantiation of ‘static void boost::concepts::requirement<boost::concepts::failed************ Model::************>::failed() [with Model = boost::concepts::usage_requirements<boost::range_detail::SinglePassIteratorConcept<__gnu_cxx::__normal_iterator<const char*, std::__cxx11::basic_string<char> > > >]’:
/usr/local/lib/R/site-library/BH/include/boost/range/concepts.hpp:160:13:   required from ‘struct boost::range_detail::SinglePassIteratorConcept<__gnu_cxx::__normal_iterator<const char*, std::__cxx11::basic_string<char> > >’
/usr/local/lib/R/site-library/BH/include/boost/concept/detail/has_constraints.hpp:32:62:   required by substitution of ‘template<class Model> boost::concepts::detail::yes boost::concepts::detail::has_constraints_(Model*, wrap_constraints<Model, (& Model::constraints)>*) [with Model = boost::range_detail::SinglePassIteratorConcept<__gnu_cxx::__normal_iterator<const char*, std::__cxx11::basic_string<char> > >]’
/usr/local/lib/R/site-library/BH/include/boost/concept/detail/has_constraints.hpp:42:5:   required from ‘const bool boost::concepts::not_satisfied<boost::range_detail::SinglePassIteratorConcept<__gnu_cxx::__normal_iterator<const char*, std::__cxx11::basic_string<char> > > >::value’
/usr/local/lib/R/site-library/BH/include/boost/concept/detail/has_constraints.hpp:45:51:   required from ‘struct boost::concepts::not_satisfied<boost::range_detail::SinglePassIteratorConcept<__gnu_cxx::__normal_iterator<const char*, std::__cxx11::basic_string<char> > > >’
/usr/local/lib/R/site-library/BH/include/boost/concept/detail/general.hpp:72:8:   required from ‘struct boost::concepts::requirement_<void (*)(boost::range_detail::SinglePassIteratorConcept<__gnu_cxx::__normal_iterator<const char*, std::__cxx11::basic_string<char> > >)>’
/usr/local/lib/R/site-library/BH/include/boost/range/concepts.hpp:280:9:   [ skipping 12 instantiation contexts, use -ftemplate-backtrace-limit=0 to disable ]
/usr/local/lib/R/site-library/BH/include/boost/iterator/iterator_facade.hpp:824:1:   required from ‘typename boost::iterators::detail::enable_if_interoperable<Derived1, Derived2, boost::iterators::detail::always_bool_t<Derived1, Derived2> >::type boost::iterators::operator!=(const iterator_facade<Derived1, V1, TC1, Reference1, Difference1>&, const iterator_facade<Derived2, V2, TC2, Reference2, Difference2>&) [with Derived1 = transform_iterator<boost::algorithm::detail::copy_iterator_rangeF<std::__cxx11::basic_string<char>, __gnu_cxx::__normal_iterator<const char*, std::__cxx11::basic_string<char> > >, boost::algorithm::split_iterator<__gnu_cxx::__normal_iterator<const char*, std::__cxx11::basic_string<char> > >, boost::use_default, boost::use_default>; V1 = std::__cxx11::basic_string<char>; TC1 = forward_traversal_tag; Reference1 = std::__cxx11::basic_string<char>; Difference1 = long int; Derived2 = transform_iterator<boost::algorithm::detail::copy_iterator_rangeF<std::__cxx11::basic_string<char>, __gnu_cxx::__normal_iterator<const char*, std::__cxx11::basic_string<char> > >, boost::algorithm::split_iterator<__gnu_cxx::__normal_iterator<const char*, std::__cxx11::basic_string<char> > >, boost::use_default, boost::use_default>; V2 = std::__cxx11::basic_string<char>; TC2 = forward_traversal_tag; Reference2 = std::__cxx11::basic_string<char>; Difference2 = long int; typename detail::enable_if_interoperable<Derived1, Derived2, detail::always_bool_t<Derived1, Derived2> >::type = bool; detail::always_bool_t<Derived1, Derived2> = bool]’
/usr/include/c++/13/bits/stl_vector.h:1671:21:   required from ‘void std::vector<_Tp, _Alloc>::_M_range_initialize(_InputIterator, _InputIterator, std::input_iterator_tag) [with _InputIterator = boost::iterators::transform_iterator<boost::algorithm::detail::copy_iterator_rangeF<std::__cxx11::basic_string<char>, __gnu_cxx::__normal_iterator<const char*, std::__cxx11::basic_string<char> > >, boost::algorithm::split_iterator<__gnu_cxx::__normal_iterator<const char*, std::__cxx11::basic_string<char> > >, boost::use_default, boost::use_default>; _Tp = std::__cxx11::basic_string<char>; _Alloc = std::allocator<std::__cxx11::basic_string<char> >]’
/usr/include/c++/13/bits/stl_vector.h:711:23:   required from ‘std::vector<_Tp, _Alloc>::vector(_InputIterator, _InputIterator, const allocator_type&) [with _InputIterator = boost::iterators::transform_iterator<boost::algorithm::detail::copy_iterator_rangeF<std::__cxx11::basic_string<char>, __gnu_cxx::__normal_iterator<const char*, std::__cxx11::basic_string<char> > >, boost::algorithm::split_iterator<__gnu_cxx::__normal_iterator<const char*, std::__cxx11::basic_string<char> > >, boost::use_default, boost::use_default>; <template-parameter-2-2> = void; _Tp = std::__cxx11::basic_string<char>; _Alloc = std::allocator<std::__cxx11::basic_string<char> >; allocator_type = std::allocator<std::__cxx11::basic_string<char> >]’
/usr/local/lib/R/site-library/BH/include/boost/algorithm/string/iter_find.hpp:186:31:   required from ‘SequenceSequenceT& boost::algorithm::iter_split(SequenceSequenceT&, RangeT&&, FinderT) [with SequenceSequenceT = std::vector<std::__cxx11::basic_string<char> >; RangeT = const std::__cxx11::basic_string<char>&; FinderT = detail::token_finderF<detail::is_any_ofF<char> >]’
/usr/local/lib/R/site-library/BH/include/boost/algorithm/string/split.hpp:158:50:   required from ‘SequenceSequenceT& boost::algorithm::split(SequenceSequenceT&, RangeT&&, PredicateT, token_compress_mode_type) [with SequenceSequenceT = std::vector<std::__cxx11::basic_string<char> >; RangeT = const std::__cxx11::basic_string<char>&; PredicateT = detail::is_any_ofF<char>]’
anytime.cpp:249:17:   required from here
/usr/local/lib/R/site-library/BH/include/boost/concept/detail/general.hpp:50:47: warning: ‘this’ pointer is null [-Wnonnull]
   50 |     static void failed() { ((Model*)0)->~Model(); }
      |                            ~~~~~~~~~~~~~~~~~~~^~
/usr/local/lib/R/site-library/BH/include/boost/concept/usage.hpp:20:5: note: in a call to non-static member function ‘boost::concepts::usage_requirements<Model>::~usage_requirements() [with Model = boost::range_detail::SinglePassIteratorConcept<__gnu_cxx::__normal_iterator<const char*, std::__cxx11::basic_string<char> > >]’
   20 |     ~usage_requirements() { ((Model*)0)->~Model(); }
      |     ^
/usr/local/lib/R/site-library/BH/include/boost/concept/detail/general.hpp: In instantiation of ‘static void boost::concepts::requirement<boost::concepts::failed************ Model::************>::failed() [with Model = boost::range_detail::SinglePassIteratorConcept<__gnu_cxx::__normal_iterator<const char*, std::__cxx11::basic_string<char> > >]’:
/usr/local/lib/R/site-library/BH/include/boost/range/concepts.hpp:280:9:   required from ‘struct boost::SinglePassRangeConcept<const boost::iterator_range<__gnu_cxx::__normal_iterator<const char*, std::__cxx11::basic_string<char> > > >’
/usr/local/lib/R/site-library/BH/include/boost/concept/detail/has_constraints.hpp:32:62:   required by substitution of ‘template<class Model> boost::concepts::detail::yes boost::concepts::detail::has_constraints_(Model*, wrap_constraints<Model, (& Model::constraints)>*) [with Model = boost::SinglePassRangeConcept<const boost::iterator_range<__gnu_cxx::__normal_iterator<const char*, std::__cxx11::basic_string<char> > > >]’
/usr/local/lib/R/site-library/BH/include/boost/concept/detail/has_constraints.hpp:42:5:   required from ‘const bool boost::concepts::not_satisfied<boost::SinglePassRangeConcept<const boost::iterator_range<__gnu_cxx::__normal_iterator<const char*, std::__cxx11::basic_string<char> > > > >::value’
/usr/local/lib/R/site-library/BH/include/boost/concept/detail/has_constraints.hpp:45:51:   required from ‘struct boost::concepts::not_satisfied<boost::SinglePassRangeConcept<const boost::iterator_range<__gnu_cxx::__normal_iterator<const char*, std::__cxx11::basic_string<char> > > > >’
/usr/local/lib/R/site-library/BH/include/boost/concept/detail/general.hpp:72:8:   required from ‘struct boost::concepts::requirement_<void (*)(boost::SinglePassRangeConcept<const boost::iterator_range<__gnu_cxx::__normal_iterator<const char*, std::__cxx11::basic_string<char> > > >)>’
/usr/local/lib/R/site-library/BH/include/boost/range/algorithm/equal.hpp:174:13:   [ skipping 7 instantiation contexts, use -ftemplate-backtrace-limit=0 to disable ]
/usr/local/lib/R/site-library/BH/include/boost/iterator/iterator_facade.hpp:824:1:   required from ‘typename boost::iterators::detail::enable_if_interoperable<Derived1, Derived2, boost::iterators::detail::always_bool_t<Derived1, Derived2> >::type boost::iterators::operator!=(const iterator_facade<Derived1, V1, TC1, Reference1, Difference1>&, const iterator_facade<Derived2, V2, TC2, Reference2, Difference2>&) [with Derived1 = transform_iterator<boost::algorithm::detail::copy_iterator_rangeF<std::__cxx11::basic_string<char>, __gnu_cxx::__normal_iterator<const char*, std::__cxx11::basic_string<char> > >, boost::algorithm::split_iterator<__gnu_cxx::__normal_iterator<const char*, std::__cxx11::basic_string<char> > >, boost::use_default, boost::use_default>; V1 = std::__cxx11::basic_string<char>; TC1 = forward_traversal_tag; Reference1 = std::__cxx11::basic_string<char>; Difference1 = long int; Derived2 = transform_iterator<boost::algorithm::detail::copy_iterator_rangeF<std::__cxx11::basic_string<char>, __gnu_cxx::__normal_iterator<const char*, std::__cxx11::basic_string<char> > >, boost::algorithm::split_iterator<__gnu_cxx::__normal_iterator<const char*, std::__cxx11::basic_string<char> > >, boost::use_default, boost::use_default>; V2 = std::__cxx11::basic_string<char>; TC2 = forward_traversal_tag; Reference2 = std::__cxx11::basic_string<char>; Difference2 = long int; typename detail::enable_if_interoperable<Derived1, Derived2, detail::always_bool_t<Derived1, Derived2> >::type = bool; detail::always_bool_t<Derived1, Derived2> = bool]’
/usr/include/c++/13/bits/stl_vector.h:1671:21:   required from ‘void std::vector<_Tp, _Alloc>::_M_range_initialize(_InputIterator, _InputIterator, std::input_iterator_tag) [with _InputIterator = boost::iterators::transform_iterator<boost::algorithm::detail::copy_iterator_rangeF<std::__cxx11::basic_string<char>, __gnu_cxx::__normal_iterator<const char*, std::__cxx11::basic_string<char> > >, boost::algorithm::split_iterator<__gnu_cxx::__normal_iterator<const char*, std::__cxx11::basic_string<char> > >, boost::use_default, boost::use_default>; _Tp = std::__cxx11::basic_string<char>; _Alloc = std::allocator<std::__cxx11::basic_string<char> >]’
/usr/include/c++/13/bits/stl_vector.h:711:23:   required from ‘std::vector<_Tp, _Alloc>::vector(_InputIterator, _InputIterator, const allocator_type&) [with _InputIterator = boost::iterators::transform_iterator<boost::algorithm::detail::copy_iterator_rangeF<std::__cxx11::basic_string<char>, __gnu_cxx::__normal_iterator<const char*, std::__cxx11::basic_string<char> > >, boost::algorithm::split_iterator<__gnu_cxx::__normal_iterator<const char*, std::__cxx11::basic_string<char> > >, boost::use_default, boost::use_default>; <template-parameter-2-2> = void; _Tp = std::__cxx11::basic_string<char>; _Alloc = std::allocator<std::__cxx11::basic_string<char> >; allocator_type = std::allocator<std::__cxx11::basic_string<char> >]’
/usr/local/lib/R/site-library/BH/include/boost/algorithm/string/iter_find.hpp:186:31:   required from ‘SequenceSequenceT& boost::algorithm::iter_split(SequenceSequenceT&, RangeT&&, FinderT) [with SequenceSequenceT = std::vector<std::__cxx11::basic_string<char> >; RangeT = const std::__cxx11::basic_string<char>&; FinderT = detail::token_finderF<detail::is_any_ofF<char> >]’
/usr/local/lib/R/site-library/BH/include/boost/algorithm/string/split.hpp:158:50:   required from ‘SequenceSequenceT& boost::algorithm::split(SequenceSequenceT&, RangeT&&, PredicateT, token_compress_mode_type) [with SequenceSequenceT = std::vector<std::__cxx11::basic_string<char> >; RangeT = const std::__cxx11::basic_string<char>&; PredicateT = detail::is_any_ofF<char>]’
anytime.cpp:249:17:   required from here
/usr/local/lib/R/site-library/BH/include/boost/concept/detail/general.hpp:50:47: warning: ‘this’ pointer is null [-Wnonnull]
   50 |     static void failed() { ((Model*)0)->~Model(); }
      |                            ~~~~~~~~~~~~~~~~~~~^~
/usr/local/lib/R/site-library/BH/include/boost/concept/usage.hpp:37:7: note: in a call to non-static member function ‘boost::range_detail::SinglePassIteratorConcept<Iterator>::~SinglePassIteratorConcept() [with Iterator = __gnu_cxx::__normal_iterator<const char*, std::__cxx11::basic_string<char> >]’
   37 |       ~model()
      |       ^
/usr/local/lib/R/site-library/BH/include/boost/range/concepts.hpp:160:13: note: in expansion of macro ‘BOOST_CONCEPT_USAGE’
  160 |             BOOST_CONCEPT_USAGE(SinglePassIteratorConcept)
      |             ^~~~~~~~~~~~~~~~~~~
/usr/local/lib/R/site-library/BH/include/boost/concept/detail/general.hpp: In instantiation of ‘static void boost::concepts::requirement<boost::concepts::failed************ Model::************>::failed() [with Model = boost::concepts::usage_requirements<boost::SinglePassRangeConcept<const boost::iterator_range<__gnu_cxx::__normal_iterator<const char*, std::__cxx11::basic_string<char> > > > >]’:
/usr/local/lib/R/site-library/BH/include/boost/range/concepts.hpp:286:9:   required from ‘struct boost::SinglePassRangeConcept<const boost::iterator_range<__gnu_cxx::__normal_iterator<const char*, std::__cxx11::basic_string<char> > > >’
/usr/local/lib/R/site-library/BH/include/boost/concept/detail/has_constraints.hpp:32:62:   required by substitution of ‘template<class Model> boost::concepts::detail::yes boost::concepts::detail::has_constraints_(Model*, wrap_constraints<Model, (& Model::constraints)>*) [with Model = boost::SinglePassRangeConcept<const boost::iterator_range<__gnu_cxx::__normal_iterator<const char*, std::__cxx11::basic_string<char> > > >]’
/usr/local/lib/R/site-library/BH/include/boost/concept/detail/has_constraints.hpp:42:5:   required from ‘const bool boost::concepts::not_satisfied<boost::SinglePassRangeConcept<const boost::iterator_range<__gnu_cxx::__normal_iterator<const char*, std::__cxx11::basic_string<char> > > > >::value’
/usr/local/lib/R/site-library/BH/include/boost/concept/detail/has_constraints.hpp:45:51:   required from ‘struct boost::concepts::not_satisfied<boost::SinglePassRangeConcept<const boost::iterator_range<__gnu_cxx::__normal_iterator<const char*, std::__cxx11::basic_string<char> > > > >’
/usr/local/lib/R/site-library/BH/include/boost/concept/detail/general.hpp:72:8:   required from ‘struct boost::concepts::requirement_<void (*)(boost::SinglePassRangeConcept<const boost::iterator_range<__gnu_cxx::__normal_iterator<const char*, std::__cxx11::basic_string<char> > > >)>’
/usr/local/lib/R/site-library/BH/include/boost/range/algorithm/equal.hpp:174:13:   [ skipping 7 instantiation contexts, use -ftemplate-backtrace-limit=0 to disable ]
/usr/local/lib/R/site-library/BH/include/boost/iterator/iterator_facade.hpp:824:1:   required from ‘typename boost::iterators::detail::enable_if_interoperable<Derived1, Derived2, boost::iterators::detail::always_bool_t<Derived1, Derived2> >::type boost::iterators::operator!=(const iterator_facade<Derived1, V1, TC1, Reference1, Difference1>&, const iterator_facade<Derived2, V2, TC2, Reference2, Difference2>&) [with Derived1 = transform_iterator<boost::algorithm::detail::copy_iterator_rangeF<std::__cxx11::basic_string<char>, __gnu_cxx::__normal_iterator<const char*, std::__cxx11::basic_string<char> > >, boost::algorithm::split_iterator<__gnu_cxx::__normal_iterator<const char*, std::__cxx11::basic_string<char> > >, boost::use_default, boost::use_default>; V1 = std::__cxx11::basic_string<char>; TC1 = forward_traversal_tag; Reference1 = std::__cxx11::basic_string<char>; Difference1 = long int; Derived2 = transform_iterator<boost::algorithm::detail::copy_iterator_rangeF<std::__cxx11::basic_string<char>, __gnu_cxx::__normal_iterator<const char*, std::__cxx11::basic_string<char> > >, boost::algorithm::split_iterator<__gnu_cxx::__normal_iterator<const char*, std::__cxx11::basic_string<char> > >, boost::use_default, boost::use_default>; V2 = std::__cxx11::basic_string<char>; TC2 = forward_traversal_tag; Reference2 = std::__cxx11::basic_string<char>; Difference2 = long int; typename detail::enable_if_interoperable<Derived1, Derived2, detail::always_bool_t<Derived1, Derived2> >::type = bool; detail::always_bool_t<Derived1, Derived2> = bool]’
/usr/include/c++/13/bits/stl_vector.h:1671:21:   required from ‘void std::vector<_Tp, _Alloc>::_M_range_initialize(_InputIterator, _InputIterator, std::input_iterator_tag) [with _InputIterator = boost::iterators::transform_iterator<boost::algorithm::detail::copy_iterator_rangeF<std::__cxx11::basic_string<char>, __gnu_cxx::__normal_iterator<const char*, std::__cxx11::basic_string<char> > >, boost::algorithm::split_iterator<__gnu_cxx::__normal_iterator<const char*, std::__cxx11::basic_string<char> > >, boost::use_default, boost::use_default>; _Tp = std::__cxx11::basic_string<char>; _Alloc = std::allocator<std::__cxx11::basic_string<char> >]’
/usr/include/c++/13/bits/stl_vector.h:711:23:   required from ‘std::vector<_Tp, _Alloc>::vector(_InputIterator, _InputIterator, const allocator_type&) [with _InputIterator = boost::iterators::transform_iterator<boost::algorithm::detail::copy_iterator_rangeF<std::__cxx11::basic_string<char>, __gnu_cxx::__normal_iterator<const char*, std::__cxx11::basic_string<char> > >, boost::algorithm::split_iterator<__gnu_cxx::__normal_iterator<const char*, std::__cxx11::basic_string<char> > >, boost::use_default, boost::use_default>; <template-parameter-2-2> = void; _Tp = std::__cxx11::basic_string<char>; _Alloc = std::allocator<std::__cxx11::basic_string<char> >; allocator_type = std::allocator<std::__cxx11::basic_string<char> >]’
/usr/local/lib/R/site-library/BH/include/boost/algorithm/string/iter_find.hpp:186:31:   required from ‘SequenceSequenceT& boost::algorithm::iter_split(SequenceSequenceT&, RangeT&&, FinderT) [with SequenceSequenceT = std::vector<std::__cxx11::basic_string<char> >; RangeT = const std::__cxx11::basic_string<char>&; FinderT = detail::token_finderF<detail::is_any_ofF<char> >]’
/usr/local/lib/R/site-library/BH/include/boost/algorithm/string/split.hpp:158:50:   required from ‘SequenceSequenceT& boost::algorithm::split(SequenceSequenceT&, RangeT&&, PredicateT, token_compress_mode_type) [with SequenceSequenceT = std::vector<std::__cxx11::basic_string<char> >; RangeT = const std::__cxx11::basic_string<char>&; PredicateT = detail::is_any_ofF<char>]’
anytime.cpp:249:17:   required from here
/usr/local/lib/R/site-library/BH/include/boost/concept/detail/general.hpp:50:47: warning: ‘this’ pointer is null [-Wnonnull]
   50 |     static void failed() { ((Model*)0)->~Model(); }
      |                            ~~~~~~~~~~~~~~~~~~~^~
/usr/local/lib/R/site-library/BH/include/boost/concept/usage.hpp:20:5: note: in a call to non-static member function ‘boost::concepts::usage_requirements<Model>::~usage_requirements() [with Model = boost::SinglePassRangeConcept<const boost::iterator_range<__gnu_cxx::__normal_iterator<const char*, std::__cxx11::basic_string<char> > > >]’
   20 |     ~usage_requirements() { ((Model*)0)->~Model(); }
      |     ^
/usr/local/lib/R/site-library/BH/include/boost/concept/detail/general.hpp: In instantiation of ‘static void boost::concepts::requirement<boost::concepts::failed************ Model::************>::failed() [with Model = boost::SinglePassRangeConcept<const boost::iterator_range<__gnu_cxx::__normal_iterator<const char*, std::__cxx11::basic_string<char> > > >]’:
/usr/local/lib/R/site-library/BH/include/boost/range/algorithm/equal.hpp:174:13:   required from ‘bool boost::range::equal(const SinglePassRange1&, const SinglePassRange2&) [with SinglePassRange1 = boost::iterator_range<__gnu_cxx::__normal_iterator<const char*, std::__cxx11::basic_string<char> > >; SinglePassRange2 = boost::iterator_range<__gnu_cxx::__normal_iterator<const char*, std::__cxx11::basic_string<char> > >]’
/usr/local/lib/R/site-library/BH/include/boost/range/iterator_range_core.hpp:647:32:   required from ‘bool boost::operator==(const iterator_range<IteratorT>&, const iterator_range<Iterator2T>&) [with Iterator1T = __gnu_cxx::__normal_iterator<const char*, std::__cxx11::basic_string<char> >; Iterator2T = __gnu_cxx::__normal_iterator<const char*, std::__cxx11::basic_string<char> >]’
/usr/local/lib/R/site-library/BH/include/boost/algorithm/string/find_iterator.hpp:359:32:   required from ‘bool boost::algorithm::split_iterator<IteratorT>::equal(const boost::algorithm::split_iterator<IteratorT>&) const [with IteratorT = __gnu_cxx::__normal_iterator<const char*, std::__cxx11::basic_string<char> >]’
/usr/local/lib/R/site-library/BH/include/boost/iterator/iterator_facade.hpp:518:24:   required from ‘static bool boost::iterators::iterator_core_access::equal(const Facade1&, const Facade2&, std::true_type) [with Facade1 = boost::algorithm::split_iterator<__gnu_cxx::__normal_iterator<const char*, std::__cxx11::basic_string<char> > >; Facade2 = boost::algorithm::split_iterator<__gnu_cxx::__normal_iterator<const char*, std::__cxx11::basic_string<char> > >; std::true_type = std::integral_constant<bool, true>]’
/usr/local/lib/R/site-library/BH/include/boost/iterator/iterator_facade.hpp:823:1:   required from ‘typename boost::iterators::detail::enable_if_interoperable<Derived1, Derived2, boost::iterators::detail::always_bool_t<Derived1, Derived2> >::type boost::iterators::operator==(const iterator_facade<Derived1, V1, TC1, Reference1, Difference1>&, const iterator_facade<Derived2, V2, TC2, Reference2, Difference2>&) [with Derived1 = boost::algorithm::split_iterator<__gnu_cxx::__normal_iterator<const char*, std::__cxx11::basic_string<char> > >; V1 = const boost::iterator_range<__gnu_cxx::__normal_iterator<const char*, std::__cxx11::basic_string<char> > >; TC1 = forward_traversal_tag; Reference1 = const boost::iterator_range<__gnu_cxx::__normal_iterator<const char*, std::__cxx11::basic_string<char> > >&; Difference1 = long int; Derived2 = boost::algorithm::split_iterator<__gnu_cxx::__normal_iterator<const char*, std::__cxx11::basic_string<char> > >; V2 = const boost::iterator_range<__gnu_cxx::__normal_iterator<const char*, std::__cxx11::basic_string<char> > >; TC2 = forward_traversal_tag; Reference2 = const boost::iterator_range<__gnu_cxx::__normal_iterator<const char*, std::__cxx11::basic_string<char> > >&; Difference2 = long int; typename detail::enable_if_interoperable<Derived1, Derived2, detail::always_bool_t<Derived1, Derived2> >::type = bool; detail::always_bool_t<Derived1, Derived2> = bool]’
/usr/local/lib/R/site-library/BH/include/boost/iterator/iterator_adaptor.hpp:166:27:   [ skipping 2 instantiation contexts, use -ftemplate-backtrace-limit=0 to disable ]
/usr/local/lib/R/site-library/BH/include/boost/iterator/iterator_facade.hpp:824:1:   required from ‘typename boost::iterators::detail::enable_if_interoperable<Derived1, Derived2, boost::iterators::detail::always_bool_t<Derived1, Derived2> >::type boost::iterators::operator!=(const iterator_facade<Derived1, V1, TC1, Reference1, Difference1>&, const iterator_facade<Derived2, V2, TC2, Reference2, Difference2>&) [with Derived1 = transform_iterator<boost::algorithm::detail::copy_iterator_rangeF<std::__cxx11::basic_string<char>, __gnu_cxx::__normal_iterator<const char*, std::__cxx11::basic_string<char> > >, boost::algorithm::split_iterator<__gnu_cxx::__normal_iterator<const char*, std::__cxx11::basic_string<char> > >, boost::use_default, boost::use_default>; V1 = std::__cxx11::basic_string<char>; TC1 = forward_traversal_tag; Reference1 = std::__cxx11::basic_string<char>; Difference1 = long int; Derived2 = transform_iterator<boost::algorithm::detail::copy_iterator_rangeF<std::__cxx11::basic_string<char>, __gnu_cxx::__normal_iterator<const char*, std::__cxx11::basic_string<char> > >, boost::algorithm::split_iterator<__gnu_cxx::__normal_iterator<const char*, std::__cxx11::basic_string<char> > >, boost::use_default, boost::use_default>; V2 = std::__cxx11::basic_string<char>; TC2 = forward_traversal_tag; Reference2 = std::__cxx11::basic_string<char>; Difference2 = long int; typename detail::enable_if_interoperable<Derived1, Derived2, detail::always_bool_t<Derived1, Derived2> >::type = bool; detail::always_bool_t<Derived1, Derived2> = bool]’
/usr/include/c++/13/bits/stl_vector.h:1671:21:   required from ‘void std::vector<_Tp, _Alloc>::_M_range_initialize(_InputIterator, _InputIterator, std::input_iterator_tag) [with _InputIterator = boost::iterators::transform_iterator<boost::algorithm::detail::copy_iterator_rangeF<std::__cxx11::basic_string<char>, __gnu_cxx::__normal_iterator<const char*, std::__cxx11::basic_string<char> > >, boost::algorithm::split_iterator<__gnu_cxx::__normal_iterator<const char*, std::__cxx11::basic_string<char> > >, boost::use_default, boost::use_default>; _Tp = std::__cxx11::basic_string<char>; _Alloc = std::allocator<std::__cxx11::basic_string<char> >]’
/usr/include/c++/13/bits/stl_vector.h:711:23:   required from ‘std::vector<_Tp, _Alloc>::vector(_InputIterator, _InputIterator, const allocator_type&) [with _InputIterator = boost::iterators::transform_iterator<boost::algorithm::detail::copy_iterator_rangeF<std::__cxx11::basic_string<char>, __gnu_cxx::__normal_iterator<const char*, std::__cxx11::basic_string<char> > >, boost::algorithm::split_iterator<__gnu_cxx::__normal_iterator<const char*, std::__cxx11::basic_string<char> > >, boost::use_default, boost::use_default>; <template-parameter-2-2> = void; _Tp = std::__cxx11::basic_string<char>; _Alloc = std::allocator<std::__cxx11::basic_string<char> >; allocator_type = std::allocator<std::__cxx11::basic_string<char> >]’
/usr/local/lib/R/site-library/BH/include/boost/algorithm/string/iter_find.hpp:186:31:   required from ‘SequenceSequenceT& boost::algorithm::iter_split(SequenceSequenceT&, RangeT&&, FinderT) [with SequenceSequenceT = std::vector<std::__cxx11::basic_string<char> >; RangeT = const std::__cxx11::basic_string<char>&; FinderT = detail::token_finderF<detail::is_any_ofF<char> >]’
/usr/local/lib/R/site-library/BH/include/boost/algorithm/string/split.hpp:158:50:   required from ‘SequenceSequenceT& boost::algorithm::split(SequenceSequenceT&, RangeT&&, PredicateT, token_compress_mode_type) [with SequenceSequenceT = std::vector<std::__cxx11::basic_string<char> >; RangeT = const std::__cxx11::basic_string<char>&; PredicateT = detail::is_any_ofF<char>]’
anytime.cpp:249:17:   required from here
/usr/local/lib/R/site-library/BH/include/boost/concept/detail/general.hpp:50:47: warning: ‘this’ pointer is null [-Wnonnull]
   50 |     static void failed() { ((Model*)0)->~Model(); }
      |                            ~~~~~~~~~~~~~~~~~~~^~
/usr/local/lib/R/site-library/BH/include/boost/concept/usage.hpp:37:7: note: in a call to non-static member function ‘boost::SinglePassRangeConcept<T>::~SinglePassRangeConcept() [with T = const boost::iterator_range<__gnu_cxx::__normal_iterator<const char*, std::__cxx11::basic_string<char> > >]’
   37 |       ~model()
      |       ^
/usr/local/lib/R/site-library/BH/include/boost/range/concepts.hpp:286:9: note: in expansion of macro ‘BOOST_CONCEPT_USAGE’
  286 |         BOOST_CONCEPT_USAGE(SinglePassRangeConcept)
      |         ^~~~~~~~~~~~~~~~~~~
/usr/local/lib/R/site-library/BH/include/boost/concept/usage.hpp: In instantiation of ‘boost::concepts::usage_requirements<Model>::~usage_requirements() [with Model = boost::CopyConstructible<__gnu_cxx::__normal_iterator<const char*, std::__cxx11::basic_string<char> > >]’:
/usr/local/lib/R/site-library/BH/include/boost/concept/detail/general.hpp:50:47:   required from ‘static void boost::concepts::requirement<boost::concepts::failed************ Model::************>::failed() [with Model = boost::concepts::usage_requirements<boost::CopyConstructible<__gnu_cxx::__normal_iterator<const char*, std::__cxx11::basic_string<char> > > >]’
/usr/local/lib/R/site-library/BH/include/boost/concept_check.hpp:167:5:   required from ‘struct boost::CopyConstructible<__gnu_cxx::__normal_iterator<const char*, std::__cxx11::basic_string<char> > >’
/usr/local/lib/R/site-library/BH/include/boost/range/concepts.hpp:127:16:   required from ‘struct boost::range_detail::IncrementableIteratorConcept<__gnu_cxx::__normal_iterator<const char*, std::__cxx11::basic_string<char> > >’
/usr/local/lib/R/site-library/BH/include/boost/range/concepts.hpp:149:16:   required from ‘struct boost::range_detail::SinglePassIteratorConcept<__gnu_cxx::__normal_iterator<const char*, std::__cxx11::basic_string<char> > >’
/usr/local/lib/R/site-library/BH/include/boost/concept/detail/has_constraints.hpp:32:62:   required by substitution of ‘template<class Model> boost::concepts::detail::yes boost::concepts::detail::has_constraints_(Model*, wrap_constraints<Model, (& Model::constraints)>*) [with Model = boost::range_detail::SinglePassIteratorConcept<__gnu_cxx::__normal_iterator<const char*, std::__cxx11::basic_string<char> > >]’
/usr/local/lib/R/site-library/BH/include/boost/concept/detail/has_constraints.hpp:42:5:   [ skipping 15 instantiation contexts, use -ftemplate-backtrace-limit=0 to disable ]
/usr/local/lib/R/site-library/BH/include/boost/iterator/iterator_facade.hpp:824:1:   required from ‘typename boost::iterators::detail::enable_if_interoperable<Derived1, Derived2, boost::iterators::detail::always_bool_t<Derived1, Derived2> >::type boost::iterators::operator!=(const iterator_facade<Derived1, V1, TC1, Reference1, Difference1>&, const iterator_facade<Derived2, V2, TC2, Reference2, Difference2>&) [with Derived1 = transform_iterator<boost::algorithm::detail::copy_iterator_rangeF<std::__cxx11::basic_string<char>, __gnu_cxx::__normal_iterator<const char*, std::__cxx11::basic_string<char> > >, boost::algorithm::split_iterator<__gnu_cxx::__normal_iterator<const char*, std::__cxx11::basic_string<char> > >, boost::use_default, boost::use_default>; V1 = std::__cxx11::basic_string<char>; TC1 = forward_traversal_tag; Reference1 = std::__cxx11::basic_string<char>; Difference1 = long int; Derived2 = transform_iterator<boost::algorithm::detail::copy_iterator_rangeF<std::__cxx11::basic_string<char>, __gnu_cxx::__normal_iterator<const char*, std::__cxx11::basic_string<char> > >, boost::algorithm::split_iterator<__gnu_cxx::__normal_iterator<const char*, std::__cxx11::basic_string<char> > >, boost::use_default, boost::use_default>; V2 = std::__cxx11::basic_string<char>; TC2 = forward_traversal_tag; Reference2 = std::__cxx11::basic_string<char>; Difference2 = long int; typename detail::enable_if_interoperable<Derived1, Derived2, detail::always_bool_t<Derived1, Derived2> >::type = bool; detail::always_bool_t<Derived1, Derived2> = bool]’
/usr/include/c++/13/bits/stl_vector.h:1671:21:   required from ‘void std::vector<_Tp, _Alloc>::_M_range_initialize(_InputIterator, _InputIterator, std::input_iterator_tag) [with _InputIterator = boost::iterators::transform_iterator<boost::algorithm::detail::copy_iterator_rangeF<std::__cxx11::basic_string<char>, __gnu_cxx::__normal_iterator<const char*, std::__cxx11::basic_string<char> > >, boost::algorithm::split_iterator<__gnu_cxx::__normal_iterator<const char*, std::__cxx11::basic_string<char> > >, boost::use_default, boost::use_default>; _Tp = std::__cxx11::basic_string<char>; _Alloc = std::allocator<std::__cxx11::basic_string<char> >]’
/usr/include/c++/13/bits/stl_vector.h:711:23:   required from ‘std::vector<_Tp, _Alloc>::vector(_InputIterator, _InputIterator, const allocator_type&) [with _InputIterator = boost::iterators::transform_iterator<boost::algorithm::detail::copy_iterator_rangeF<std::__cxx11::basic_string<char>, __gnu_cxx::__normal_iterator<const char*, std::__cxx11::basic_string<char> > >, boost::algorithm::split_iterator<__gnu_cxx::__normal_iterator<const char*, std::__cxx11::basic_string<char> > >, boost::use_default, boost::use_default>; <template-parameter-2-2> = void; _Tp = std::__cxx11::basic_string<char>; _Alloc = std::allocator<std::__cxx11::basic_string<char> >; allocator_type = std::allocator<std::__cxx11::basic_string<char> >]’
/usr/local/lib/R/site-library/BH/include/boost/algorithm/string/iter_find.hpp:186:31:   required from ‘SequenceSequenceT& boost::algorithm::iter_split(SequenceSequenceT&, RangeT&&, FinderT) [with SequenceSequenceT = std::vector<std::__cxx11::basic_string<char> >; RangeT = const std::__cxx11::basic_string<char>&; FinderT = detail::token_finderF<detail::is_any_ofF<char> >]’
/usr/local/lib/R/site-library/BH/include/boost/algorithm/string/split.hpp:158:50:   required from ‘SequenceSequenceT& boost::algorithm::split(SequenceSequenceT&, RangeT&&, PredicateT, token_compress_mode_type) [with SequenceSequenceT = std::vector<std::__cxx11::basic_string<char> >; RangeT = const std::__cxx11::basic_string<char>&; PredicateT = detail::is_any_ofF<char>]’
anytime.cpp:249:17:   required from here
/usr/local/lib/R/site-library/BH/include/boost/concept/usage.hpp:20:48: warning: ‘this’ pointer is null [-Wnonnull]
   20 |     ~usage_requirements() { ((Model*)0)->~Model(); }
      |                             ~~~~~~~~~~~~~~~~~~~^~
/usr/local/lib/R/site-library/BH/include/boost/concept/usage.hpp:37:7: note: in a call to non-static member function ‘boost::CopyConstructible<TT>::~CopyConstructible() [with TT = __gnu_cxx::__normal_iterator<const char*, std::__cxx11::basic_string<char> >]’
   37 |       ~model()
      |       ^
/usr/local/lib/R/site-library/BH/include/boost/concept_check.hpp:167:5: note: in expansion of macro ‘BOOST_CONCEPT_USAGE’
  167 |     BOOST_CONCEPT_USAGE(CopyConstructible) {
      |     ^~~~~~~~~~~~~~~~~~~
/usr/local/lib/R/site-library/BH/include/boost/concept/usage.hpp: In instantiation of ‘boost::concepts::usage_requirements<Model>::~usage_requirements() [with Model = boost::Convertible<boost::iterators::random_access_traversal_tag, boost::iterators::incrementable_traversal_tag>]’:
/usr/local/lib/R/site-library/BH/include/boost/concept/detail/general.hpp:50:47:   required from ‘static void boost::concepts::requirement<boost::concepts::failed************ Model::************>::failed() [with Model = boost::concepts::usage_requirements<boost::Convertible<boost::iterators::random_access_traversal_tag, boost::iterators::incrementable_traversal_tag> >]’
/usr/local/lib/R/site-library/BH/include/boost/concept_check.hpp:208:5:   required from ‘struct boost::Convertible<boost::iterators::random_access_traversal_tag, boost::iterators::incrementable_traversal_tag>’
/usr/local/lib/R/site-library/BH/include/boost/concept/detail/has_constraints.hpp:32:62:   required by substitution of ‘template<class Model> boost::concepts::detail::yes boost::concepts::detail::has_constraints_(Model*, wrap_constraints<Model, (& Model::constraints)>*) [with Model = boost::Convertible<boost::iterators::random_access_traversal_tag, boost::iterators::incrementable_traversal_tag>]’
/usr/local/lib/R/site-library/BH/include/boost/concept/detail/has_constraints.hpp:42:5:   required from ‘const bool boost::concepts::not_satisfied<boost::Convertible<boost::iterators::random_access_traversal_tag, boost::iterators::incrementable_traversal_tag> >::value’
/usr/local/lib/R/site-library/BH/include/boost/concept/detail/has_constraints.hpp:45:51:   required from ‘struct boost::concepts::not_satisfied<boost::Convertible<boost::iterators::random_access_traversal_tag, boost::iterators::incrementable_traversal_tag> >’
/usr/local/lib/R/site-library/BH/include/boost/concept/detail/general.hpp:72:8:   [ skipping 19 instantiation contexts, use -ftemplate-backtrace-limit=0 to disable ]
/usr/local/lib/R/site-library/BH/include/boost/iterator/iterator_facade.hpp:824:1:   required from ‘typename boost::iterators::detail::enable_if_interoperable<Derived1, Derived2, boost::iterators::detail::always_bool_t<Derived1, Derived2> >::type boost::iterators::operator!=(const iterator_facade<Derived1, V1, TC1, Reference1, Difference1>&, const iterator_facade<Derived2, V2, TC2, Reference2, Difference2>&) [with Derived1 = transform_iterator<boost::algorithm::detail::copy_iterator_rangeF<std::__cxx11::basic_string<char>, __gnu_cxx::__normal_iterator<const char*, std::__cxx11::basic_string<char> > >, boost::algorithm::split_iterator<__gnu_cxx::__normal_iterator<const char*, std::__cxx11::basic_string<char> > >, boost::use_default, boost::use_default>; V1 = std::__cxx11::basic_string<char>; TC1 = forward_traversal_tag; Reference1 = std::__cxx11::basic_string<char>; Difference1 = long int; Derived2 = transform_iterator<boost::algorithm::detail::copy_iterator_rangeF<std::__cxx11::basic_string<char>, __gnu_cxx::__normal_iterator<const char*, std::__cxx11::basic_string<char> > >, boost::algorithm::split_iterator<__gnu_cxx::__normal_iterator<const char*, std::__cxx11::basic_string<char> > >, boost::use_default, boost::use_default>; V2 = std::__cxx11::basic_string<char>; TC2 = forward_traversal_tag; Reference2 = std::__cxx11::basic_string<char>; Difference2 = long int; typename detail::enable_if_interoperable<Derived1, Derived2, detail::always_bool_t<Derived1, Derived2> >::type = bool; detail::always_bool_t<Derived1, Derived2> = bool]’
/usr/include/c++/13/bits/stl_vector.h:1671:21:   required from ‘void std::vector<_Tp, _Alloc>::_M_range_initialize(_InputIterator, _InputIterator, std::input_iterator_tag) [with _InputIterator = boost::iterators::transform_iterator<boost::algorithm::detail::copy_iterator_rangeF<std::__cxx11::basic_string<char>, __gnu_cxx::__normal_iterator<const char*, std::__cxx11::basic_string<char> > >, boost::algorithm::split_iterator<__gnu_cxx::__normal_iterator<const char*, std::__cxx11::basic_string<char> > >, boost::use_default, boost::use_default>; _Tp = std::__cxx11::basic_string<char>; _Alloc = std::allocator<std::__cxx11::basic_string<char> >]’
/usr/include/c++/13/bits/stl_vector.h:711:23:   required from ‘std::vector<_Tp, _Alloc>::vector(_InputIterator, _InputIterator, const allocator_type&) [with _InputIterator = boost::iterators::transform_iterator<boost::algorithm::detail::copy_iterator_rangeF<std::__cxx11::basic_string<char>, __gnu_cxx::__normal_iterator<const char*, std::__cxx11::basic_string<char> > >, boost::algorithm::split_iterator<__gnu_cxx::__normal_iterator<const char*, std::__cxx11::basic_string<char> > >, boost::use_default, boost::use_default>; <template-parameter-2-2> = void; _Tp = std::__cxx11::basic_string<char>; _Alloc = std::allocator<std::__cxx11::basic_string<char> >; allocator_type = std::allocator<std::__cxx11::basic_string<char> >]’
/usr/local/lib/R/site-library/BH/include/boost/algorithm/string/iter_find.hpp:186:31:   required from ‘SequenceSequenceT& boost::algorithm::iter_split(SequenceSequenceT&, RangeT&&, FinderT) [with SequenceSequenceT = std::vector<std::__cxx11::basic_string<char> >; RangeT = const std::__cxx11::basic_string<char>&; FinderT = detail::token_finderF<detail::is_any_ofF<char> >]’
/usr/local/lib/R/site-library/BH/include/boost/algorithm/string/split.hpp:158:50:   required from ‘SequenceSequenceT& boost::algorithm::split(SequenceSequenceT&, RangeT&&, PredicateT, token_compress_mode_type) [with SequenceSequenceT = std::vector<std::__cxx11::basic_string<char> >; RangeT = const std::__cxx11::basic_string<char>&; PredicateT = detail::is_any_ofF<char>]’
anytime.cpp:249:17:   required from here
/usr/local/lib/R/site-library/BH/include/boost/concept/usage.hpp:20:48: warning: ‘this’ pointer is null [-Wnonnull]
   20 |     ~usage_requirements() { ((Model*)0)->~Model(); }
      |                             ~~~~~~~~~~~~~~~~~~~^~
/usr/local/lib/R/site-library/BH/include/boost/concept/usage.hpp:37:7: note: in a call to non-static member function ‘boost::Convertible<X, Y>::~Convertible() [with X = boost::iterators::random_access_traversal_tag; Y = boost::iterators::incrementable_traversal_tag]’
   37 |       ~model()
      |       ^
/usr/local/lib/R/site-library/BH/include/boost/concept_check.hpp:208:5: note: in expansion of macro ‘BOOST_CONCEPT_USAGE’
  208 |     BOOST_CONCEPT_USAGE(Convertible) {
      |     ^~~~~~~~~~~~~~~~~~~
/usr/local/lib/R/site-library/BH/include/boost/concept/usage.hpp: In instantiation of ‘boost::concepts::usage_requirements<Model>::~usage_requirements() [with Model = boost::range_detail::IncrementableIteratorConcept<__gnu_cxx::__normal_iterator<const char*, std::__cxx11::basic_string<char> > >]’:
/usr/local/lib/R/site-library/BH/include/boost/concept/detail/general.hpp:50:47:   required from ‘static void boost::concepts::requirement<boost::concepts::failed************ Model::************>::failed() [with Model = boost::concepts::usage_requirements<boost::range_detail::IncrementableIteratorConcept<__gnu_cxx::__normal_iterator<const char*, std::__cxx11::basic_string<char> > > >]’
/usr/local/lib/R/site-library/BH/include/boost/range/concepts.hpp:138:13:   required from ‘struct boost::range_detail::IncrementableIteratorConcept<__gnu_cxx::__normal_iterator<const char*, std::__cxx11::basic_string<char> > >’
/usr/local/lib/R/site-library/BH/include/boost/range/concepts.hpp:149:16:   required from ‘struct boost::range_detail::SinglePassIteratorConcept<__gnu_cxx::__normal_iterator<const char*, std::__cxx11::basic_string<char> > >’
/usr/local/lib/R/site-library/BH/include/boost/concept/detail/has_constraints.hpp:32:62:   required by substitution of ‘template<class Model> boost::concepts::detail::yes boost::concepts::detail::has_constraints_(Model*, wrap_constraints<Model, (& Model::constraints)>*) [with Model = boost::range_detail::SinglePassIteratorConcept<__gnu_cxx::__normal_iterator<const char*, std::__cxx11::basic_string<char> > >]’
/usr/local/lib/R/site-library/BH/include/boost/concept/detail/has_constraints.hpp:42:5:   required from ‘const bool boost::concepts::not_satisfied<boost::range_detail::SinglePassIteratorConcept<__gnu_cxx::__normal_iterator<const char*, std::__cxx11::basic_string<char> > > >::value’
/usr/local/lib/R/site-library/BH/include/boost/concept/detail/has_constraints.hpp:45:51:   [ skipping 14 instantiation contexts, use -ftemplate-backtrace-limit=0 to disable ]
/usr/local/lib/R/site-library/BH/include/boost/iterator/iterator_facade.hpp:824:1:   required from ‘typename boost::iterators::detail::enable_if_interoperable<Derived1, Derived2, boost::iterators::detail::always_bool_t<Derived1, Derived2> >::type boost::iterators::operator!=(const iterator_facade<Derived1, V1, TC1, Reference1, Difference1>&, const iterator_facade<Derived2, V2, TC2, Reference2, Difference2>&) [with Derived1 = transform_iterator<boost::algorithm::detail::copy_iterator_rangeF<std::__cxx11::basic_string<char>, __gnu_cxx::__normal_iterator<const char*, std::__cxx11::basic_string<char> > >, boost::algorithm::split_iterator<__gnu_cxx::__normal_iterator<const char*, std::__cxx11::basic_string<char> > >, boost::use_default, boost::use_default>; V1 = std::__cxx11::basic_string<char>; TC1 = forward_traversal_tag; Reference1 = std::__cxx11::basic_string<char>; Difference1 = long int; Derived2 = transform_iterator<boost::algorithm::detail::copy_iterator_rangeF<std::__cxx11::basic_string<char>, __gnu_cxx::__normal_iterator<const char*, std::__cxx11::basic_string<char> > >, boost::algorithm::split_iterator<__gnu_cxx::__normal_iterator<const char*, std::__cxx11::basic_string<char> > >, boost::use_default, boost::use_default>; V2 = std::__cxx11::basic_string<char>; TC2 = forward_traversal_tag; Reference2 = std::__cxx11::basic_string<char>; Difference2 = long int; typename detail::enable_if_interoperable<Derived1, Derived2, detail::always_bool_t<Derived1, Derived2> >::type = bool; detail::always_bool_t<Derived1, Derived2> = bool]’
/usr/include/c++/13/bits/stl_vector.h:1671:21:   required from ‘void std::vector<_Tp, _Alloc>::_M_range_initialize(_InputIterator, _InputIterator, std::input_iterator_tag) [with _InputIterator = boost::iterators::transform_iterator<boost::algorithm::detail::copy_iterator_rangeF<std::__cxx11::basic_string<char>, __gnu_cxx::__normal_iterator<const char*, std::__cxx11::basic_string<char> > >, boost::algorithm::split_iterator<__gnu_cxx::__normal_iterator<const char*, std::__cxx11::basic_string<char> > >, boost::use_default, boost::use_default>; _Tp = std::__cxx11::basic_string<char>; _Alloc = std::allocator<std::__cxx11::basic_string<char> >]’
/usr/include/c++/13/bits/stl_vector.h:711:23:   required from ‘std::vector<_Tp, _Alloc>::vector(_InputIterator, _InputIterator, const allocator_type&) [with _InputIterator = boost::iterators::transform_iterator<boost::algorithm::detail::copy_iterator_rangeF<std::__cxx11::basic_string<char>, __gnu_cxx::__normal_iterator<const char*, std::__cxx11::basic_string<char> > >, boost::algorithm::split_iterator<__gnu_cxx::__normal_iterator<const char*, std::__cxx11::basic_string<char> > >, boost::use_default, boost::use_default>; <template-parameter-2-2> = void; _Tp = std::__cxx11::basic_string<char>; _Alloc = std::allocator<std::__cxx11::basic_string<char> >; allocator_type = std::allocator<std::__cxx11::basic_string<char> >]’
/usr/local/lib/R/site-library/BH/include/boost/algorithm/string/iter_find.hpp:186:31:   required from ‘SequenceSequenceT& boost::algorithm::iter_split(SequenceSequenceT&, RangeT&&, FinderT) [with SequenceSequenceT = std::vector<std::__cxx11::basic_string<char> >; RangeT = const std::__cxx11::basic_string<char>&; FinderT = detail::token_finderF<detail::is_any_ofF<char> >]’
/usr/local/lib/R/site-library/BH/include/boost/algorithm/string/split.hpp:158:50:   required from ‘SequenceSequenceT& boost::algorithm::split(SequenceSequenceT&, RangeT&&, PredicateT, token_compress_mode_type) [with SequenceSequenceT = std::vector<std::__cxx11::basic_string<char> >; RangeT = const std::__cxx11::basic_string<char>&; PredicateT = detail::is_any_ofF<char>]’
anytime.cpp:249:17:   required from here
/usr/local/lib/R/site-library/BH/include/boost/concept/usage.hpp:20:48: warning: ‘this’ pointer is null [-Wnonnull]
   20 |     ~usage_requirements() { ((Model*)0)->~Model(); }
      |                             ~~~~~~~~~~~~~~~~~~~^~
/usr/local/lib/R/site-library/BH/include/boost/concept/usage.hpp:37:7: note: in a call to non-static member function ‘boost::range_detail::IncrementableIteratorConcept<Iterator>::~IncrementableIteratorConcept() [with Iterator = __gnu_cxx::__normal_iterator<const char*, std::__cxx11::basic_string<char> >]’
   37 |       ~model()
      |       ^
/usr/local/lib/R/site-library/BH/include/boost/range/concepts.hpp:138:13: note: in expansion of macro ‘BOOST_CONCEPT_USAGE’
  138 |             BOOST_CONCEPT_USAGE(IncrementableIteratorConcept)
      |             ^~~~~~~~~~~~~~~~~~~
/usr/local/lib/R/site-library/BH/include/boost/concept/usage.hpp: In instantiation of ‘boost::concepts::usage_requirements<Model>::~usage_requirements() [with Model = boost::EqualityComparable<__gnu_cxx::__normal_iterator<const char*, std::__cxx11::basic_string<char> > >]’:
/usr/local/lib/R/site-library/BH/include/boost/concept/detail/general.hpp:50:47:   required from ‘static void boost::concepts::requirement<boost::concepts::failed************ Model::************>::failed() [with Model = boost::concepts::usage_requirements<boost::EqualityComparable<__gnu_cxx::__normal_iterator<const char*, std::__cxx11::basic_string<char> > > >]’
/usr/local/lib/R/site-library/BH/include/boost/concept_check.hpp:233:5:   required from ‘struct boost::EqualityComparable<__gnu_cxx::__normal_iterator<const char*, std::__cxx11::basic_string<char> > >’
/usr/local/lib/R/site-library/BH/include/boost/range/concepts.hpp:149:16:   required from ‘struct boost::range_detail::SinglePassIteratorConcept<__gnu_cxx::__normal_iterator<const char*, std::__cxx11::basic_string<char> > >’
/usr/local/lib/R/site-library/BH/include/boost/concept/detail/has_constraints.hpp:32:62:   required by substitution of ‘template<class Model> boost::concepts::detail::yes boost::concepts::detail::has_constraints_(Model*, wrap_constraints<Model, (& Model::constraints)>*) [with Model = boost::range_detail::SinglePassIteratorConcept<__gnu_cxx::__normal_iterator<const char*, std::__cxx11::basic_string<char> > >]’
/usr/local/lib/R/site-library/BH/include/boost/concept/detail/has_constraints.hpp:42:5:   required from ‘const bool boost::concepts::not_satisfied<boost::range_detail::SinglePassIteratorConcept<__gnu_cxx::__normal_iterator<const char*, std::__cxx11::basic_string<char> > > >::value’
/usr/local/lib/R/site-library/BH/include/boost/concept/detail/has_constraints.hpp:45:51:   [ skipping 14 instantiation contexts, use -ftemplate-backtrace-limit=0 to disable ]
/usr/local/lib/R/site-library/BH/include/boost/iterator/iterator_facade.hpp:824:1:   required from ‘typename boost::iterators::detail::enable_if_interoperable<Derived1, Derived2, boost::iterators::detail::always_bool_t<Derived1, Derived2> >::type boost::iterators::operator!=(const iterator_facade<Derived1, V1, TC1, Reference1, Difference1>&, const iterator_facade<Derived2, V2, TC2, Reference2, Difference2>&) [with Derived1 = transform_iterator<boost::algorithm::detail::copy_iterator_rangeF<std::__cxx11::basic_string<char>, __gnu_cxx::__normal_iterator<const char*, std::__cxx11::basic_string<char> > >, boost::algorithm::split_iterator<__gnu_cxx::__normal_iterator<const char*, std::__cxx11::basic_string<char> > >, boost::use_default, boost::use_default>; V1 = std::__cxx11::basic_string<char>; TC1 = forward_traversal_tag; Reference1 = std::__cxx11::basic_string<char>; Difference1 = long int; Derived2 = transform_iterator<boost::algorithm::detail::copy_iterator_rangeF<std::__cxx11::basic_string<char>, __gnu_cxx::__normal_iterator<const char*, std::__cxx11::basic_string<char> > >, boost::algorithm::split_iterator<__gnu_cxx::__normal_iterator<const char*, std::__cxx11::basic_string<char> > >, boost::use_default, boost::use_default>; V2 = std::__cxx11::basic_string<char>; TC2 = forward_traversal_tag; Reference2 = std::__cxx11::basic_string<char>; Difference2 = long int; typename detail::enable_if_interoperable<Derived1, Derived2, detail::always_bool_t<Derived1, Derived2> >::type = bool; detail::always_bool_t<Derived1, Derived2> = bool]’
/usr/include/c++/13/bits/stl_vector.h:1671:21:   required from ‘void std::vector<_Tp, _Alloc>::_M_range_initialize(_InputIterator, _InputIterator, std::input_iterator_tag) [with _InputIterator = boost::iterators::transform_iterator<boost::algorithm::detail::copy_iterator_rangeF<std::__cxx11::basic_string<char>, __gnu_cxx::__normal_iterator<const char*, std::__cxx11::basic_string<char> > >, boost::algorithm::split_iterator<__gnu_cxx::__normal_iterator<const char*, std::__cxx11::basic_string<char> > >, boost::use_default, boost::use_default>; _Tp = std::__cxx11::basic_string<char>; _Alloc = std::allocator<std::__cxx11::basic_string<char> >]’
/usr/include/c++/13/bits/stl_vector.h:711:23:   required from ‘std::vector<_Tp, _Alloc>::vector(_InputIterator, _InputIterator, const allocator_type&) [with _InputIterator = boost::iterators::transform_iterator<boost::algorithm::detail::copy_iterator_rangeF<std::__cxx11::basic_string<char>, __gnu_cxx::__normal_iterator<const char*, std::__cxx11::basic_string<char> > >, boost::algorithm::split_iterator<__gnu_cxx::__normal_iterator<const char*, std::__cxx11::basic_string<char> > >, boost::use_default, boost::use_default>; <template-parameter-2-2> = void; _Tp = std::__cxx11::basic_string<char>; _Alloc = std::allocator<std::__cxx11::basic_string<char> >; allocator_type = std::allocator<std::__cxx11::basic_string<char> >]’
/usr/local/lib/R/site-library/BH/include/boost/algorithm/string/iter_find.hpp:186:31:   required from ‘SequenceSequenceT& boost::algorithm::iter_split(SequenceSequenceT&, RangeT&&, FinderT) [with SequenceSequenceT = std::vector<std::__cxx11::basic_string<char> >; RangeT = const std::__cxx11::basic_string<char>&; FinderT = detail::token_finderF<detail::is_any_ofF<char> >]’
/usr/local/lib/R/site-library/BH/include/boost/algorithm/string/split.hpp:158:50:   required from ‘SequenceSequenceT& boost::algorithm::split(SequenceSequenceT&, RangeT&&, PredicateT, token_compress_mode_type) [with SequenceSequenceT = std::vector<std::__cxx11::basic_string<char> >; RangeT = const std::__cxx11::basic_string<char>&; PredicateT = detail::is_any_ofF<char>]’
anytime.cpp:249:17:   required from here
/usr/local/lib/R/site-library/BH/include/boost/concept/usage.hpp:20:48: warning: ‘this’ pointer is null [-Wnonnull]
   20 |     ~usage_requirements() { ((Model*)0)->~Model(); }
      |                             ~~~~~~~~~~~~~~~~~~~^~
/usr/local/lib/R/site-library/BH/include/boost/concept/usage.hpp:37:7: note: in a call to non-static member function ‘boost::EqualityComparable<TT>::~EqualityComparable() [with TT = __gnu_cxx::__normal_iterator<const char*, std::__cxx11::basic_string<char> >]’
   37 |       ~model()
      |       ^
/usr/local/lib/R/site-library/BH/include/boost/concept_check.hpp:233:5: note: in expansion of macro ‘BOOST_CONCEPT_USAGE’
  233 |     BOOST_CONCEPT_USAGE(EqualityComparable) {
      |     ^~~~~~~~~~~~~~~~~~~
/usr/local/lib/R/site-library/BH/include/boost/concept/usage.hpp: In instantiation of ‘boost::concepts::usage_requirements<Model>::~usage_requirements() [with Model = boost::Convertible<boost::iterators::random_access_traversal_tag, boost::iterators::single_pass_traversal_tag>]’:
/usr/local/lib/R/site-library/BH/include/boost/concept/detail/general.hpp:50:47:   required from ‘static void boost::concepts::requirement<boost::concepts::failed************ Model::************>::failed() [with Model = boost::concepts::usage_requirements<boost::Convertible<boost::iterators::random_access_traversal_tag, boost::iterators::single_pass_traversal_tag> >]’
/usr/local/lib/R/site-library/BH/include/boost/concept_check.hpp:208:5:   required from ‘struct boost::Convertible<boost::iterators::random_access_traversal_tag, boost::iterators::single_pass_traversal_tag>’
/usr/local/lib/R/site-library/BH/include/boost/concept/detail/has_constraints.hpp:32:62:   required by substitution of ‘template<class Model> boost::concepts::detail::yes boost::concepts::detail::has_constraints_(Model*, wrap_constraints<Model, (& Model::constraints)>*) [with Model = boost::Convertible<boost::iterators::random_access_traversal_tag, boost::iterators::single_pass_traversal_tag>]’
/usr/local/lib/R/site-library/BH/include/boost/concept/detail/has_constraints.hpp:42:5:   required from ‘const bool boost::concepts::not_satisfied<boost::Convertible<boost::iterators::random_access_traversal_tag, boost::iterators::single_pass_traversal_tag> >::value’
/usr/local/lib/R/site-library/BH/include/boost/concept/detail/has_constraints.hpp:45:51:   required from ‘struct boost::concepts::not_satisfied<boost::Convertible<boost::iterators::random_access_traversal_tag, boost::iterators::single_pass_traversal_tag> >’
/usr/local/lib/R/site-library/BH/include/boost/concept/detail/general.hpp:72:8:   [ skipping 18 instantiation contexts, use -ftemplate-backtrace-limit=0 to disable ]
/usr/local/lib/R/site-library/BH/include/boost/iterator/iterator_facade.hpp:824:1:   required from ‘typename boost::iterators::detail::enable_if_interoperable<Derived1, Derived2, boost::iterators::detail::always_bool_t<Derived1, Derived2> >::type boost::iterators::operator!=(const iterator_facade<Derived1, V1, TC1, Reference1, Difference1>&, const iterator_facade<Derived2, V2, TC2, Reference2, Difference2>&) [with Derived1 = transform_iterator<boost::algorithm::detail::copy_iterator_rangeF<std::__cxx11::basic_string<char>, __gnu_cxx::__normal_iterator<const char*, std::__cxx11::basic_string<char> > >, boost::algorithm::split_iterator<__gnu_cxx::__normal_iterator<const char*, std::__cxx11::basic_string<char> > >, boost::use_default, boost::use_default>; V1 = std::__cxx11::basic_string<char>; TC1 = forward_traversal_tag; Reference1 = std::__cxx11::basic_string<char>; Difference1 = long int; Derived2 = transform_iterator<boost::algorithm::detail::copy_iterator_rangeF<std::__cxx11::basic_string<char>, __gnu_cxx::__normal_iterator<const char*, std::__cxx11::basic_string<char> > >, boost::algorithm::split_iterator<__gnu_cxx::__normal_iterator<const char*, std::__cxx11::basic_string<char> > >, boost::use_default, boost::use_default>; V2 = std::__cxx11::basic_string<char>; TC2 = forward_traversal_tag; Reference2 = std::__cxx11::basic_string<char>; Difference2 = long int; typename detail::enable_if_interoperable<Derived1, Derived2, detail::always_bool_t<Derived1, Derived2> >::type = bool; detail::always_bool_t<Derived1, Derived2> = bool]’
/usr/include/c++/13/bits/stl_vector.h:1671:21:   required from ‘void std::vector<_Tp, _Alloc>::_M_range_initialize(_InputIterator, _InputIterator, std::input_iterator_tag) [with _InputIterator = boost::iterators::transform_iterator<boost::algorithm::detail::copy_iterator_rangeF<std::__cxx11::basic_string<char>, __gnu_cxx::__normal_iterator<const char*, std::__cxx11::basic_string<char> > >, boost::algorithm::split_iterator<__gnu_cxx::__normal_iterator<const char*, std::__cxx11::basic_string<char> > >, boost::use_default, boost::use_default>; _Tp = std::__cxx11::basic_string<char>; _Alloc = std::allocator<std::__cxx11::basic_string<char> >]’
/usr/include/c++/13/bits/stl_vector.h:711:23:   required from ‘std::vector<_Tp, _Alloc>::vector(_InputIterator, _InputIterator, const allocator_type&) [with _InputIterator = boost::iterators::transform_iterator<boost::algorithm::detail::copy_iterator_rangeF<std::__cxx11::basic_string<char>, __gnu_cxx::__normal_iterator<const char*, std::__cxx11::basic_string<char> > >, boost::algorithm::split_iterator<__gnu_cxx::__normal_iterator<const char*, std::__cxx11::basic_string<char> > >, boost::use_default, boost::use_default>; <template-parameter-2-2> = void; _Tp = std::__cxx11::basic_string<char>; _Alloc = std::allocator<std::__cxx11::basic_string<char> >; allocator_type = std::allocator<std::__cxx11::basic_string<char> >]’
/usr/local/lib/R/site-library/BH/include/boost/algorithm/string/iter_find.hpp:186:31:   required from ‘SequenceSequenceT& boost::algorithm::iter_split(SequenceSequenceT&, RangeT&&, FinderT) [with SequenceSequenceT = std::vector<std::__cxx11::basic_string<char> >; RangeT = const std::__cxx11::basic_string<char>&; FinderT = detail::token_finderF<detail::is_any_ofF<char> >]’
/usr/local/lib/R/site-library/BH/include/boost/algorithm/string/split.hpp:158:50:   required from ‘SequenceSequenceT& boost::algorithm::split(SequenceSequenceT&, RangeT&&, PredicateT, token_compress_mode_type) [with SequenceSequenceT = std::vector<std::__cxx11::basic_string<char> >; RangeT = const std::__cxx11::basic_string<char>&; PredicateT = detail::is_any_ofF<char>]’
anytime.cpp:249:17:   required from here
/usr/local/lib/R/site-library/BH/include/boost/concept/usage.hpp:20:48: warning: ‘this’ pointer is null [-Wnonnull]
   20 |     ~usage_requirements() { ((Model*)0)->~Model(); }
      |                             ~~~~~~~~~~~~~~~~~~~^~
/usr/local/lib/R/site-library/BH/include/boost/concept/usage.hpp:37:7: note: in a call to non-static member function ‘boost::Convertible<X, Y>::~Convertible() [with X = boost::iterators::random_access_traversal_tag; Y = boost::iterators::single_pass_traversal_tag]’
   37 |       ~model()
      |       ^
/usr/local/lib/R/site-library/BH/include/boost/concept_check.hpp:208:5: note: in expansion of macro ‘BOOST_CONCEPT_USAGE’
  208 |     BOOST_CONCEPT_USAGE(Convertible) {
      |     ^~~~~~~~~~~~~~~~~~~
/usr/local/lib/R/site-library/BH/include/boost/concept/usage.hpp: In instantiation of ‘boost::concepts::usage_requirements<Model>::~usage_requirements() [with Model = boost::range_detail::SinglePassIteratorConcept<__gnu_cxx::__normal_iterator<const char*, std::__cxx11::basic_string<char> > >]’:
/usr/local/lib/R/site-library/BH/include/boost/concept/detail/general.hpp:50:47:   required from ‘static void boost::concepts::requirement<boost::concepts::failed************ Model::************>::failed() [with Model = boost::concepts::usage_requirements<boost::range_detail::SinglePassIteratorConcept<__gnu_cxx::__normal_iterator<const char*, std::__cxx11::basic_string<char> > > >]’
/usr/local/lib/R/site-library/BH/include/boost/range/concepts.hpp:160:13:   required from ‘struct boost::range_detail::SinglePassIteratorConcept<__gnu_cxx::__normal_iterator<const char*, std::__cxx11::basic_string<char> > >’
/usr/local/lib/R/site-library/BH/include/boost/concept/detail/has_constraints.hpp:32:62:   required by substitution of ‘template<class Model> boost::concepts::detail::yes boost::concepts::detail::has_constraints_(Model*, wrap_constraints<Model, (& Model::constraints)>*) [with Model = boost::range_detail::SinglePassIteratorConcept<__gnu_cxx::__normal_iterator<const char*, std::__cxx11::basic_string<char> > >]’
/usr/local/lib/R/site-library/BH/include/boost/concept/detail/has_constraints.hpp:42:5:   required from ‘const bool boost::concepts::not_satisfied<boost::range_detail::SinglePassIteratorConcept<__gnu_cxx::__normal_iterator<const char*, std::__cxx11::basic_string<char> > > >::value’
/usr/local/lib/R/site-library/BH/include/boost/concept/detail/has_constraints.hpp:45:51:   required from ‘struct boost::concepts::not_satisfied<boost::range_detail::SinglePassIteratorConcept<__gnu_cxx::__normal_iterator<const char*, std::__cxx11::basic_string<char> > > >’
/usr/local/lib/R/site-library/BH/include/boost/concept/detail/general.hpp:72:8:   [ skipping 13 instantiation contexts, use -ftemplate-backtrace-limit=0 to disable ]
/usr/local/lib/R/site-library/BH/include/boost/iterator/iterator_facade.hpp:824:1:   required from ‘typename boost::iterators::detail::enable_if_interoperable<Derived1, Derived2, boost::iterators::detail::always_bool_t<Derived1, Derived2> >::type boost::iterators::operator!=(const iterator_facade<Derived1, V1, TC1, Reference1, Difference1>&, const iterator_facade<Derived2, V2, TC2, Reference2, Difference2>&) [with Derived1 = transform_iterator<boost::algorithm::detail::copy_iterator_rangeF<std::__cxx11::basic_string<char>, __gnu_cxx::__normal_iterator<const char*, std::__cxx11::basic_string<char> > >, boost::algorithm::split_iterator<__gnu_cxx::__normal_iterator<const char*, std::__cxx11::basic_string<char> > >, boost::use_default, boost::use_default>; V1 = std::__cxx11::basic_string<char>; TC1 = forward_traversal_tag; Reference1 = std::__cxx11::basic_string<char>; Difference1 = long int; Derived2 = transform_iterator<boost::algorithm::detail::copy_iterator_rangeF<std::__cxx11::basic_string<char>, __gnu_cxx::__normal_iterator<const char*, std::__cxx11::basic_string<char> > >, boost::algorithm::split_iterator<__gnu_cxx::__normal_iterator<const char*, std::__cxx11::basic_string<char> > >, boost::use_default, boost::use_default>; V2 = std::__cxx11::basic_string<char>; TC2 = forward_traversal_tag; Reference2 = std::__cxx11::basic_string<char>; Difference2 = long int; typename detail::enable_if_interoperable<Derived1, Derived2, detail::always_bool_t<Derived1, Derived2> >::type = bool; detail::always_bool_t<Derived1, Derived2> = bool]’
/usr/include/c++/13/bits/stl_vector.h:1671:21:   required from ‘void std::vector<_Tp, _Alloc>::_M_range_initialize(_InputIterator, _InputIterator, std::input_iterator_tag) [with _InputIterator = boost::iterators::transform_iterator<boost::algorithm::detail::copy_iterator_rangeF<std::__cxx11::basic_string<char>, __gnu_cxx::__normal_iterator<const char*, std::__cxx11::basic_string<char> > >, boost::algorithm::split_iterator<__gnu_cxx::__normal_iterator<const char*, std::__cxx11::basic_string<char> > >, boost::use_default, boost::use_default>; _Tp = std::__cxx11::basic_string<char>; _Alloc = std::allocator<std::__cxx11::basic_string<char> >]’
/usr/include/c++/13/bits/stl_vector.h:711:23:   required from ‘std::vector<_Tp, _Alloc>::vector(_InputIterator, _InputIterator, const allocator_type&) [with _InputIterator = boost::iterators::transform_iterator<boost::algorithm::detail::copy_iterator_rangeF<std::__cxx11::basic_string<char>, __gnu_cxx::__normal_iterator<const char*, std::__cxx11::basic_string<char> > >, boost::algorithm::split_iterator<__gnu_cxx::__normal_iterator<const char*, std::__cxx11::basic_string<char> > >, boost::use_default, boost::use_default>; <template-parameter-2-2> = void; _Tp = std::__cxx11::basic_string<char>; _Alloc = std::allocator<std::__cxx11::basic_string<char> >; allocator_type = std::allocator<std::__cxx11::basic_string<char> >]’
/usr/local/lib/R/site-library/BH/include/boost/algorithm/string/iter_find.hpp:186:31:   required from ‘SequenceSequenceT& boost::algorithm::iter_split(SequenceSequenceT&, RangeT&&, FinderT) [with SequenceSequenceT = std::vector<std::__cxx11::basic_string<char> >; RangeT = const std::__cxx11::basic_string<char>&; FinderT = detail::token_finderF<detail::is_any_ofF<char> >]’
/usr/local/lib/R/site-library/BH/include/boost/algorithm/string/split.hpp:158:50:   required from ‘SequenceSequenceT& boost::algorithm::split(SequenceSequenceT&, RangeT&&, PredicateT, token_compress_mode_type) [with SequenceSequenceT = std::vector<std::__cxx11::basic_string<char> >; RangeT = const std::__cxx11::basic_string<char>&; PredicateT = detail::is_any_ofF<char>]’
anytime.cpp:249:17:   required from here
/usr/local/lib/R/site-library/BH/include/boost/concept/usage.hpp:20:48: warning: ‘this’ pointer is null [-Wnonnull]
   20 |     ~usage_requirements() { ((Model*)0)->~Model(); }
      |                             ~~~~~~~~~~~~~~~~~~~^~
/usr/local/lib/R/site-library/BH/include/boost/concept/usage.hpp:37:7: note: in a call to non-static member function ‘boost::range_detail::SinglePassIteratorConcept<Iterator>::~SinglePassIteratorConcept() [with Iterator = __gnu_cxx::__normal_iterator<const char*, std::__cxx11::basic_string<char> >]’
   37 |       ~model()
      |       ^
/usr/local/lib/R/site-library/BH/include/boost/range/concepts.hpp:160:13: note: in expansion of macro ‘BOOST_CONCEPT_USAGE’
  160 |             BOOST_CONCEPT_USAGE(SinglePassIteratorConcept)
      |             ^~~~~~~~~~~~~~~~~~~
/usr/local/lib/R/site-library/BH/include/boost/concept/usage.hpp: In instantiation of ‘boost::concepts::usage_requirements<Model>::~usage_requirements() [with Model = boost::SinglePassRangeConcept<const boost::iterator_range<__gnu_cxx::__normal_iterator<const char*, std::__cxx11::basic_string<char> > > >]’:
/usr/local/lib/R/site-library/BH/include/boost/concept/detail/general.hpp:50:47:   required from ‘static void boost::concepts::requirement<boost::concepts::failed************ Model::************>::failed() [with Model = boost::concepts::usage_requirements<boost::SinglePassRangeConcept<const boost::iterator_range<__gnu_cxx::__normal_iterator<const char*, std::__cxx11::basic_string<char> > > > >]’
/usr/local/lib/R/site-library/BH/include/boost/range/concepts.hpp:286:9:   required from ‘struct boost::SinglePassRangeConcept<const boost::iterator_range<__gnu_cxx::__normal_iterator<const char*, std::__cxx11::basic_string<char> > > >’
/usr/local/lib/R/site-library/BH/include/boost/concept/detail/has_constraints.hpp:32:62:   required by substitution of ‘template<class Model> boost::concepts::detail::yes boost::concepts::detail::has_constraints_(Model*, wrap_constraints<Model, (& Model::constraints)>*) [with Model = boost::SinglePassRangeConcept<const boost::iterator_range<__gnu_cxx::__normal_iterator<const char*, std::__cxx11::basic_string<char> > > >]’
/usr/local/lib/R/site-library/BH/include/boost/concept/detail/has_constraints.hpp:42:5:   required from ‘const bool boost::concepts::not_satisfied<boost::SinglePassRangeConcept<const boost::iterator_range<__gnu_cxx::__normal_iterator<const char*, std::__cxx11::basic_string<char> > > > >::value’
/usr/local/lib/R/site-library/BH/include/boost/concept/detail/has_constraints.hpp:45:51:   required from ‘struct boost::concepts::not_satisfied<boost::SinglePassRangeConcept<const boost::iterator_range<__gnu_cxx::__normal_iterator<const char*, std::__cxx11::basic_string<char> > > > >’
/usr/local/lib/R/site-library/BH/include/boost/concept/detail/general.hpp:72:8:   [ skipping 8 instantiation contexts, use -ftemplate-backtrace-limit=0 to disable ]
/usr/local/lib/R/site-library/BH/include/boost/iterator/iterator_facade.hpp:824:1:   required from ‘typename boost::iterators::detail::enable_if_interoperable<Derived1, Derived2, boost::iterators::detail::always_bool_t<Derived1, Derived2> >::type boost::iterators::operator!=(const iterator_facade<Derived1, V1, TC1, Reference1, Difference1>&, const iterator_facade<Derived2, V2, TC2, Reference2, Difference2>&) [with Derived1 = transform_iterator<boost::algorithm::detail::copy_iterator_rangeF<std::__cxx11::basic_string<char>, __gnu_cxx::__normal_iterator<const char*, std::__cxx11::basic_string<char> > >, boost::algorithm::split_iterator<__gnu_cxx::__normal_iterator<const char*, std::__cxx11::basic_string<char> > >, boost::use_default, boost::use_default>; V1 = std::__cxx11::basic_string<char>; TC1 = forward_traversal_tag; Reference1 = std::__cxx11::basic_string<char>; Difference1 = long int; Derived2 = transform_iterator<boost::algorithm::detail::copy_iterator_rangeF<std::__cxx11::basic_string<char>, __gnu_cxx::__normal_iterator<const char*, std::__cxx11::basic_string<char> > >, boost::algorithm::split_iterator<__gnu_cxx::__normal_iterator<const char*, std::__cxx11::basic_string<char> > >, boost::use_default, boost::use_default>; V2 = std::__cxx11::basic_string<char>; TC2 = forward_traversal_tag; Reference2 = std::__cxx11::basic_string<char>; Difference2 = long int; typename detail::enable_if_interoperable<Derived1, Derived2, detail::always_bool_t<Derived1, Derived2> >::type = bool; detail::always_bool_t<Derived1, Derived2> = bool]’
/usr/include/c++/13/bits/stl_vector.h:1671:21:   required from ‘void std::vector<_Tp, _Alloc>::_M_range_initialize(_InputIterator, _InputIterator, std::input_iterator_tag) [with _InputIterator = boost::iterators::transform_iterator<boost::algorithm::detail::copy_iterator_rangeF<std::__cxx11::basic_string<char>, __gnu_cxx::__normal_iterator<const char*, std::__cxx11::basic_string<char> > >, boost::algorithm::split_iterator<__gnu_cxx::__normal_iterator<const char*, std::__cxx11::basic_string<char> > >, boost::use_default, boost::use_default>; _Tp = std::__cxx11::basic_string<char>; _Alloc = std::allocator<std::__cxx11::basic_string<char> >]’
/usr/include/c++/13/bits/stl_vector.h:711:23:   required from ‘std::vector<_Tp, _Alloc>::vector(_InputIterator, _InputIterator, const allocator_type&) [with _InputIterator = boost::iterators::transform_iterator<boost::algorithm::detail::copy_iterator_rangeF<std::__cxx11::basic_string<char>, __gnu_cxx::__normal_iterator<const char*, std::__cxx11::basic_string<char> > >, boost::algorithm::split_iterator<__gnu_cxx::__normal_iterator<const char*, std::__cxx11::basic_string<char> > >, boost::use_default, boost::use_default>; <template-parameter-2-2> = void; _Tp = std::__cxx11::basic_string<char>; _Alloc = std::allocator<std::__cxx11::basic_string<char> >; allocator_type = std::allocator<std::__cxx11::basic_string<char> >]’
/usr/local/lib/R/site-library/BH/include/boost/algorithm/string/iter_find.hpp:186:31:   required from ‘SequenceSequenceT& boost::algorithm::iter_split(SequenceSequenceT&, RangeT&&, FinderT) [with SequenceSequenceT = std::vector<std::__cxx11::basic_string<char> >; RangeT = const std::__cxx11::basic_string<char>&; FinderT = detail::token_finderF<detail::is_any_ofF<char> >]’
/usr/local/lib/R/site-library/BH/include/boost/algorithm/string/split.hpp:158:50:   required from ‘SequenceSequenceT& boost::algorithm::split(SequenceSequenceT&, RangeT&&, PredicateT, token_compress_mode_type) [with SequenceSequenceT = std::vector<std::__cxx11::basic_string<char> >; RangeT = const std::__cxx11::basic_string<char>&; PredicateT = detail::is_any_ofF<char>]’
anytime.cpp:249:17:   required from here
/usr/local/lib/R/site-library/BH/include/boost/concept/usage.hpp:20:48: warning: ‘this’ pointer is null [-Wnonnull]
   20 |     ~usage_requirements() { ((Model*)0)->~Model(); }
      |                             ~~~~~~~~~~~~~~~~~~~^~
/usr/local/lib/R/site-library/BH/include/boost/concept/usage.hpp:37:7: note: in a call to non-static member function ‘boost::SinglePassRangeConcept<T>::~SinglePassRangeConcept() [with T = const boost::iterator_range<__gnu_cxx::__normal_iterator<const char*, std::__cxx11::basic_string<char> > >]’
   37 |       ~model()
      |       ^
/usr/local/lib/R/site-library/BH/include/boost/range/concepts.hpp:286:9: note: in expansion of macro ‘BOOST_CONCEPT_USAGE’
  286 |         BOOST_CONCEPT_USAGE(SinglePassRangeConcept)
      |         ^~~~~~~~~~~~~~~~~~~
g++ -std=gnu++17 -shared -L/usr/lib/R/lib -Wl,-Bsymbolic-functions -flto=auto -ffat-lto-objects -Wl,-z,relro -o anytime.so RcppExports.o anytime.o -L/usr/lib/R/lib -lR
installing to /usr/local/lib/R/site-library/00LOCK-anytime/00new/anytime/libs
** R
** inst
** byte-compile and prepare package for lazy loading
** help
*** installing help indices
** building package indices
** installing vignettes
** testing if installed package can be loaded from temporary location
** checking absolute paths in shared objects and dynamic libraries
** testing if installed package can be loaded from final location
** testing if installed package keeps a record of temporary installation path
* DONE (anytime)
* installing *source* package ‘testthat’ ...
** package ‘testthat’ successfully unpacked and MD5 sums checked
** using staged installation
** libs
using C compiler: ‘gcc (Ubuntu 13.3.0-6ubuntu2~24.04.1) 13.3.0’
using C++ compiler: ‘g++ (Ubuntu 13.3.0-6ubuntu2~24.04.1) 13.3.0’
gcc -I"/usr/share/R/include" -DNDEBUG -I../inst/include -DCOMPILING_TESTTHAT      -fpic  -g -O2 -fno-omit-frame-pointer -mno-omit-leaf-frame-pointer -ffile-prefix-map=/build/r-base-FPSnzf/r-base-4.3.3=. -fstack-protector-strong -fstack-clash-protection -Wformat -Werror=format-security -fcf-protection -fdebug-prefix-map=/build/r-base-FPSnzf/r-base-4.3.3=/usr/src/r-base-4.3.3-2build2 -Wdate-time -D_FORTIFY_SOURCE=3  -c init.c -o init.o
g++ -std=gnu++17 -I"/usr/share/R/include" -DNDEBUG -I../inst/include -DCOMPILING_TESTTHAT      -fpic  -g -O2 -fno-omit-frame-pointer -mno-omit-leaf-frame-pointer -ffile-prefix-map=/build/r-base-FPSnzf/r-base-4.3.3=. -fstack-protector-strong -fstack-clash-protection -Wformat -Werror=format-security -fcf-protection -fdebug-prefix-map=/build/r-base-FPSnzf/r-base-4.3.3=/usr/src/r-base-4.3.3-2build2 -Wdate-time -D_FORTIFY_SOURCE=3  -c test-catch.cpp -o test-catch.o
g++ -std=gnu++17 -I"/usr/share/R/include" -DNDEBUG -I../inst/include -DCOMPILING_TESTTHAT      -fpic  -g -O2 -fno-omit-frame-pointer -mno-omit-leaf-frame-pointer -ffile-prefix-map=/build/r-base-FPSnzf/r-base-4.3.3=. -fstack-protector-strong -fstack-clash-protection -Wformat -Werror=format-security -fcf-protection -fdebug-prefix-map=/build/r-base-FPSnzf/r-base-4.3.3=/usr/src/r-base-4.3.3-2build2 -Wdate-time -D_FORTIFY_SOURCE=3  -c test-example.cpp -o test-example.o
g++ -std=gnu++17 -I"/usr/share/R/include" -DNDEBUG -I../inst/include -DCOMPILING_TESTTHAT      -fpic  -g -O2 -fno-omit-frame-pointer -mno-omit-leaf-frame-pointer -ffile-prefix-map=/build/r-base-FPSnzf/r-base-4.3.3=. -fstack-protector-strong -fstack-clash-protection -Wformat -Werror=format-security -fcf-protection -fdebug-prefix-map=/build/r-base-FPSnzf/r-base-4.3.3=/usr/src/r-base-4.3.3-2build2 -Wdate-time -D_FORTIFY_SOURCE=3  -c test-runner.cpp -o test-runner.o
g++ -std=gnu++17 -shared -L/usr/lib/R/lib -Wl,-Bsymbolic-functions -flto=auto -ffat-lto-objects -Wl,-z,relro -o testthat.so init.o test-catch.o test-example.o test-runner.o -L/usr/lib/R/lib -lR
installing to /usr/local/lib/R/site-library/00LOCK-testthat/00new/testthat/libs
** R
** inst
** byte-compile and prepare package for lazy loading
** help
*** installing help indices
*** copying figures
** building package indices
** installing vignettes
** testing if installed package can be loaded from temporary location
** checking absolute paths in shared objects and dynamic libraries
** testing if installed package can be loaded from final location
** testing if installed package keeps a record of temporary installation path
* DONE (testthat)
* installing *source* package ‘rmarkdown’ ...
** package ‘rmarkdown’ successfully unpacked and MD5 sums checked
** using staged installation
** R
** inst
** byte-compile and prepare package for lazy loading
** help
*** installing help indices
*** copying figures
** building package indices
** installing vignettes
** testing if installed package can be loaded from temporary location
** testing if installed package can be loaded from final location
** testing if installed package keeps a record of temporary installation path
* DONE (rmarkdown)
* installing *source* package ‘spelling’ ...
** package ‘spelling’ successfully unpacked and MD5 sums checked
** using staged installation
** R
** inst
** byte-compile and prepare package for lazy loading
** help
*** installing help indices
** building package indices
** testing if installed package can be loaded from temporary location
** testing if installed package can be loaded from final location
** testing if installed package keeps a record of temporary installation path
* DONE (spelling)
* installing *source* package ‘covr’ ...
** package ‘covr’ successfully unpacked and MD5 sums checked
** using staged installation
** libs
using C compiler: ‘gcc (Ubuntu 13.3.0-6ubuntu2~24.04.1) 13.3.0’
gcc -I"/usr/share/R/include" -DNDEBUG       -fpic  -g -O2 -fno-omit-frame-pointer -mno-omit-leaf-frame-pointer -ffile-prefix-map=/build/r-base-FPSnzf/r-base-4.3.3=. -fstack-protector-strong -fstack-clash-protection -Wformat -Werror=format-security -fcf-protection -fdebug-prefix-map=/build/r-base-FPSnzf/r-base-4.3.3=/usr/src/r-base-4.3.3-2build2 -Wdate-time -D_FORTIFY_SOURCE=3  -c reassign.c -o reassign.o
gcc -shared -L/usr/lib/R/lib -Wl,-Bsymbolic-functions -flto=auto -ffat-lto-objects -Wl,-z,relro -o covr.so reassign.o -L/usr/lib/R/lib -lR
installing to /usr/local/lib/R/site-library/00LOCK-covr/00new/covr/libs
** R
** inst
** byte-compile and prepare package for lazy loading
** help
*** installing help indices
*** copying figures
** building package indices
** installing vignettes
** testing if installed package can be loaded from temporary location
** checking absolute paths in shared objects and dynamic libraries
** testing if installed package can be loaded from final location
** testing if installed package keeps a record of temporary installation path
* DONE (covr)
* installing *source* package ‘stringr’ ...
** package ‘stringr’ successfully unpacked and MD5 sums checked
** using staged installation
** R
** data
*** moving datasets to lazyload DB
** inst
** byte-compile and prepare package for lazy loading
** help
*** installing help indices
*** copying figures
** building package indices
** installing vignettes
** testing if installed package can be loaded from temporary location
** testing if installed package can be loaded from final location
** testing if installed package keeps a record of temporary installation path
* DONE (stringr)
* installing *source* package ‘purrr’ ...
** package ‘purrr’ successfully unpacked and MD5 sums checked
** using staged installation
** libs
using C compiler: ‘gcc (Ubuntu 13.3.0-6ubuntu2~24.04.1) 13.3.0’
gcc -I"/usr/share/R/include" -DNDEBUG  -I'/usr/local/lib/R/site-library/cli/include'    -fvisibility=hidden -fpic  -g -O2 -fno-omit-frame-pointer -mno-omit-leaf-frame-pointer -ffile-prefix-map=/build/r-base-FPSnzf/r-base-4.3.3=. -fstack-protector-strong -fstack-clash-protection -Wformat -Werror=format-security -fcf-protection -fdebug-prefix-map=/build/r-base-FPSnzf/r-base-4.3.3=/usr/src/r-base-4.3.3-2build2 -Wdate-time -D_FORTIFY_SOURCE=3  -c backports.c -o backports.o
gcc -I"/usr/share/R/include" -DNDEBUG  -I'/usr/local/lib/R/site-library/cli/include'    -fvisibility=hidden -fpic  -g -O2 -fno-omit-frame-pointer -mno-omit-leaf-frame-pointer -ffile-prefix-map=/build/r-base-FPSnzf/r-base-4.3.3=. -fstack-protector-strong -fstack-clash-protection -Wformat -Werror=format-security -fcf-protection -fdebug-prefix-map=/build/r-base-FPSnzf/r-base-4.3.3=/usr/src/r-base-4.3.3-2build2 -Wdate-time -D_FORTIFY_SOURCE=3  -c cleancall.c -o cleancall.o
gcc -I"/usr/share/R/include" -DNDEBUG  -I'/usr/local/lib/R/site-library/cli/include'    -fvisibility=hidden -fpic  -g -O2 -fno-omit-frame-pointer -mno-omit-leaf-frame-pointer -ffile-prefix-map=/build/r-base-FPSnzf/r-base-4.3.3=. -fstack-protector-strong -fstack-clash-protection -Wformat -Werror=format-security -fcf-protection -fdebug-prefix-map=/build/r-base-FPSnzf/r-base-4.3.3=/usr/src/r-base-4.3.3-2build2 -Wdate-time -D_FORTIFY_SOURCE=3  -c coerce.c -o coerce.o
gcc -I"/usr/share/R/include" -DNDEBUG  -I'/usr/local/lib/R/site-library/cli/include'    -fvisibility=hidden -fpic  -g -O2 -fno-omit-frame-pointer -mno-omit-leaf-frame-pointer -ffile-prefix-map=/build/r-base-FPSnzf/r-base-4.3.3=. -fstack-protector-strong -fstack-clash-protection -Wformat -Werror=format-security -fcf-protection -fdebug-prefix-map=/build/r-base-FPSnzf/r-base-4.3.3=/usr/src/r-base-4.3.3-2build2 -Wdate-time -D_FORTIFY_SOURCE=3  -c conditions.c -o conditions.o
gcc -I"/usr/share/R/include" -DNDEBUG  -I'/usr/local/lib/R/site-library/cli/include'    -fvisibility=hidden -fpic  -g -O2 -fno-omit-frame-pointer -mno-omit-leaf-frame-pointer -ffile-prefix-map=/build/r-base-FPSnzf/r-base-4.3.3=. -fstack-protector-strong -fstack-clash-protection -Wformat -Werror=format-security -fcf-protection -fdebug-prefix-map=/build/r-base-FPSnzf/r-base-4.3.3=/usr/src/r-base-4.3.3-2build2 -Wdate-time -D_FORTIFY_SOURCE=3  -c every-some-none.c -o every-some-none.o
gcc -I"/usr/share/R/include" -DNDEBUG  -I'/usr/local/lib/R/site-library/cli/include'    -fvisibility=hidden -fpic  -g -O2 -fno-omit-frame-pointer -mno-omit-leaf-frame-pointer -ffile-prefix-map=/build/r-base-FPSnzf/r-base-4.3.3=. -fstack-protector-strong -fstack-clash-protection -Wformat -Werror=format-security -fcf-protection -fdebug-prefix-map=/build/r-base-FPSnzf/r-base-4.3.3=/usr/src/r-base-4.3.3-2build2 -Wdate-time -D_FORTIFY_SOURCE=3  -c flatten.c -o flatten.o
gcc -I"/usr/share/R/include" -DNDEBUG  -I'/usr/local/lib/R/site-library/cli/include'    -fvisibility=hidden -fpic  -g -O2 -fno-omit-frame-pointer -mno-omit-leaf-frame-pointer -ffile-prefix-map=/build/r-base-FPSnzf/r-base-4.3.3=. -fstack-protector-strong -fstack-clash-protection -Wformat -Werror=format-security -fcf-protection -fdebug-prefix-map=/build/r-base-FPSnzf/r-base-4.3.3=/usr/src/r-base-4.3.3-2build2 -Wdate-time -D_FORTIFY_SOURCE=3  -c init.c -o init.o
gcc -I"/usr/share/R/include" -DNDEBUG  -I'/usr/local/lib/R/site-library/cli/include'    -fvisibility=hidden -fpic  -g -O2 -fno-omit-frame-pointer -mno-omit-leaf-frame-pointer -ffile-prefix-map=/build/r-base-FPSnzf/r-base-4.3.3=. -fstack-protector-strong -fstack-clash-protection -Wformat -Werror=format-security -fcf-protection -fdebug-prefix-map=/build/r-base-FPSnzf/r-base-4.3.3=/usr/src/r-base-4.3.3-2build2 -Wdate-time -D_FORTIFY_SOURCE=3  -c map.c -o map.o
gcc -I"/usr/share/R/include" -DNDEBUG  -I'/usr/local/lib/R/site-library/cli/include'    -fvisibility=hidden -fpic  -g -O2 -fno-omit-frame-pointer -mno-omit-leaf-frame-pointer -ffile-prefix-map=/build/r-base-FPSnzf/r-base-4.3.3=. -fstack-protector-strong -fstack-clash-protection -Wformat -Werror=format-security -fcf-protection -fdebug-prefix-map=/build/r-base-FPSnzf/r-base-4.3.3=/usr/src/r-base-4.3.3-2build2 -Wdate-time -D_FORTIFY_SOURCE=3  -c pluck.c -o pluck.o
gcc -I"/usr/share/R/include" -DNDEBUG  -I'/usr/local/lib/R/site-library/cli/include'    -fvisibility=hidden -fpic  -g -O2 -fno-omit-frame-pointer -mno-omit-leaf-frame-pointer -ffile-prefix-map=/build/r-base-FPSnzf/r-base-4.3.3=. -fstack-protector-strong -fstack-clash-protection -Wformat -Werror=format-security -fcf-protection -fdebug-prefix-map=/build/r-base-FPSnzf/r-base-4.3.3=/usr/src/r-base-4.3.3-2build2 -Wdate-time -D_FORTIFY_SOURCE=3  -c transpose.c -o transpose.o
gcc -I"/usr/share/R/include" -DNDEBUG  -I'/usr/local/lib/R/site-library/cli/include'    -fvisibility=hidden -fpic  -g -O2 -fno-omit-frame-pointer -mno-omit-leaf-frame-pointer -ffile-prefix-map=/build/r-base-FPSnzf/r-base-4.3.3=. -fstack-protector-strong -fstack-clash-protection -Wformat -Werror=format-security -fcf-protection -fdebug-prefix-map=/build/r-base-FPSnzf/r-base-4.3.3=/usr/src/r-base-4.3.3-2build2 -Wdate-time -D_FORTIFY_SOURCE=3  -c utils.c -o utils.o
gcc -shared -L/usr/lib/R/lib -Wl,-Bsymbolic-functions -flto=auto -ffat-lto-objects -Wl,-z,relro -o purrr.so backports.o cleancall.o coerce.o conditions.o every-some-none.o flatten.o init.o map.o pluck.o transpose.o utils.o -L/usr/lib/R/lib -lR
installing to /usr/local/lib/R/site-library/00LOCK-purrr/00new/purrr/libs
** R
** inst
** byte-compile and prepare package for lazy loading
** help
*** installing help indices
*** copying figures
** building package indices
** installing vignettes
** testing if installed package can be loaded from temporary location
** checking absolute paths in shared objects and dynamic libraries
** testing if installed package can be loaded from final location
** testing if installed package keeps a record of temporary installation path
* DONE (purrr)
* installing *source* package ‘scales’ ...
** package ‘scales’ successfully unpacked and MD5 sums checked
** using staged installation
** R
** byte-compile and prepare package for lazy loading
** help
*** installing help indices
*** copying figures
** building package indices
** testing if installed package can be loaded from temporary location
** testing if installed package can be loaded from final location
** testing if installed package keeps a record of temporary installation path
* DONE (scales)
* installing *source* package ‘tibble’ ...
** package ‘tibble’ successfully unpacked and MD5 sums checked
** using staged installation
** libs
using C compiler: ‘gcc (Ubuntu 13.3.0-6ubuntu2~24.04.1) 13.3.0’
gcc -I"/usr/share/R/include" -DNDEBUG       -fpic  -g -O2 -fno-omit-frame-pointer -mno-omit-leaf-frame-pointer -ffile-prefix-map=/build/r-base-FPSnzf/r-base-4.3.3=. -fstack-protector-strong -fstack-clash-protection -Wformat -Werror=format-security -fcf-protection -fdebug-prefix-map=/build/r-base-FPSnzf/r-base-4.3.3=/usr/src/r-base-4.3.3-2build2 -Wdate-time -D_FORTIFY_SOURCE=3  -c attributes.c -o attributes.o
gcc -I"/usr/share/R/include" -DNDEBUG       -fpic  -g -O2 -fno-omit-frame-pointer -mno-omit-leaf-frame-pointer -ffile-prefix-map=/build/r-base-FPSnzf/r-base-4.3.3=. -fstack-protector-strong -fstack-clash-protection -Wformat -Werror=format-security -fcf-protection -fdebug-prefix-map=/build/r-base-FPSnzf/r-base-4.3.3=/usr/src/r-base-4.3.3-2build2 -Wdate-time -D_FORTIFY_SOURCE=3  -c coerce.c -o coerce.o
gcc -I"/usr/share/R/include" -DNDEBUG       -fpic  -g -O2 -fno-omit-frame-pointer -mno-omit-leaf-frame-pointer -ffile-prefix-map=/build/r-base-FPSnzf/r-base-4.3.3=. -fstack-protector-strong -fstack-clash-protection -Wformat -Werror=format-security -fcf-protection -fdebug-prefix-map=/build/r-base-FPSnzf/r-base-4.3.3=/usr/src/r-base-4.3.3-2build2 -Wdate-time -D_FORTIFY_SOURCE=3  -c init.c -o init.o
gcc -I"/usr/share/R/include" -DNDEBUG       -fpic  -g -O2 -fno-omit-frame-pointer -mno-omit-leaf-frame-pointer -ffile-prefix-map=/build/r-base-FPSnzf/r-base-4.3.3=. -fstack-protector-strong -fstack-clash-protection -Wformat -Werror=format-security -fcf-protection -fdebug-prefix-map=/build/r-base-FPSnzf/r-base-4.3.3=/usr/src/r-base-4.3.3-2build2 -Wdate-time -D_FORTIFY_SOURCE=3  -c matrixToDataFrame.c -o matrixToDataFrame.o
gcc -shared -L/usr/lib/R/lib -Wl,-Bsymbolic-functions -flto=auto -ffat-lto-objects -Wl,-z,relro -o tibble.so attributes.o coerce.o init.o matrixToDataFrame.o -L/usr/lib/R/lib -lR
installing to /usr/local/lib/R/site-library/00LOCK-tibble/00new/tibble/libs
** R
** inst
** byte-compile and prepare package for lazy loading
** help
*** installing help indices
*** copying figures
** building package indices
** installing vignettes
** testing if installed package can be loaded from temporary location
** checking absolute paths in shared objects and dynamic libraries
** testing if installed package can be loaded from final location
** testing if installed package keeps a record of temporary installation path
* DONE (tibble)
* installing *source* package ‘pkgdown’ ...
** package ‘pkgdown’ successfully unpacked and MD5 sums checked
** using staged installation
** R
** inst
** byte-compile and prepare package for lazy loading
** help
*** installing help indices
*** copying figures
** building package indices
** installing vignettes
** testing if installed package can be loaded from temporary location
** testing if installed package can be loaded from final location
** testing if installed package keeps a record of temporary installation path
* DONE (pkgdown)
* installing *source* package ‘vdiffr’ ...
** package ‘vdiffr’ successfully unpacked and MD5 sums checked
** using staged installation
** libs
using C++ compiler: ‘g++ (Ubuntu 13.3.0-6ubuntu2~24.04.1) 13.3.0’
g++ -std=gnu++17 -I"/usr/share/R/include" -DNDEBUG  -I'/usr/local/lib/R/site-library/cpp11/include'     -fpic  -g -O2 -fno-omit-frame-pointer -mno-omit-leaf-frame-pointer -ffile-prefix-map=/build/r-base-FPSnzf/r-base-4.3.3=. -fstack-protector-strong -fstack-clash-protection -Wformat -Werror=format-security -fcf-protection -fdebug-prefix-map=/build/r-base-FPSnzf/r-base-4.3.3=/usr/src/r-base-4.3.3-2build2 -Wdate-time -D_FORTIFY_SOURCE=3  -c compare.cpp -o compare.o
g++ -std=gnu++17 -I"/usr/share/R/include" -DNDEBUG  -I'/usr/local/lib/R/site-library/cpp11/include'     -fpic  -g -O2 -fno-omit-frame-pointer -mno-omit-leaf-frame-pointer -ffile-prefix-map=/build/r-base-FPSnzf/r-base-4.3.3=. -fstack-protector-strong -fstack-clash-protection -Wformat -Werror=format-security -fcf-protection -fdebug-prefix-map=/build/r-base-FPSnzf/r-base-4.3.3=/usr/src/r-base-4.3.3-2build2 -Wdate-time -D_FORTIFY_SOURCE=3  -c cpp11.cpp -o cpp11.o
g++ -std=gnu++17 -I"/usr/share/R/include" -DNDEBUG  -I'/usr/local/lib/R/site-library/cpp11/include'     -fpic  -g -O2 -fno-omit-frame-pointer -mno-omit-leaf-frame-pointer -ffile-prefix-map=/build/r-base-FPSnzf/r-base-4.3.3=. -fstack-protector-strong -fstack-clash-protection -Wformat -Werror=format-security -fcf-protection -fdebug-prefix-map=/build/r-base-FPSnzf/r-base-4.3.3=/usr/src/r-base-4.3.3-2build2 -Wdate-time -D_FORTIFY_SOURCE=3  -c devSVG.cpp -o devSVG.o
g++ -std=gnu++17 -I"/usr/share/R/include" -DNDEBUG  -I'/usr/local/lib/R/site-library/cpp11/include'     -fpic  -g -O2 -fno-omit-frame-pointer -mno-omit-leaf-frame-pointer -ffile-prefix-map=/build/r-base-FPSnzf/r-base-4.3.3=. -fstack-protector-strong -fstack-clash-protection -Wformat -Werror=format-security -fcf-protection -fdebug-prefix-map=/build/r-base-FPSnzf/r-base-4.3.3=/usr/src/r-base-4.3.3-2build2 -Wdate-time -D_FORTIFY_SOURCE=3  -c engine_version.cpp -o engine_version.o
g++ -std=gnu++17 -shared -L/usr/lib/R/lib -Wl,-Bsymbolic-functions -flto=auto -ffat-lto-objects -Wl,-z,relro -o vdiffr.so compare.o cpp11.o devSVG.o engine_version.o -lpng -lz -L/usr/lib/R/lib -lR
installing to /usr/local/lib/R/site-library/00LOCK-vdiffr/00new/vdiffr/libs
** R
** inst
** byte-compile and prepare package for lazy loading
** help
*** installing help indices
*** copying figures
** building package indices
** testing if installed package can be loaded from temporary location
** checking absolute paths in shared objects and dynamic libraries
** testing if installed package can be loaded from final location
** testing if installed package keeps a record of temporary installation path
* DONE (vdiffr)
* installing *source* package ‘dplyr’ ...
** package ‘dplyr’ successfully unpacked and MD5 sums checked
** using staged installation
** libs
using C++ compiler: ‘g++ (Ubuntu 13.3.0-6ubuntu2~24.04.1) 13.3.0’
g++ -std=gnu++17 -I"/usr/share/R/include" -DNDEBUG       -fpic  -g -O2 -fno-omit-frame-pointer -mno-omit-leaf-frame-pointer -ffile-prefix-map=/build/r-base-FPSnzf/r-base-4.3.3=. -fstack-protector-strong -fstack-clash-protection -Wformat -Werror=format-security -fcf-protection -fdebug-prefix-map=/build/r-base-FPSnzf/r-base-4.3.3=/usr/src/r-base-4.3.3-2build2 -Wdate-time -D_FORTIFY_SOURCE=3  -c chop.cpp -o chop.o
g++ -std=gnu++17 -I"/usr/share/R/include" -DNDEBUG       -fpic  -g -O2 -fno-omit-frame-pointer -mno-omit-leaf-frame-pointer -ffile-prefix-map=/build/r-base-FPSnzf/r-base-4.3.3=. -fstack-protector-strong -fstack-clash-protection -Wformat -Werror=format-security -fcf-protection -fdebug-prefix-map=/build/r-base-FPSnzf/r-base-4.3.3=/usr/src/r-base-4.3.3-2build2 -Wdate-time -D_FORTIFY_SOURCE=3  -c filter.cpp -o filter.o
g++ -std=gnu++17 -I"/usr/share/R/include" -DNDEBUG       -fpic  -g -O2 -fno-omit-frame-pointer -mno-omit-leaf-frame-pointer -ffile-prefix-map=/build/r-base-FPSnzf/r-base-4.3.3=. -fstack-protector-strong -fstack-clash-protection -Wformat -Werror=format-security -fcf-protection -fdebug-prefix-map=/build/r-base-FPSnzf/r-base-4.3.3=/usr/src/r-base-4.3.3-2build2 -Wdate-time -D_FORTIFY_SOURCE=3  -c funs.cpp -o funs.o
g++ -std=gnu++17 -I"/usr/share/R/include" -DNDEBUG       -fpic  -g -O2 -fno-omit-frame-pointer -mno-omit-leaf-frame-pointer -ffile-prefix-map=/build/r-base-FPSnzf/r-base-4.3.3=. -fstack-protector-strong -fstack-clash-protection -Wformat -Werror=format-security -fcf-protection -fdebug-prefix-map=/build/r-base-FPSnzf/r-base-4.3.3=/usr/src/r-base-4.3.3-2build2 -Wdate-time -D_FORTIFY_SOURCE=3  -c group_by.cpp -o group_by.o
g++ -std=gnu++17 -I"/usr/share/R/include" -DNDEBUG       -fpic  -g -O2 -fno-omit-frame-pointer -mno-omit-leaf-frame-pointer -ffile-prefix-map=/build/r-base-FPSnzf/r-base-4.3.3=. -fstack-protector-strong -fstack-clash-protection -Wformat -Werror=format-security -fcf-protection -fdebug-prefix-map=/build/r-base-FPSnzf/r-base-4.3.3=/usr/src/r-base-4.3.3-2build2 -Wdate-time -D_FORTIFY_SOURCE=3  -c group_data.cpp -o group_data.o
g++ -std=gnu++17 -I"/usr/share/R/include" -DNDEBUG       -fpic  -g -O2 -fno-omit-frame-pointer -mno-omit-leaf-frame-pointer -ffile-prefix-map=/build/r-base-FPSnzf/r-base-4.3.3=. -fstack-protector-strong -fstack-clash-protection -Wformat -Werror=format-security -fcf-protection -fdebug-prefix-map=/build/r-base-FPSnzf/r-base-4.3.3=/usr/src/r-base-4.3.3-2build2 -Wdate-time -D_FORTIFY_SOURCE=3  -c imports.cpp -o imports.o
g++ -std=gnu++17 -I"/usr/share/R/include" -DNDEBUG       -fpic  -g -O2 -fno-omit-frame-pointer -mno-omit-leaf-frame-pointer -ffile-prefix-map=/build/r-base-FPSnzf/r-base-4.3.3=. -fstack-protector-strong -fstack-clash-protection -Wformat -Werror=format-security -fcf-protection -fdebug-prefix-map=/build/r-base-FPSnzf/r-base-4.3.3=/usr/src/r-base-4.3.3-2build2 -Wdate-time -D_FORTIFY_SOURCE=3  -c init.cpp -o init.o
g++ -std=gnu++17 -I"/usr/share/R/include" -DNDEBUG       -fpic  -g -O2 -fno-omit-frame-pointer -mno-omit-leaf-frame-pointer -ffile-prefix-map=/build/r-base-FPSnzf/r-base-4.3.3=. -fstack-protector-strong -fstack-clash-protection -Wformat -Werror=format-security -fcf-protection -fdebug-prefix-map=/build/r-base-FPSnzf/r-base-4.3.3=/usr/src/r-base-4.3.3-2build2 -Wdate-time -D_FORTIFY_SOURCE=3  -c mask.cpp -o mask.o
g++ -std=gnu++17 -I"/usr/share/R/include" -DNDEBUG       -fpic  -g -O2 -fno-omit-frame-pointer -mno-omit-leaf-frame-pointer -ffile-prefix-map=/build/r-base-FPSnzf/r-base-4.3.3=. -fstack-protector-strong -fstack-clash-protection -Wformat -Werror=format-security -fcf-protection -fdebug-prefix-map=/build/r-base-FPSnzf/r-base-4.3.3=/usr/src/r-base-4.3.3-2build2 -Wdate-time -D_FORTIFY_SOURCE=3  -c mutate.cpp -o mutate.o
g++ -std=gnu++17 -I"/usr/share/R/include" -DNDEBUG       -fpic  -g -O2 -fno-omit-frame-pointer -mno-omit-leaf-frame-pointer -ffile-prefix-map=/build/r-base-FPSnzf/r-base-4.3.3=. -fstack-protector-strong -fstack-clash-protection -Wformat -Werror=format-security -fcf-protection -fdebug-prefix-map=/build/r-base-FPSnzf/r-base-4.3.3=/usr/src/r-base-4.3.3-2build2 -Wdate-time -D_FORTIFY_SOURCE=3  -c reconstruct.cpp -o reconstruct.o
g++ -std=gnu++17 -I"/usr/share/R/include" -DNDEBUG       -fpic  -g -O2 -fno-omit-frame-pointer -mno-omit-leaf-frame-pointer -ffile-prefix-map=/build/r-base-FPSnzf/r-base-4.3.3=. -fstack-protector-strong -fstack-clash-protection -Wformat -Werror=format-security -fcf-protection -fdebug-prefix-map=/build/r-base-FPSnzf/r-base-4.3.3=/usr/src/r-base-4.3.3-2build2 -Wdate-time -D_FORTIFY_SOURCE=3  -c slice.cpp -o slice.o
g++ -std=gnu++17 -I"/usr/share/R/include" -DNDEBUG       -fpic  -g -O2 -fno-omit-frame-pointer -mno-omit-leaf-frame-pointer -ffile-prefix-map=/build/r-base-FPSnzf/r-base-4.3.3=. -fstack-protector-strong -fstack-clash-protection -Wformat -Werror=format-security -fcf-protection -fdebug-prefix-map=/build/r-base-FPSnzf/r-base-4.3.3=/usr/src/r-base-4.3.3-2build2 -Wdate-time -D_FORTIFY_SOURCE=3  -c summarise.cpp -o summarise.o
g++ -std=gnu++17 -shared -L/usr/lib/R/lib -Wl,-Bsymbolic-functions -flto=auto -ffat-lto-objects -Wl,-z,relro -o dplyr.so chop.o filter.o funs.o group_by.o group_data.o imports.o init.o mask.o mutate.o reconstruct.o slice.o summarise.o -L/usr/lib/R/lib -lR
installing to /usr/local/lib/R/site-library/00LOCK-dplyr/00new/dplyr/libs
** R
** data
*** moving datasets to lazyload DB
** inst
** byte-compile and prepare package for lazy loading
** help
*** installing help indices
*** copying figures
** building package indices
** installing vignettes
** testing if installed package can be loaded from temporary location
** checking absolute paths in shared objects and dynamic libraries
** testing if installed package can be loaded from final location
** testing if installed package keeps a record of temporary installation path
* DONE (dplyr)
* installing *source* package ‘forcats’ ...
** package ‘forcats’ successfully unpacked and MD5 sums checked
** using staged installation
** R
** data
*** moving datasets to lazyload DB
** inst
** byte-compile and prepare package for lazy loading
** help
*** installing help indices
*** copying figures
** building package indices
** installing vignettes
** testing if installed package can be loaded from temporary location
** testing if installed package can be loaded from final location
** testing if installed package keeps a record of temporary installation path
* DONE (forcats)
* installing *source* package ‘ggplot2’ ...
** package ‘ggplot2’ successfully unpacked and MD5 sums checked
** using staged installation
** R
** data
*** moving datasets to lazyload DB
** inst
** byte-compile and prepare package for lazy loading
** help
*** installing help indices
*** copying figures
** building package indices
** installing vignettes
** testing if installed package can be loaded from temporary location
** testing if installed package can be loaded from final location
** testing if installed package keeps a record of temporary installation path
* DONE (ggplot2)
* installing *source* package ‘readr’ ...
** package ‘readr’ successfully unpacked and MD5 sums checked
** using staged installation
** libs
using C compiler: ‘gcc (Ubuntu 13.3.0-6ubuntu2~24.04.1) 13.3.0’
using C++ compiler: ‘g++ (Ubuntu 13.3.0-6ubuntu2~24.04.1) 13.3.0’
g++ -std=gnu++17 -I"/usr/share/R/include" -DNDEBUG  -I'/usr/local/lib/R/site-library/cpp11/include' -I'/usr/local/lib/R/site-library/tzdb/include'     -fpic  -g -O2 -fno-omit-frame-pointer -mno-omit-leaf-frame-pointer -ffile-prefix-map=/build/r-base-FPSnzf/r-base-4.3.3=. -fstack-protector-strong -fstack-clash-protection -Wformat -Werror=format-security -fcf-protection -fdebug-prefix-map=/build/r-base-FPSnzf/r-base-4.3.3=/usr/src/r-base-4.3.3-2build2 -Wdate-time -D_FORTIFY_SOURCE=3  -c Collector.cpp -o Collector.o
g++ -std=gnu++17 -I"/usr/share/R/include" -DNDEBUG  -I'/usr/local/lib/R/site-library/cpp11/include' -I'/usr/local/lib/R/site-library/tzdb/include'     -fpic  -g -O2 -fno-omit-frame-pointer -mno-omit-leaf-frame-pointer -ffile-prefix-map=/build/r-base-FPSnzf/r-base-4.3.3=. -fstack-protector-strong -fstack-clash-protection -Wformat -Werror=format-security -fcf-protection -fdebug-prefix-map=/build/r-base-FPSnzf/r-base-4.3.3=/usr/src/r-base-4.3.3-2build2 -Wdate-time -D_FORTIFY_SOURCE=3  -c CollectorGuess.cpp -o CollectorGuess.o
g++ -std=gnu++17 -I"/usr/share/R/include" -DNDEBUG  -I'/usr/local/lib/R/site-library/cpp11/include' -I'/usr/local/lib/R/site-library/tzdb/include'     -fpic  -g -O2 -fno-omit-frame-pointer -mno-omit-leaf-frame-pointer -ffile-prefix-map=/build/r-base-FPSnzf/r-base-4.3.3=. -fstack-protector-strong -fstack-clash-protection -Wformat -Werror=format-security -fcf-protection -fdebug-prefix-map=/build/r-base-FPSnzf/r-base-4.3.3=/usr/src/r-base-4.3.3-2build2 -Wdate-time -D_FORTIFY_SOURCE=3  -c Iconv.cpp -o Iconv.o
g++ -std=gnu++17 -I"/usr/share/R/include" -DNDEBUG  -I'/usr/local/lib/R/site-library/cpp11/include' -I'/usr/local/lib/R/site-library/tzdb/include'     -fpic  -g -O2 -fno-omit-frame-pointer -mno-omit-leaf-frame-pointer -ffile-prefix-map=/build/r-base-FPSnzf/r-base-4.3.3=. -fstack-protector-strong -fstack-clash-protection -Wformat -Werror=format-security -fcf-protection -fdebug-prefix-map=/build/r-base-FPSnzf/r-base-4.3.3=/usr/src/r-base-4.3.3-2build2 -Wdate-time -D_FORTIFY_SOURCE=3  -c LocaleInfo.cpp -o LocaleInfo.o
g++ -std=gnu++17 -I"/usr/share/R/include" -DNDEBUG  -I'/usr/local/lib/R/site-library/cpp11/include' -I'/usr/local/lib/R/site-library/tzdb/include'     -fpic  -g -O2 -fno-omit-frame-pointer -mno-omit-leaf-frame-pointer -ffile-prefix-map=/build/r-base-FPSnzf/r-base-4.3.3=. -fstack-protector-strong -fstack-clash-protection -Wformat -Werror=format-security -fcf-protection -fdebug-prefix-map=/build/r-base-FPSnzf/r-base-4.3.3=/usr/src/r-base-4.3.3-2build2 -Wdate-time -D_FORTIFY_SOURCE=3  -c Reader.cpp -o Reader.o
g++ -std=gnu++17 -I"/usr/share/R/include" -DNDEBUG  -I'/usr/local/lib/R/site-library/cpp11/include' -I'/usr/local/lib/R/site-library/tzdb/include'     -fpic  -g -O2 -fno-omit-frame-pointer -mno-omit-leaf-frame-pointer -ffile-prefix-map=/build/r-base-FPSnzf/r-base-4.3.3=. -fstack-protector-strong -fstack-clash-protection -Wformat -Werror=format-security -fcf-protection -fdebug-prefix-map=/build/r-base-FPSnzf/r-base-4.3.3=/usr/src/r-base-4.3.3-2build2 -Wdate-time -D_FORTIFY_SOURCE=3  -c Source.cpp -o Source.o
g++ -std=gnu++17 -I"/usr/share/R/include" -DNDEBUG  -I'/usr/local/lib/R/site-library/cpp11/include' -I'/usr/local/lib/R/site-library/tzdb/include'     -fpic  -g -O2 -fno-omit-frame-pointer -mno-omit-leaf-frame-pointer -ffile-prefix-map=/build/r-base-FPSnzf/r-base-4.3.3=. -fstack-protector-strong -fstack-clash-protection -Wformat -Werror=format-security -fcf-protection -fdebug-prefix-map=/build/r-base-FPSnzf/r-base-4.3.3=/usr/src/r-base-4.3.3-2build2 -Wdate-time -D_FORTIFY_SOURCE=3  -c Tokenizer.cpp -o Tokenizer.o
g++ -std=gnu++17 -I"/usr/share/R/include" -DNDEBUG  -I'/usr/local/lib/R/site-library/cpp11/include' -I'/usr/local/lib/R/site-library/tzdb/include'     -fpic  -g -O2 -fno-omit-frame-pointer -mno-omit-leaf-frame-pointer -ffile-prefix-map=/build/r-base-FPSnzf/r-base-4.3.3=. -fstack-protector-strong -fstack-clash-protection -Wformat -Werror=format-security -fcf-protection -fdebug-prefix-map=/build/r-base-FPSnzf/r-base-4.3.3=/usr/src/r-base-4.3.3-2build2 -Wdate-time -D_FORTIFY_SOURCE=3  -c TokenizerDelim.cpp -o TokenizerDelim.o
g++ -std=gnu++17 -I"/usr/share/R/include" -DNDEBUG  -I'/usr/local/lib/R/site-library/cpp11/include' -I'/usr/local/lib/R/site-library/tzdb/include'     -fpic  -g -O2 -fno-omit-frame-pointer -mno-omit-leaf-frame-pointer -ffile-prefix-map=/build/r-base-FPSnzf/r-base-4.3.3=. -fstack-protector-strong -fstack-clash-protection -Wformat -Werror=format-security -fcf-protection -fdebug-prefix-map=/build/r-base-FPSnzf/r-base-4.3.3=/usr/src/r-base-4.3.3-2build2 -Wdate-time -D_FORTIFY_SOURCE=3  -c TokenizerFwf.cpp -o TokenizerFwf.o
g++ -std=gnu++17 -I"/usr/share/R/include" -DNDEBUG  -I'/usr/local/lib/R/site-library/cpp11/include' -I'/usr/local/lib/R/site-library/tzdb/include'     -fpic  -g -O2 -fno-omit-frame-pointer -mno-omit-leaf-frame-pointer -ffile-prefix-map=/build/r-base-FPSnzf/r-base-4.3.3=. -fstack-protector-strong -fstack-clash-protection -Wformat -Werror=format-security -fcf-protection -fdebug-prefix-map=/build/r-base-FPSnzf/r-base-4.3.3=/usr/src/r-base-4.3.3-2build2 -Wdate-time -D_FORTIFY_SOURCE=3  -c TokenizerWs.cpp -o TokenizerWs.o
g++ -std=gnu++17 -I"/usr/share/R/include" -DNDEBUG  -I'/usr/local/lib/R/site-library/cpp11/include' -I'/usr/local/lib/R/site-library/tzdb/include'     -fpic  -g -O2 -fno-omit-frame-pointer -mno-omit-leaf-frame-pointer -ffile-prefix-map=/build/r-base-FPSnzf/r-base-4.3.3=. -fstack-protector-strong -fstack-clash-protection -Wformat -Werror=format-security -fcf-protection -fdebug-prefix-map=/build/r-base-FPSnzf/r-base-4.3.3=/usr/src/r-base-4.3.3-2build2 -Wdate-time -D_FORTIFY_SOURCE=3  -c connection.cpp -o connection.o
g++ -std=gnu++17 -I"/usr/share/R/include" -DNDEBUG  -I'/usr/local/lib/R/site-library/cpp11/include' -I'/usr/local/lib/R/site-library/tzdb/include'     -fpic  -g -O2 -fno-omit-frame-pointer -mno-omit-leaf-frame-pointer -ffile-prefix-map=/build/r-base-FPSnzf/r-base-4.3.3=. -fstack-protector-strong -fstack-clash-protection -Wformat -Werror=format-security -fcf-protection -fdebug-prefix-map=/build/r-base-FPSnzf/r-base-4.3.3=/usr/src/r-base-4.3.3-2build2 -Wdate-time -D_FORTIFY_SOURCE=3  -c cpp11.cpp -o cpp11.o
g++ -std=gnu++17 -I"/usr/share/R/include" -DNDEBUG  -I'/usr/local/lib/R/site-library/cpp11/include' -I'/usr/local/lib/R/site-library/tzdb/include'     -fpic  -g -O2 -fno-omit-frame-pointer -mno-omit-leaf-frame-pointer -ffile-prefix-map=/build/r-base-FPSnzf/r-base-4.3.3=. -fstack-protector-strong -fstack-clash-protection -Wformat -Werror=format-security -fcf-protection -fdebug-prefix-map=/build/r-base-FPSnzf/r-base-4.3.3=/usr/src/r-base-4.3.3-2build2 -Wdate-time -D_FORTIFY_SOURCE=3  -c datetime.cpp -o datetime.o
gcc -I"/usr/share/R/include" -DNDEBUG  -I'/usr/local/lib/R/site-library/cpp11/include' -I'/usr/local/lib/R/site-library/tzdb/include'     -fpic  -g -O2 -fno-omit-frame-pointer -mno-omit-leaf-frame-pointer -ffile-prefix-map=/build/r-base-FPSnzf/r-base-4.3.3=. -fstack-protector-strong -fstack-clash-protection -Wformat -Werror=format-security -fcf-protection -fdebug-prefix-map=/build/r-base-FPSnzf/r-base-4.3.3=/usr/src/r-base-4.3.3-2build2 -Wdate-time -D_FORTIFY_SOURCE=3  -c grisu3.c -o grisu3.o
gcc -I"/usr/share/R/include" -DNDEBUG  -I'/usr/local/lib/R/site-library/cpp11/include' -I'/usr/local/lib/R/site-library/tzdb/include'     -fpic  -g -O2 -fno-omit-frame-pointer -mno-omit-leaf-frame-pointer -ffile-prefix-map=/build/r-base-FPSnzf/r-base-4.3.3=. -fstack-protector-strong -fstack-clash-protection -Wformat -Werror=format-security -fcf-protection -fdebug-prefix-map=/build/r-base-FPSnzf/r-base-4.3.3=/usr/src/r-base-4.3.3-2build2 -Wdate-time -D_FORTIFY_SOURCE=3  -c init.c -o init.o
g++ -std=gnu++17 -I"/usr/share/R/include" -DNDEBUG  -I'/usr/local/lib/R/site-library/cpp11/include' -I'/usr/local/lib/R/site-library/tzdb/include'     -fpic  -g -O2 -fno-omit-frame-pointer -mno-omit-leaf-frame-pointer -ffile-prefix-map=/build/r-base-FPSnzf/r-base-4.3.3=. -fstack-protector-strong -fstack-clash-protection -Wformat -Werror=format-security -fcf-protection -fdebug-prefix-map=/build/r-base-FPSnzf/r-base-4.3.3=/usr/src/r-base-4.3.3-2build2 -Wdate-time -D_FORTIFY_SOURCE=3  -c parse.cpp -o parse.o
g++ -std=gnu++17 -I"/usr/share/R/include" -DNDEBUG  -I'/usr/local/lib/R/site-library/cpp11/include' -I'/usr/local/lib/R/site-library/tzdb/include'     -fpic  -g -O2 -fno-omit-frame-pointer -mno-omit-leaf-frame-pointer -ffile-prefix-map=/build/r-base-FPSnzf/r-base-4.3.3=. -fstack-protector-strong -fstack-clash-protection -Wformat -Werror=format-security -fcf-protection -fdebug-prefix-map=/build/r-base-FPSnzf/r-base-4.3.3=/usr/src/r-base-4.3.3-2build2 -Wdate-time -D_FORTIFY_SOURCE=3  -c read.cpp -o read.o
g++ -std=gnu++17 -I"/usr/share/R/include" -DNDEBUG  -I'/usr/local/lib/R/site-library/cpp11/include' -I'/usr/local/lib/R/site-library/tzdb/include'     -fpic  -g -O2 -fno-omit-frame-pointer -mno-omit-leaf-frame-pointer -ffile-prefix-map=/build/r-base-FPSnzf/r-base-4.3.3=. -fstack-protector-strong -fstack-clash-protection -Wformat -Werror=format-security -fcf-protection -fdebug-prefix-map=/build/r-base-FPSnzf/r-base-4.3.3=/usr/src/r-base-4.3.3-2build2 -Wdate-time -D_FORTIFY_SOURCE=3  -c type_convert.cpp -o type_convert.o
g++ -std=gnu++17 -I"/usr/share/R/include" -DNDEBUG  -I'/usr/local/lib/R/site-library/cpp11/include' -I'/usr/local/lib/R/site-library/tzdb/include'     -fpic  -g -O2 -fno-omit-frame-pointer -mno-omit-leaf-frame-pointer -ffile-prefix-map=/build/r-base-FPSnzf/r-base-4.3.3=. -fstack-protector-strong -fstack-clash-protection -Wformat -Werror=format-security -fcf-protection -fdebug-prefix-map=/build/r-base-FPSnzf/r-base-4.3.3=/usr/src/r-base-4.3.3-2build2 -Wdate-time -D_FORTIFY_SOURCE=3  -c write.cpp -o write.o
g++ -std=gnu++17 -I"/usr/share/R/include" -DNDEBUG  -I'/usr/local/lib/R/site-library/cpp11/include' -I'/usr/local/lib/R/site-library/tzdb/include'     -fpic  -g -O2 -fno-omit-frame-pointer -mno-omit-leaf-frame-pointer -ffile-prefix-map=/build/r-base-FPSnzf/r-base-4.3.3=. -fstack-protector-strong -fstack-clash-protection -Wformat -Werror=format-security -fcf-protection -fdebug-prefix-map=/build/r-base-FPSnzf/r-base-4.3.3=/usr/src/r-base-4.3.3-2build2 -Wdate-time -D_FORTIFY_SOURCE=3  -c write_delim.cpp -o write_delim.o
g++ -std=gnu++17 -shared -L/usr/lib/R/lib -Wl,-Bsymbolic-functions -flto=auto -ffat-lto-objects -Wl,-z,relro -o readr.so Collector.o CollectorGuess.o Iconv.o LocaleInfo.o Reader.o Source.o Tokenizer.o TokenizerDelim.o TokenizerFwf.o TokenizerWs.o connection.o cpp11.o datetime.o grisu3.o init.o parse.o read.o type_convert.o write.o write_delim.o -L/usr/lib/R/lib -lR
installing to /usr/local/lib/R/site-library/00LOCK-readr/00new/readr/libs
** R
** inst
** byte-compile and prepare package for lazy loading
** help
*** installing help indices
*** copying figures
** building package indices
** installing vignettes
** testing if installed package can be loaded from temporary location
** checking absolute paths in shared objects and dynamic libraries
** testing if installed package can be loaded from final location
